#2016.08.28 ap. J.-C. at 16:31:44 CEST
# player.x player.y time target.x target.y target.r insideTarget?
965 197 1472394704437 720 800 20 0
965 197 1472394704466 720 800 20 0
965 197 1472394704494 720 800 20 0
965 197 1472394704527 720 800 20 0
965 197 1472394704556 720 800 20 0
965 197 1472394704584 720 800 20 0
965 197 1472394704618 720 800 20 0
965 197 1472394704646 720 800 20 0
965 197 1472394704674 720 800 20 0
965 197 1472394704708 720 800 20 0
965 197 1472394704736 720 800 20 0
965 197 1472394704765 720 800 20 0
965 197 1472394704798 720 800 20 0
965 197 1472394704827 720 800 20 0
965 197 1472394704855 720 800 20 0
965 197 1472394704884 720 800 20 0
965 197 1472394704917 720 800 20 0
965 197 1472394704945 720 800 20 0
965 197 1472394704974 720 800 20 0
965 197 1472394705007 720 800 20 0
965 197 1472394705036 720 800 20 0
965 197 1472394705064 720 800 20 0
965 197 1472394705097 720 800 20 0
965 197 1472394705126 720 800 20 0
965 197 1472394705154 720 800 20 0
965 197 1472394705188 720 800 20 0
965 197 1472394705216 720 800 20 0
965 197 1472394705245 720 800 20 0
965 197 1472394705278 720 800 20 0
965 197 1472394705307 720 800 20 0
965 197 1472394705335 720 800 20 0
965 197 1472394705364 720 800 20 0
965 197 1472394705397 720 800 20 0
965 197 1472394705426 720 800 20 0
965 197 1472394705454 720 800 20 0
965 197 1472394705488 720 800 20 0
965 197 1472394705516 720 800 20 0
965 197 1472394705545 720 800 20 0
965 197 1472394705578 720 800 20 0
965 197 1472394705606 720 800 20 0
965 197 1472394705635 720 800 20 0
965 197 1472394705666 720 800 20 0
953 195 1472394705700 720 800 20 0
925 188 1472394705724 720 800 20 0
867 179 1472394705754 720 800 20 0
794 171 1472394705784 720 800 20 0
732 166 1472394705814 720 800 20 0
631 160 1472394705844 720 800 20 0
529 157 1472394705874 720 800 20 0
432 160 1472394705904 720 800 20 0
382 169 1472394705934 720 800 20 0
382 169 1472394705964 720 800 20 0
382 169 1472394705994 720 800 20 0
382 169 1472394706024 720 800 20 0
382 169 1472394706054 720 800 20 0
382 169 1472394706084 720 800 20 0
382 169 1472394706114 720 800 20 0
382 169 1472394706144 720 800 20 0
382 169 1472394706174 720 800 20 0
382 169 1472394706204 720 800 20 0
382 169 1472394706234 720 800 20 0
382 169 1472394706264 720 800 20 0
382 169 1472394706294 720 800 20 0
595 172 1472394706324 720 800 20 0
695 163 1472394706354 720 800 20 0
825 152 1472394706384 720 800 20 0
965 141 1472394706414 720 800 20 0
1116 130 1472394706444 720 800 20 0
1221 125 1472394706474 720 800 20 0
1378 121 1472394706504 720 800 20 0
1537 120 1472394706534 720 800 20 0
1679 121 1472394706564 720 800 20 0
1679 125 1472394706594 720 800 20 0
1679 134 1472394706624 720 800 20 0
1679 143 1472394706654 720 800 20 0
1679 149 1472394706684 720 800 20 0
1679 149 1472394706714 720 800 20 0
1679 149 1472394706744 720 800 20 0
1679 149 1472394706774 720 800 20 0
1679 149 1472394706804 720 800 20 0
1679 149 1472394706834 720 800 20 0
1679 149 1472394706864 720 800 20 0
1679 149 1472394706894 720 800 20 0
1679 149 1472394706924 720 800 20 0
1679 149 1472394706954 720 800 20 0
1679 149 1472394706984 720 800 20 0
1679 149 1472394707014 720 800 20 0
1679 149 1472394707044 720 800 20 0
1679 149 1472394707074 720 800 20 0
1679 149 1472394707104 720 800 20 0
1679 149 1472394707134 720 800 20 0
1679 149 1472394707164 720 800 20 0
1679 149 1472394707194 720 800 20 0
1679 149 1472394707224 720 800 20 0
1679 149 1472394707254 720 800 20 0
1679 149 1472394707284 720 800 20 0
1679 149 1472394707314 720 800 20 0
1679 149 1472394707344 720 800 20 0
1679 149 1472394707374 720 800 20 0
1679 149 1472394707404 720 800 20 0
1679 149 1472394707434 720 800 20 0
1679 149 1472394707464 720 800 20 0
1679 149 1472394707494 720 800 20 0
1679 149 1472394707524 720 800 20 0
1679 149 1472394707554 720 800 20 0
1679 149 1472394707584 720 800 20 0
1679 149 1472394707614 720 800 20 0
1679 149 1472394707644 720 800 20 0
1679 149 1472394707674 720 800 20 0
1679 149 1472394707704 720 800 20 0
1679 149 1472394707734 720 800 20 0
1679 149 1472394707764 720 800 20 0
1424 196 1472394707794 720 800 20 0
1374 191 1472394707824 720 800 20 0
1265 183 1472394707854 720 800 20 0
1144 176 1472394707884 720 800 20 0
1021 171 1472394707914 720 800 20 0
897 167 1472394707944 720 800 20 0
815 165 1472394707974 720 800 20 0
687 165 1472394708004 720 800 20 0
560 167 1472394708034 720 800 20 0
442 169 1472394708064 720 800 20 0
367 172 1472394708094 720 800 20 0
263 178 1472394708124 720 800 20 0
173 185 1472394708154 720 800 20 0
95 191 1472394708184 720 800 20 0
31 197 1472394708214 720 800 20 0
10 202 1472394708244 720 800 20 0
8 203 1472394708274 720 800 20 0
8 198 1472394708304 720 800 20 0
8 198 1472394708334 720 800 20 0
8 198 1472394708364 720 800 20 0
8 198 1472394708394 720 800 20 0
8 198 1472394708424 720 800 20 0
8 198 1472394708454 720 800 20 0
8 198 1472394708484 720 800 20 0
8 198 1472394708514 720 800 20 0
8 198 1472394708544 720 800 20 0
8 198 1472394708574 720 800 20 0
8 198 1472394708604 720 800 20 0
8 198 1472394708634 720 800 20 0
8 198 1472394708664 720 800 20 0
8 198 1472394708694 720 800 20 0
8 198 1472394708724 720 800 20 0
8 198 1472394708754 720 800 20 0
8 198 1472394708784 720 800 20 0
8 198 1472394708814 720 800 20 0
8 198 1472394708844 720 800 20 0
8 198 1472394708874 720 800 20 0
8 198 1472394708904 720 800 20 0
8 198 1472394708934 720 800 20 0
8 198 1472394708964 720 800 20 0
8 198 1472394708994 720 800 20 0
8 198 1472394709024 720 800 20 0
8 198 1472394709054 720 800 20 0
8 198 1472394709084 720 800 20 0
8 198 1472394709114 720 800 20 0
90 189 1472394709144 720 800 20 0
155 180 1472394709174 720 800 20 0
240 170 1472394709204 720 800 20 0
303 162 1472394709234 720 800 20 0
404 150 1472394709264 720 800 20 0
511 140 1472394709294 720 800 20 0
628 130 1472394709324 720 800 20 0
756 123 1472394709354 720 800 20 0
884 116 1472394709384 720 800 20 0
969 113 1472394709414 720 800 20 0
1096 113 1472394709444 720 800 20 0
1217 116 1472394709474 720 800 20 0
1328 124 1472394709504 720 800 20 0
1393 131 1472394709534 720 800 20 0
1476 143 1472394709564 720 800 20 0
1547 157 1472394709594 720 800 20 0
1600 171 1472394709624 720 800 20 0
1644 182 1472394709654 720 800 20 0
1679 190 1472394709684 720 800 20 0
1679 196 1472394709714 720 800 20 0
1679 204 1472394709744 720 800 20 0
1679 209 1472394709774 720 800 20 0
1679 210 1472394709804 720 800 20 0
1679 211 1472394709834 720 800 20 0
1679 211 1472394709864 720 800 20 0
1679 212 1472394709894 720 800 20 0
1679 213 1472394709924 720 800 20 0
1679 211 1472394709954 720 800 20 0
1679 210 1472394709984 720 800 20 0
1679 208 1472394710014 720 800 20 0
1679 208 1472394710044 720 800 20 0
1679 208 1472394710074 720 800 20 0
1679 208 1472394710104 720 800 20 0
1679 208 1472394710134 720 800 20 0
1679 208 1472394710164 720 800 20 0
1679 208 1472394710194 720 800 20 0
1679 208 1472394710224 720 800 20 0
1679 208 1472394710254 720 800 20 0
1664 206 1472394710284 720 800 20 0
1603 199 1472394710314 720 800 20 0
1529 193 1472394710344 720 800 20 0
1471 188 1472394710374 720 800 20 0
1371 178 1472394710404 720 800 20 0
1263 169 1472394710434 720 800 20 0
1148 161 1472394710464 720 800 20 0
1020 157 1472394710494 720 800 20 0
885 158 1472394710524 720 800 20 0
795 162 1472394710554 720 800 20 0
665 170 1472394710584 720 800 20 0
536 182 1472394710614 720 800 20 0
409 199 1472394710644 720 800 20 0
292 219 1472394710674 720 800 20 0
189 237 1472394710704 720 800 20 0
129 249 1472394710734 720 800 20 0
53 264 1472394710764 720 800 20 0
6 279 1472394710794 720 800 20 0
0 289 1472394710824 720 800 20 0
0 288 1472394710854 720 800 20 0
0 281 1472394710884 720 800 20 0
0 281 1472394710914 720 800 20 0
0 281 1472394710944 720 800 20 0
0 281 1472394710974 720 800 20 0
0 281 1472394711004 720 800 20 0
0 281 1472394711034 720 800 20 0
0 281 1472394711064 720 800 20 0
0 281 1472394711094 720 800 20 0
0 281 1472394711124 720 800 20 0
0 281 1472394711154 720 800 20 0
0 281 1472394711184 720 800 20 0
0 281 1472394711214 720 800 20 0
0 281 1472394711244 720 800 20 0
0 281 1472394711274 720 800 20 0
6 269 1472394711304 720 800 20 0
42 257 1472394711334 720 800 20 0
93 243 1472394711364 720 800 20 0
135 234 1472394711394 720 800 20 0
199 225 1472394711424 720 800 20 0
263 219 1472394711454 720 800 20 0
328 208 1472394711484 720 800 20 0
389 190 1472394711514 720 800 20 0
438 167 1472394711544 720 800 20 0
462 148 1472394711574 720 800 20 0
487 114 1472394711604 720 800 20 0
500 75 1472394711634 720 800 20 0
507 29 1472394711664 720 800 20 0
511 1 1472394711694 720 800 20 0
513 1 1472394711724 720 800 20 0
511 1 1472394711754 720 800 20 0
505 1 1472394711784 720 800 20 0
499 1 1472394711814 720 800 20 0
493 1 1472394711844 720 800 20 0
490 1 1472394711874 720 800 20 0
485 1 1472394711904 720 800 20 0
476 1 1472394711934 720 800 20 0
468 1 1472394711964 720 800 20 0
465 1 1472394711994 720 800 20 0
464 1 1472394712024 720 800 20 0
463 1 1472394712054 720 800 20 0
463 1 1472394712084 720 800 20 0
464 1 1472394712114 720 800 20 0
468 1 1472394712144 720 800 20 0
471 1 1472394712174 720 800 20 0
473 1 1472394712204 720 800 20 0
473 1 1472394712234 720 800 20 0
473 1 1472394712264 720 800 20 0
473 1 1472394712294 720 800 20 0
473 1 1472394712324 720 800 20 0
473 1 1472394712354 720 800 20 0
473 1 1472394712384 720 800 20 0
473 1 1472394712414 720 800 20 0
473 1 1472394712444 720 800 20 0
473 1 1472394712474 720 800 20 0
473 1 1472394712504 720 800 20 0
473 1 1472394712534 720 800 20 0
473 1 1472394712564 720 800 20 0
473 1 1472394712594 720 800 20 0
473 1 1472394712624 720 800 20 0
473 1 1472394712654 720 800 20 0
473 1 1472394712684 720 800 20 0
473 1 1472394712714 720 800 20 0
471 70 1472394712744 720 800 20 0
468 130 1472394712774 720 800 20 0
468 190 1472394712804 720 800 20 0
472 230 1472394712834 720 800 20 0
480 293 1472394712864 720 800 20 0
486 356 1472394712894 720 800 20 0
490 419 1472394712924 720 800 20 0
492 460 1472394712954 720 800 20 0
495 523 1472394712984 720 800 20 0
497 587 1472394713014 720 800 20 0
500 653 1472394713044 720 800 20 0
501 719 1472394713074 720 800 20 0
503 785 1472394713104 720 800 20 0
503 828 1472394713134 720 800 20 0
503 895 1472394713164 720 800 20 0
503 960 1472394713194 720 800 20 0
505 1021 1472394713224 720 800 20 0
505 1050 1472394713254 720 800 20 0
502 1050 1472394713284 720 800 20 0
500 1050 1472394713314 720 800 20 0
500 1050 1472394713344 720 800 20 0
500 1050 1472394713374 720 800 20 0
500 1050 1472394713404 720 800 20 0
500 1050 1472394713434 720 800 20 0
500 1050 1472394713464 720 800 20 0
500 1050 1472394713494 720 800 20 0
500 1050 1472394713524 720 800 20 0
500 1050 1472394713554 720 800 20 0
500 1050 1472394713584 720 800 20 0
500 1050 1472394713614 720 800 20 0
500 1050 1472394713644 720 800 20 0
500 1050 1472394713674 720 800 20 0
500 1050 1472394713704 720 800 20 0
500 1050 1472394713734 720 800 20 0
500 1050 1472394713764 720 800 20 0
500 1050 1472394713794 720 800 20 0
506 1050 1472394713824 720 800 20 0
499 1038 1472394713854 720 800 20 0
491 1000 1472394713884 720 800 20 0
490 972 1472394713914 720 800 20 0
491 932 1472394713945 720 800 20 0
492 893 1472394713974 720 800 20 0
488 854 1472394714004 720 800 20 0
483 810 1472394714034 720 800 20 0
481 766 1472394714064 720 800 20 0
480 738 1472394714094 720 800 20 0
478 698 1472394714124 720 800 20 0
476 659 1472394714154 720 800 20 0
474 622 1472394714184 720 800 20 0
469 591 1472394714214 720 800 20 0
461 568 1472394714244 720 800 20 0
453 556 1472394714274 720 800 20 0
439 537 1472394714304 720 800 20 0
424 522 1472394714334 720 800 20 0
407 511 1472394714364 720 800 20 0
393 506 1472394714394 720 800 20 0
370 500 1472394714424 720 800 20 0
345 492 1472394714454 720 800 20 0
320 479 1472394714484 720 800 20 0
300 464 1472394714514 720 800 20 0
288 446 1472394714544 720 800 20 0
284 432 1472394714574 720 800 20 0
285 405 1472394714604 720 800 20 0
296 371 1472394714634 720 800 20 0
320 333 1472394714664 720 800 20 0
342 312 1472394714694 720 800 20 0
382 288 1472394714724 720 800 20 0
425 275 1472394714754 720 800 20 0
465 273 1472394714784 720 800 20 0
499 280 1472394714814 720 800 20 0
526 294 1472394714844 720 800 20 0
542 306 1472394714874 720 800 20 0
560 330 1472394714904 720 800 20 0
569 357 1472394714934 720 800 20 0
573 385 1472394714964 720 800 20 0
573 414 1472394714994 720 800 20 0
568 442 1472394715024 720 800 20 0
563 462 1472394715054 720 800 20 0
551 494 1472394715084 720 800 20 0
535 526 1472394715114 720 800 20 0
517 554 1472394715144 720 800 20 0
507 569 1472394715174 720 800 20 0
494 589 1472394715204 720 800 20 0
485 605 1472394715234 720 800 20 0
479 616 1472394715264 720 800 20 0
477 622 1472394715294 720 800 20 0
476 624 1472394715324 720 800 20 0
476 624 1472394715354 720 800 20 0
475 623 1472394715384 720 800 20 0
476 622 1472394715414 720 800 20 0
477 622 1472394715444 720 800 20 0
479 621 1472394715474 720 800 20 0
481 619 1472394715504 720 800 20 0
484 618 1472394715534 720 800 20 0
489 617 1472394715564 720 800 20 0
492 615 1472394715594 720 800 20 0
492 610 1472394715624 720 800 20 0
490 606 1472394715654 720 800 20 0
490 606 1472394715684 720 800 20 0
493 606 1472394715714 720 800 20 0
497 608 1472394715744 720 800 20 0
498 611 1472394715774 720 800 20 0
498 615 1472394715804 720 800 20 0
497 619 1472394715834 720 800 20 0
500 623 1472394715864 720 800 20 0
508 622 1472394715894 720 800 20 0
513 618 1472394715924 720 800 20 0
513 613 1472394715954 720 800 20 0
514 607 1472394715984 720 800 20 0
514 604 1472394716014 720 800 20 0
512 601 1472394716044 720 800 20 0
510 599 1472394716074 720 800 20 0
510 598 1472394716104 720 800 20 0
509 596 1472394716134 720 800 20 0
507 595 1472394716164 720 800 20 0
506 594 1472394716194 720 800 20 0
504 592 1472394716224 720 800 20 0
504 587 1472394716254 720 800 20 0
507 575 1472394716284 720 800 20 0
508 560 1472394716314 720 800 20 0
509 527 1472394716344 720 800 20 0
505 485 1472394716374 720 800 20 0
499 433 1472394716404 720 800 20 0
494 392 1472394716434 720 800 20 0
486 322 1472394716464 720 800 20 0
481 242 1472394716494 720 800 20 0
483 161 1472394716524 720 800 20 0
489 84 1472394716554 720 800 20 0
492 13 1472394716584 720 800 20 0
493 1 1472394716614 720 800 20 0
491 1 1472394716644 720 800 20 0
486 1 1472394716674 720 800 20 0
486 1 1472394716704 720 800 20 0
486 1 1472394716734 720 800 20 0
486 1 1472394716764 720 800 20 0
486 1 1472394716794 720 800 20 0
486 1 1472394716824 720 800 20 0
486 1 1472394716854 720 800 20 0
486 1 1472394716884 720 800 20 0
486 1 1472394716914 720 800 20 0
486 1 1472394716944 720 800 20 0
486 1 1472394716974 720 800 20 0
486 1 1472394717004 720 800 20 0
486 1 1472394717034 720 800 20 0
486 1 1472394717064 720 800 20 0
486 1 1472394717094 720 800 20 0
486 1 1472394717124 720 800 20 0
486 1 1472394717154 720 800 20 0
486 1 1472394717184 720 800 20 0
460 35 1472394717214 720 800 20 0
458 69 1472394717244 720 800 20 0
455 114 1472394717274 720 800 20 0
452 186 1472394717304 720 800 20 0
456 260 1472394717334 720 800 20 0
465 335 1472394717364 720 800 20 0
472 413 1472394717394 720 800 20 0
473 496 1472394717424 720 800 20 0
473 553 1472394717454 720 800 20 0
476 635 1472394717484 720 800 20 0
482 718 1472394717514 720 800 20 0
484 806 1472394717544 720 800 20 0
483 893 1472394717574 720 800 20 0
482 977 1472394717604 720 800 20 0
484 1024 1472394717634 720 800 20 0
492 1050 1472394717664 720 800 20 0
493 1050 1472394717694 720 800 20 0
493 1050 1472394717724 720 800 20 0
493 1050 1472394717754 720 800 20 0
493 1050 1472394717784 720 800 20 0
493 1050 1472394717814 720 800 20 0
493 1050 1472394717844 720 800 20 0
493 1050 1472394717874 720 800 20 0
493 1050 1472394717904 720 800 20 0
493 1050 1472394717934 720 800 20 0
493 1050 1472394717964 720 800 20 0
493 1050 1472394717995 720 800 20 0
493 1050 1472394718024 720 800 20 0
493 1050 1472394718054 720 800 20 0
493 1050 1472394718084 720 800 20 0
493 1050 1472394718114 720 800 20 0
493 1050 1472394718144 720 800 20 0
493 1050 1472394718174 720 800 20 0
493 1050 1472394718204 720 800 20 0
493 1050 1472394718234 720 800 20 0
493 1050 1472394718264 720 800 20 0
493 1050 1472394718294 720 800 20 0
480 1050 1472394718324 720 800 20 0
480 1050 1472394718354 720 800 20 0
480 1050 1472394718384 720 800 20 0
480 1050 1472394718414 720 800 20 0
448 891 1472394718444 720 800 20 0
436 849 1472394718474 720 800 20 0
432 795 1472394718504 720 800 20 0
434 757 1472394718534 720 800 20 0
435 704 1472394718564 720 800 20 0
429 657 1472394718594 720 800 20 0
429 613 1472394718624 720 800 20 0
432 579 1472394718654 720 800 20 0
433 557 1472394718684 720 800 20 0
433 550 1472394718714 720 800 20 0
431 546 1472394718744 720 800 20 0
431 546 1472394718774 720 800 20 0
430 550 1472394718804 720 800 20 0
428 553 1472394718834 720 800 20 0
426 554 1472394718864 720 800 20 0
423 554 1472394718894 720 800 20 0
421 553 1472394718924 720 800 20 0
418 550 1472394718954 720 800 20 0
413 548 1472394718984 720 800 20 0
411 547 1472394719014 720 800 20 0
410 547 1472394719044 720 800 20 0
411 547 1472394719074 720 800 20 0
415 549 1472394719104 720 800 20 0
427 551 1472394719134 720 800 20 0
444 552 1472394719164 720 800 20 0
456 553 1472394719194 720 800 20 0
479 557 1472394719224 720 800 20 0
500 563 1472394719254 720 800 20 0
521 574 1472394719284 720 800 20 0
543 586 1472394719314 720 800 20 0
568 599 1472394719344 720 800 20 0
583 608 1472394719374 720 800 20 0
602 623 1472394719404 720 800 20 0
618 638 1472394719434 720 800 20 0
632 653 1472394719464 720 800 20 0
643 668 1472394719494 720 800 20 0
655 685 1472394719524 720 800 20 0
663 695 1472394719554 720 800 20 0
676 710 1472394719584 720 800 20 0
690 722 1472394719614 720 800 20 0
703 734 1472394719644 720 800 20 0
711 744 1472394719674 720 800 20 0
715 750 1472394719704 720 800 20 0
719 754 1472394719734 720 800 20 0
724 758 1472394719764 720 800 20 0
727 761 1472394719794 720 800 20 0
728 762 1472394719824 720 800 20 0
727 762 1472394719854 720 800 20 0
726 762 1472394719884 720 800 20 0
725 763 1472394719914 720 800 20 0
723 769 1472394719944 720 800 20 0
722 773 1472394719974 720 800 20 0
720 777 1472394720004 720 800 20 0
720 778 1472394720034 720 800 20 0
721 781 1472394720064 720 800 20 0
722 784 1472394720094 720 800 20 0
723 788 1472394720124 720 800 20 0
723 790 1472394720154 720 800 20 0
723 790 1472394720184 720 800 20 0
723 790 1472394720214 720 800 20 0
723 791 1472394720244 720 800 20 1
724 791 1472394720274 720 800 20 1
724 791 1472394720304 720 800 20 1
725 793 1472394720334 720 800 20 1
726 795 1472394720364 720 800 20 1
727 796 1472394720394 720 800 20 1
727 797 1472394720424 720 800 20 1
728 798 1472394720454 720 800 20 1
728 799 1472394720484 720 800 20 1
728 799 1472394720514 720 800 20 1
728 798 1472394720544 720 800 20 1
728 798 1472394720574 720 800 20 1
727 798 1472394720604 720 800 20 1
727 798 1472394720634 720 800 20 1
727 798 1472394720664 720 800 20 1
727 798 1472394720694 720 800 20 1
727 798 1472394720724 720 800 20 1
727 798 1472394720754 720 800 20 1
727 797 1472394720784 720 800 20 1
727 797 1472394720814 720 800 20 1
727 797 1472394720844 720 800 20 1
727 797 1472394720874 720 800 20 1
727 797 1472394720904 720 800 20 1
727 797 1472394720934 720 800 20 1
727 797 1472394720964 720 800 20 1
727 797 1472394720994 720 800 20 1
727 797 1472394721024 720 800 20 1
727 796 1472394721054 720 800 20 1
727 796 1472394721084 720 800 20 1
727 796 1472394721114 720 800 20 1
727 796 1472394721144 720 800 20 1
727 796 1472394721174 720 800 20 1
727 796 1472394721204 720 800 20 1
727 796 1472394721234 720 800 20 1
727 796 1472394721264 20 800 52 0
727 795 1472394721294 20 800 52 0
728 795 1472394721324 20 800 52 0
728 795 1472394721354 20 800 52 0
728 795 1472394721384 20 800 52 0
728 795 1472394721414 20 800 52 0
729 795 1472394721444 20 800 52 0
729 795 1472394721474 20 800 52 0
729 795 1472394721504 20 800 52 0
729 792 1472394721534 20 800 52 0
726 783 1472394721564 20 800 52 0
721 775 1472394721594 20 800 52 0
712 767 1472394721624 20 800 52 0
702 756 1472394721654 20 800 52 0
678 732 1472394721684 20 800 52 0
642 712 1472394721714 20 800 52 0
601 703 1472394721744 20 800 52 0
573 700 1472394721774 20 800 52 0
527 703 1472394721804 20 800 52 0
478 715 1472394721834 20 800 52 0
434 736 1472394721864 20 800 52 0
400 758 1472394721894 20 800 52 0
380 776 1472394721924 20 800 52 0
372 784 1472394721954 20 800 52 0
368 790 1472394721984 20 800 52 0
367 794 1472394722014 20 800 52 0
364 800 1472394722044 20 800 52 0
356 807 1472394722074 20 800 52 0
341 811 1472394722104 20 800 52 0
328 812 1472394722134 20 800 52 0
313 812 1472394722164 20 800 52 0
301 812 1472394722194 20 800 52 0
287 815 1472394722224 20 800 52 0
277 816 1472394722254 20 800 52 0
263 815 1472394722284 20 800 52 0
248 814 1472394722314 20 800 52 0
232 817 1472394722344 20 800 52 0
217 824 1472394722374 20 800 52 0
199 831 1472394722404 20 800 52 0
185 835 1472394722434 20 800 52 0
168 837 1472394722464 20 800 52 0
158 836 1472394722494 20 800 52 0
151 835 1472394722524 20 800 52 0
148 835 1472394722554 20 800 52 0
146 834 1472394722584 20 800 52 0
145 832 1472394722614 20 800 52 0
140 829 1472394722644 20 800 52 0
133 824 1472394722674 20 800 52 0
125 817 1472394722704 20 800 52 0
113 814 1472394722734 20 800 52 0
97 816 1472394722764 20 800 52 0
89 816 1472394722794 20 800 52 0
80 813 1472394722824 20 800 52 0
75 810 1472394722854 20 800 52 0
70 807 1472394722884 20 800 52 0
67 806 1472394722914 20 800 52 0
63 804 1472394722944 20 800 52 0
61 803 1472394722974 20 800 52 1
61 802 1472394723004 20 800 52 1
60 802 1472394723034 20 800 52 1
59 801 1472394723064 20 800 52 1
58 801 1472394723094 20 800 52 1
57 800 1472394723124 20 800 52 1
55 799 1472394723154 20 800 52 1
54 798 1472394723184 20 800 52 1
54 798 1472394723214 20 800 52 1
54 798 1472394723244 20 800 52 1
54 798 1472394723274 20 800 52 1
54 798 1472394723304 20 800 52 1
54 798 1472394723334 20 800 52 1
54 798 1472394723364 20 800 52 1
54 799 1472394723394 20 800 52 1
54 799 1472394723424 20 800 52 1
54 799 1472394723454 20 800 52 1
54 799 1472394723484 20 800 52 1
54 799 1472394723514 20 800 52 1
54 799 1472394723544 20 800 52 1
55 799 1472394723574 20 800 52 1
55 799 1472394723604 20 800 52 1
55 800 1472394723634 20 800 52 1
55 800 1472394723664 20 800 52 1
55 800 1472394723694 20 800 52 1
55 800 1472394723724 20 800 52 1
55 800 1472394723754 20 800 52 1
55 800 1472394723784 20 800 52 1
55 800 1472394723814 20 800 52 1
55 800 1472394723844 20 800 52 1
55 800 1472394723874 20 800 52 1
55 800 1472394723904 20 800 52 1
55 800 1472394723934 20 800 52 1
55 800 1472394723964 20 800 52 1
55 800 1472394723994 20 800 52 1
55 800 1472394724024 720 800 56 0
55 800 1472394724054 720 800 56 0
55 800 1472394724084 720 800 56 0
55 800 1472394724114 720 800 56 0
55 800 1472394724144 720 800 56 0
55 800 1472394724174 720 800 56 0
55 800 1472394724204 720 800 56 0
55 800 1472394724234 720 800 56 0
55 799 1472394724264 720 800 56 0
60 794 1472394724294 720 800 56 0
74 782 1472394724324 720 800 56 0
87 772 1472394724354 720 800 56 0
110 755 1472394724384 720 800 56 0
143 733 1472394724414 720 800 56 0
188 703 1472394724444 720 800 56 0
224 681 1472394724474 720 800 56 0
284 654 1472394724504 720 800 56 0
344 634 1472394724534 720 800 56 0
402 622 1472394724564 720 800 56 0
454 618 1472394724594 720 800 56 0
492 621 1472394724624 720 800 56 0
512 626 1472394724654 720 800 56 0
535 637 1472394724684 720 800 56 0
554 649 1472394724714 720 800 56 0
574 661 1472394724744 720 800 56 0
597 673 1472394724774 720 800 56 0
617 686 1472394724804 720 800 56 0
629 694 1472394724834 720 800 56 0
648 704 1472394724864 720 800 56 0
670 714 1472394724894 720 800 56 0
687 726 1472394724924 720 800 56 0
696 737 1472394724954 720 800 56 0
702 746 1472394724984 720 800 56 0
705 751 1472394725014 720 800 56 0
707 755 1472394725044 720 800 56 0
707 758 1472394725074 720 800 56 1
706 760 1472394725104 720 800 56 1
706 761 1472394725134 720 800 56 1
707 763 1472394725164 720 800 56 1
710 768 1472394725194 720 800 56 1
712 774 1472394725224 720 800 56 1
714 778 1472394725254 720 800 56 1
715 781 1472394725284 720 800 56 1
715 782 1472394725314 720 800 56 1
716 782 1472394725344 720 800 56 1
716 782 1472394725374 720 800 56 1
716 782 1472394725404 720 800 56 1
716 782 1472394725434 720 800 56 1
716 782 1472394725464 720 800 56 1
716 782 1472394725494 720 800 56 1
715 782 1472394725524 720 800 56 1
715 781 1472394725554 720 800 56 1
715 781 1472394725584 720 800 56 1
715 781 1472394725614 720 800 56 1
715 781 1472394725644 720 800 56 1
715 781 1472394725674 720 800 56 1
715 781 1472394725704 720 800 56 1
715 781 1472394725734 720 800 56 1
715 781 1472394725764 720 800 56 1
715 781 1472394725794 720 800 56 1
715 781 1472394725824 720 800 56 1
715 781 1472394725854 720 800 56 1
715 781 1472394725884 720 800 56 1
715 781 1472394725914 720 800 56 1
715 780 1472394725944 720 800 56 1
715 780 1472394725974 720 800 56 1
715 780 1472394726004 720 800 56 1
715 780 1472394726034 720 800 56 1
715 780 1472394726064 225 305 48 0
715 780 1472394726094 225 305 48 0
715 780 1472394726124 225 305 48 0
715 780 1472394726154 225 305 48 0
714 780 1472394726184 225 305 48 0
714 779 1472394726214 225 305 48 0
713 779 1472394726244 225 305 48 0
713 778 1472394726274 225 305 48 0
711 778 1472394726304 225 305 48 0
706 776 1472394726334 225 305 48 0
699 774 1472394726364 225 305 48 0
692 772 1472394726394 225 305 48 0
680 767 1472394726424 225 305 48 0
662 758 1472394726454 225 305 48 0
638 743 1472394726484 225 305 48 0
619 732 1472394726514 225 305 48 0
586 712 1472394726544 225 305 48 0
551 686 1472394726574 225 305 48 0
516 654 1472394726604 225 305 48 0
481 621 1472394726634 225 305 48 0
445 590 1472394726664 225 305 48 0
422 569 1472394726694 225 305 48 0
389 539 1472394726724 225 305 48 0
361 512 1472394726754 225 305 48 0
339 486 1472394726784 225 305 48 0
322 461 1472394726814 225 305 48 0
304 439 1472394726844 225 305 48 0
293 424 1472394726874 225 305 48 0
281 403 1472394726904 225 305 48 0
273 381 1472394726934 225 305 48 0
264 359 1472394726964 225 305 48 0
258 345 1472394726994 225 305 48 0
249 325 1472394727024 225 305 48 1
243 308 1472394727054 225 305 48 1
241 297 1472394727084 225 305 48 1
239 290 1472394727114 225 305 48 1
238 288 1472394727144 225 305 48 1
237 287 1472394727174 225 305 48 1
236 286 1472394727204 225 305 48 1
236 286 1472394727234 225 305 48 1
236 287 1472394727264 225 305 48 1
237 289 1472394727294 225 305 48 1
238 291 1472394727324 225 305 48 1
238 292 1472394727354 225 305 48 1
239 293 1472394727384 225 305 48 1
239 294 1472394727414 225 305 48 1
239 295 1472394727444 225 305 48 1
239 295 1472394727474 225 305 48 1
240 296 1472394727504 225 305 48 1
240 297 1472394727534 225 305 48 1
240 297 1472394727564 225 305 48 1
240 298 1472394727594 225 305 48 1
240 298 1472394727624 225 305 48 1
240 298 1472394727654 225 305 48 1
240 298 1472394727684 225 305 48 1
240 298 1472394727714 225 305 48 1
241 298 1472394727744 225 305 48 1
241 298 1472394727774 225 305 48 1
241 298 1472394727804 225 305 48 1
241 298 1472394727834 225 305 48 1
241 298 1472394727864 225 305 48 1
241 298 1472394727894 225 305 48 1
241 298 1472394727924 225 305 48 1
241 298 1472394727954 225 305 48 1
241 298 1472394727984 225 305 48 1
241 298 1472394728014 225 305 48 1
241 298 1472394728044 720 800 57 0
241 298 1472394728074 720 800 57 0
241 298 1472394728104 720 800 57 0
241 298 1472394728134 720 800 57 0
241 298 1472394728164 720 800 57 0
241 298 1472394728194 720 800 57 0
241 298 1472394728224 720 800 57 0
244 298 1472394728254 720 800 57 0
257 295 1472394728284 720 800 57 0
270 294 1472394728314 720 800 57 0
291 294 1472394728344 720 800 57 0
314 301 1472394728374 720 800 57 0
340 312 1472394728404 720 800 57 0
370 327 1472394728434 720 800 57 0
400 348 1472394728464 720 800 57 0
419 365 1472394728494 720 800 57 0
447 396 1472394728524 720 800 57 0
475 430 1472394728554 720 800 57 0
502 467 1472394728584 720 800 57 0
520 494 1472394728614 720 800 57 0
545 536 1472394728644 720 800 57 0
568 575 1472394728674 720 800 57 0
592 611 1472394728704 720 800 57 0
617 643 1472394728734 720 800 57 0
645 673 1472394728764 720 800 57 0
664 691 1472394728794 720 800 57 0
688 716 1472394728824 720 800 57 0
705 737 1472394728854 720 800 57 0
714 753 1472394728884 720 800 57 1
717 763 1472394728914 720 800 57 1
718 768 1472394728944 720 800 57 1
719 769 1472394728974 720 800 57 1
719 769 1472394729004 720 800 57 1
719 770 1472394729034 720 800 57 1
717 770 1472394729064 720 800 57 1
716 771 1472394729094 720 800 57 1
715 771 1472394729124 720 800 57 1
714 772 1472394729154 720 800 57 1
714 773 1472394729184 720 800 57 1
713 773 1472394729214 720 800 57 1
713 772 1472394729244 720 800 57 1
712 772 1472394729274 720 800 57 1
712 772 1472394729304 720 800 57 1
712 772 1472394729334 720 800 57 1
711 772 1472394729364 720 800 57 1
711 772 1472394729394 720 800 57 1
711 772 1472394729424 720 800 57 1
711 772 1472394729454 720 800 57 1
711 772 1472394729484 720 800 57 1
710 772 1472394729514 720 800 57 1
710 772 1472394729544 720 800 57 1
710 772 1472394729574 720 800 57 1
710 772 1472394729604 720 800 57 1
710 772 1472394729634 720 800 57 1
710 772 1472394729664 720 800 57 1
710 772 1472394729694 720 800 57 1
710 772 1472394729724 720 800 57 1
710 772 1472394729754 720 800 57 1
710 772 1472394729784 720 800 57 1
710 772 1472394729814 720 800 57 1
710 772 1472394729844 720 800 57 1
710 772 1472394729874 720 800 57 1
710 772 1472394729904 720 100 49 0
710 772 1472394729934 720 100 49 0
710 772 1472394729964 720 100 49 0
710 772 1472394729994 720 100 49 0
710 772 1472394730024 720 100 49 0
710 772 1472394730054 720 100 49 0
710 772 1472394730084 720 100 49 0
710 772 1472394730114 720 100 49 0
708 770 1472394730144 720 100 49 0
703 766 1472394730174 720 100 49 0
695 758 1472394730204 720 100 49 0
690 749 1472394730234 720 100 49 0
681 729 1472394730264 720 100 49 0
672 697 1472394730294 720 100 49 0
661 657 1472394730324 720 100 49 0
653 624 1472394730354 720 100 49 0
644 566 1472394730384 720 100 49 0
639 501 1472394730414 720 100 49 0
637 435 1472394730444 720 100 49 0
640 372 1472394730474 720 100 49 0
647 316 1472394730504 720 100 49 0
653 284 1472394730534 720 100 49 0
659 244 1472394730564 720 100 49 0
664 213 1472394730594 720 100 49 0
673 188 1472394730624 720 100 49 0
684 167 1472394730654 720 100 49 0
693 150 1472394730684 720 100 49 0
699 139 1472394730714 720 100 49 0
709 121 1472394730744 720 100 49 1
715 108 1472394730774 720 100 49 1
716 100 1472394730804 720 100 49 1
717 95 1472394730834 720 100 49 1
717 90 1472394730864 720 100 49 1
717 87 1472394730894 720 100 49 1
717 86 1472394730924 720 100 49 1
717 86 1472394730954 720 100 49 1
717 88 1472394730984 720 100 49 1
717 89 1472394731014 720 100 49 1
716 91 1472394731044 720 100 49 1
715 93 1472394731074 720 100 49 1
714 94 1472394731104 720 100 49 1
714 96 1472394731134 720 100 49 1
714 96 1472394731164 720 100 49 1
714 97 1472394731194 720 100 49 1
714 98 1472394731224 720 100 49 1
713 98 1472394731254 720 100 49 1
713 99 1472394731284 720 100 49 1
713 99 1472394731314 720 100 49 1
713 99 1472394731344 720 100 49 1
713 99 1472394731374 720 100 49 1
713 99 1472394731404 720 100 49 1
713 99 1472394731434 720 100 49 1
713 99 1472394731464 720 100 49 1
713 99 1472394731494 720 100 49 1
713 99 1472394731524 720 100 49 1
713 99 1472394731554 720 100 49 1
713 99 1472394731584 720 100 49 1
713 99 1472394731614 720 100 49 1
713 99 1472394731644 720 100 49 1
713 99 1472394731674 720 100 49 1
713 99 1472394731704 720 100 49 1
713 99 1472394731734 720 100 49 1
713 99 1472394731764 720 800 56 0
713 99 1472394731794 720 800 56 0
713 99 1472394731824 720 800 56 0
713 99 1472394731854 720 800 56 0
713 99 1472394731884 720 800 56 0
713 99 1472394731914 720 800 56 0
713 99 1472394731944 720 800 56 0
713 100 1472394731974 720 800 56 0
712 108 1472394732004 720 800 56 0
708 123 1472394732034 720 800 56 0
702 143 1472394732064 720 800 56 0
699 165 1472394732094 720 800 56 0
700 192 1472394732124 720 800 56 0
703 212 1472394732154 720 800 56 0
707 245 1472394732184 720 800 56 0
711 278 1472394732214 720 800 56 0
714 314 1472394732244 720 800 56 0
716 341 1472394732274 720 800 56 0
718 383 1472394732304 720 800 56 0
719 424 1472394732334 720 800 56 0
722 464 1472394732364 720 800 56 0
729 504 1472394732394 720 800 56 0
731 547 1472394732424 720 800 56 0
729 574 1472394732454 720 800 56 0
727 612 1472394732484 720 800 56 0
731 647 1472394732514 720 800 56 0
738 679 1472394732544 720 800 56 0
739 711 1472394732574 720 800 56 0
735 740 1472394732604 720 800 56 0
733 756 1472394732634 720 800 56 1
732 774 1472394732664 720 800 56 1
732 785 1472394732694 720 800 56 1
733 791 1472394732724 720 800 56 1
734 793 1472394732754 720 800 56 1
735 794 1472394732784 720 800 56 1
735 795 1472394732814 720 800 56 1
736 797 1472394732844 720 800 56 1
736 798 1472394732874 720 800 56 1
736 799 1472394732904 720 800 56 1
736 798 1472394732934 720 800 56 1
734 796 1472394732964 720 800 56 1
733 795 1472394732994 720 800 56 1
732 795 1472394733024 720 800 56 1
732 795 1472394733054 720 800 56 1
732 795 1472394733084 720 800 56 1
732 795 1472394733114 720 800 56 1
732 796 1472394733144 720 800 56 1
732 796 1472394733174 720 800 56 1
732 796 1472394733204 720 800 56 1
732 796 1472394733234 720 800 56 1
732 796 1472394733264 720 800 56 1
732 796 1472394733294 720 800 56 1
732 796 1472394733324 720 800 56 1
732 796 1472394733354 720 800 56 1
732 796 1472394733384 720 800 56 1
732 796 1472394733414 720 800 56 1
732 796 1472394733444 720 800 56 1
732 796 1472394733474 720 800 56 1
731 796 1472394733504 720 800 56 1
731 796 1472394733534 720 800 56 1
731 796 1472394733564 720 800 56 1
731 796 1472394733594 720 800 56 1
731 796 1472394733624 720 800 56 1
731 796 1472394733655 1215 305 53 0
731 796 1472394733684 1215 305 53 0
731 796 1472394733714 1215 305 53 0
731 796 1472394733744 1215 305 53 0
731 796 1472394733774 1215 305 53 0
731 796 1472394733804 1215 305 53 0
731 796 1472394733834 1215 305 53 0
730 795 1472394733864 1215 305 53 0
730 791 1472394733894 1215 305 53 0
730 781 1472394733924 1215 305 53 0
732 766 1472394733954 1215 305 53 0
741 744 1472394733984 1215 305 53 0
753 724 1472394734014 1215 305 53 0
777 686 1472394734044 1215 305 53 0
803 643 1472394734074 1215 305 53 0
832 597 1472394734104 1215 305 53 0
865 551 1472394734134 1215 305 53 0
902 506 1472394734164 1215 305 53 0
928 478 1472394734194 1215 305 53 0
968 436 1472394734224 1215 305 53 0
1008 397 1472394734254 1215 305 53 0
1043 362 1472394734284 1215 305 53 0
1078 330 1472394734314 1215 305 53 0
1110 303 1472394734344 1215 305 53 0
1129 287 1472394734374 1215 305 53 0
1155 268 1472394734404 1215 305 53 0
1181 253 1472394734434 1215 305 53 0
1201 243 1472394734464 1215 305 53 0
1208 239 1472394734494 1215 305 53 0
1213 237 1472394734524 1215 305 53 0
1218 236 1472394734554 1215 305 53 0
1224 236 1472394734584 1215 305 53 0
1230 237 1472394734614 1215 305 53 0
1233 238 1472394734644 1215 305 53 0
1233 240 1472394734674 1215 305 53 0
1230 247 1472394734704 1215 305 53 0
1226 257 1472394734734 1215 305 53 0
1218 268 1472394734764 1215 305 53 1
1212 275 1472394734794 1215 305 53 1
1205 283 1472394734824 1215 305 53 1
1202 287 1472394734854 1215 305 53 1
1201 289 1472394734884 1215 305 53 1
1201 289 1472394734914 1215 305 53 1
1201 289 1472394734944 1215 305 53 1
1201 289 1472394734974 1215 305 53 1
1201 289 1472394735004 1215 305 53 1
1201 289 1472394735034 1215 305 53 1
1201 288 1472394735064 1215 305 53 1
1201 288 1472394735094 1215 305 53 1
1201 287 1472394735124 1215 305 53 1
1202 287 1472394735154 1215 305 53 1
1202 287 1472394735184 1215 305 53 1
1202 287 1472394735214 1215 305 53 1
1202 287 1472394735244 1215 305 53 1
1202 287 1472394735274 1215 305 53 1
1202 287 1472394735304 1215 305 53 1
1202 287 1472394735334 1215 305 53 1
1202 288 1472394735364 1215 305 53 1
1202 288 1472394735394 1215 305 53 1
1202 288 1472394735424 1215 305 53 1
1202 288 1472394735454 1215 305 53 1
1202 288 1472394735484 1215 305 53 1
1202 288 1472394735514 1215 305 53 1
1202 288 1472394735544 1215 305 53 1
1202 288 1472394735574 1215 305 53 1
1202 288 1472394735604 1215 305 53 1
1202 288 1472394735634 1215 305 53 1
1202 288 1472394735664 1215 305 53 1
1202 288 1472394735694 1215 305 53 1
1202 288 1472394735724 1215 305 53 1
1202 288 1472394735754 1215 305 53 1
1202 288 1472394735784 720 800 53 0
1202 288 1472394735814 720 800 53 0
1202 288 1472394735844 720 800 53 0
1202 288 1472394735874 720 800 53 0
1202 288 1472394735904 720 800 53 0
1202 288 1472394735934 720 800 53 0
1202 288 1472394735964 720 800 53 0
1200 289 1472394735994 720 800 53 0
1184 293 1472394736024 720 800 53 0
1155 302 1472394736054 720 800 53 0
1125 311 1472394736084 720 800 53 0
1111 317 1472394736114 720 800 53 0
1092 330 1472394736144 720 800 53 0
1063 351 1472394736174 720 800 53 0
1024 381 1472394736204 720 800 53 0
982 416 1472394736234 720 800 53 0
944 455 1472394736264 720 800 53 0
924 482 1472394736294 720 800 53 0
897 523 1472394736324 720 800 53 0
871 563 1472394736354 720 800 53 0
847 601 1472394736384 720 800 53 0
834 624 1472394736414 720 800 53 0
822 653 1472394736444 720 800 53 0
813 679 1472394736474 720 800 53 0
800 705 1472394736504 720 800 53 0
788 722 1472394736534 720 800 53 0
770 744 1472394736564 720 800 53 0
753 761 1472394736594 720 800 53 0
738 776 1472394736624 720 800 53 1
717 791 1472394736654 720 800 53 1
696 804 1472394736684 720 800 53 1
687 809 1472394736714 720 800 53 1
682 810 1472394736744 720 800 53 1
681 810 1472394736774 720 800 53 1
681 810 1472394736804 720 800 53 1
680 810 1472394736834 720 800 53 1
679 809 1472394736864 720 800 53 1
679 808 1472394736894 720 800 53 1
679 807 1472394736924 720 800 53 1
679 806 1472394736954 720 800 53 1
679 806 1472394736984 720 800 53 1
679 806 1472394737014 720 800 53 1
679 806 1472394737044 720 800 53 1
679 806 1472394737074 720 800 53 1
679 806 1472394737104 720 800 53 1
679 806 1472394737134 720 800 53 1
679 806 1472394737164 720 800 53 1
679 806 1472394737194 720 800 53 1
679 806 1472394737224 720 800 53 1
679 807 1472394737254 720 800 53 1
680 808 1472394737284 720 800 53 1
681 808 1472394737314 720 800 53 1
681 808 1472394737344 720 800 53 1
681 808 1472394737374 720 800 53 1
681 808 1472394737404 720 800 53 1
682 809 1472394737434 720 800 53 1
683 809 1472394737464 720 800 53 1
683 809 1472394737494 720 800 53 1
684 809 1472394737524 720 800 53 1
685 809 1472394737554 720 800 53 1
685 809 1472394737584 720 800 53 1
686 809 1472394737614 720 800 53 1
686 809 1472394737644 1420 800 56 0
686 809 1472394737674 1420 800 56 0
686 809 1472394737704 1420 800 56 0
686 809 1472394737734 1420 800 56 0
686 809 1472394737764 1420 800 56 0
686 809 1472394737794 1420 800 56 0
686 809 1472394737824 1420 800 56 0
686 809 1472394737854 1420 800 56 0
686 809 1472394737884 1420 800 56 0
686 809 1472394737914 1420 800 56 0
689 808 1472394737944 1420 800 56 0
696 803 1472394737974 1420 800 56 0
720 788 1472394738004 1420 800 56 0
750 768 1472394738034 1420 800 56 0
781 745 1472394738064 1420 800 56 0
831 715 1472394738094 1420 800 56 0
905 682 1472394738124 1420 800 56 0
953 666 1472394738154 1420 800 56 0
1004 655 1472394738184 1420 800 56 0
1049 653 1472394738214 1420 800 56 0
1102 655 1472394738244 1420 800 56 0
1155 662 1472394738274 1420 800 56 0
1201 674 1472394738304 1420 800 56 0
1229 684 1472394738334 1420 800 56 0
1268 700 1472394738364 1420 800 56 0
1302 718 1472394738394 1420 800 56 0
1325 736 1472394738424 1420 800 56 0
1335 748 1472394738454 1420 800 56 0
1349 763 1472394738484 1420 800 56 0
1362 778 1472394738514 1420 800 56 0
1370 791 1472394738544 1420 800 56 0
1373 800 1472394738574 1420 800 56 0
1375 805 1472394738604 1420 800 56 1
1376 808 1472394738634 1420 800 56 1
1376 809 1472394738664 1420 800 56 1
1376 810 1472394738694 1420 800 56 1
1376 810 1472394738724 1420 800 56 1
1376 810 1472394738754 1420 800 56 1
1376 810 1472394738784 1420 800 56 1
1376 810 1472394738814 1420 800 56 1
1376 810 1472394738844 1420 800 56 1
1376 810 1472394738874 1420 800 56 1
1376 810 1472394738904 1420 800 56 1
1376 810 1472394738934 1420 800 56 1
1376 810 1472394738964 1420 800 56 1
1376 810 1472394738994 1420 800 56 1
1375 811 1472394739024 1420 800 56 1
1375 811 1472394739054 1420 800 56 1
1375 811 1472394739084 1420 800 56 1
1375 811 1472394739114 1420 800 56 1
1375 811 1472394739144 1420 800 56 1
1375 811 1472394739174 1420 800 56 1
1377 811 1472394739204 1420 800 56 1
1385 810 1472394739234 1420 800 56 1
1399 808 1472394739264 1420 800 56 1
1407 806 1472394739294 1420 800 56 1
1413 804 1472394739324 1420 800 56 1
1414 804 1472394739354 1420 800 56 1
1414 804 1472394739384 1420 800 56 1
1413 804 1472394739414 1420 800 56 1
1413 805 1472394739444 1420 800 56 1
1411 806 1472394739474 1420 800 56 1
1409 807 1472394739504 1420 800 56 1
1407 807 1472394739534 1420 800 56 1
1406 807 1472394739564 1420 800 56 1
1406 807 1472394739594 1420 800 56 1
1406 807 1472394739624 1420 800 56 1
1406 807 1472394739654 720 800 49 0
1406 807 1472394739684 720 800 49 0
1406 807 1472394739714 720 800 49 0
1406 807 1472394739744 720 800 49 0
1406 807 1472394739774 720 800 49 0
1406 807 1472394739804 720 800 49 0
1406 807 1472394739834 720 800 49 0
1406 807 1472394739864 720 800 49 0
1406 807 1472394739894 720 800 49 0
1399 805 1472394739924 720 800 49 0
1379 798 1472394739954 720 800 49 0
1345 790 1472394739984 720 800 49 0
1307 780 1472394740014 720 800 49 0
1260 769 1472394740044 720 800 49 0
1215 764 1472394740074 720 800 49 0
1128 762 1472394740104 720 800 49 0
1039 767 1472394740134 720 800 49 0
964 773 1472394740164 720 800 49 0
898 781 1472394740194 720 800 49 0
838 792 1472394740224 720 800 49 0
802 802 1472394740254 720 800 49 0
761 814 1472394740284 720 800 49 0
741 821 1472394740314 720 800 49 1
734 825 1472394740344 720 800 49 1
733 827 1472394740374 720 800 49 1
733 828 1472394740404 720 800 49 1
733 828 1472394740434 720 800 49 1
733 828 1472394740464 720 800 49 1
733 828 1472394740494 720 800 49 1
733 828 1472394740524 720 800 49 1
733 828 1472394740554 720 800 49 1
733 828 1472394740584 720 800 49 1
733 828 1472394740614 720 800 49 1
733 828 1472394740644 720 800 49 1
733 828 1472394740674 720 800 49 1
733 828 1472394740704 720 800 49 1
733 828 1472394740734 720 800 49 1
734 828 1472394740764 720 800 49 1
734 828 1472394740794 720 800 49 1
734 828 1472394740824 720 800 49 1
734 828 1472394740854 720 800 49 1
734 828 1472394740884 720 800 49 1
734 828 1472394740914 720 800 49 1
734 828 1472394740944 720 800 49 1
734 828 1472394740974 720 800 49 1
734 828 1472394741004 720 800 49 1
734 828 1472394741034 720 800 49 1
734 828 1472394741064 720 800 49 1
734 828 1472394741094 720 800 49 1
734 828 1472394741124 720 800 49 1
734 828 1472394741154 720 800 49 1
734 828 1472394741184 720 800 49 1
734 828 1472394741214 720 800 49 1
734 828 1472394741244 720 800 49 1
734 828 1472394741274 720 800 49 1
734 828 1472394741304 20 800 23 0
734 828 1472394741334 20 800 23 0
734 827 1472394741364 20 800 23 0
734 827 1472394741394 20 800 23 0
734 827 1472394741424 20 800 23 0
734 827 1472394741454 20 800 23 0
734 827 1472394741484 20 800 23 0
734 827 1472394741514 20 800 23 0
734 827 1472394741544 20 800 23 0
732 822 1472394741574 20 800 23 0
727 814 1472394741604 20 800 23 0
714 805 1472394741634 20 800 23 0
689 798 1472394741664 20 800 23 0
665 796 1472394741694 20 800 23 0
623 796 1472394741724 20 800 23 0
577 797 1472394741754 20 800 23 0
526 801 1472394741784 20 800 23 0
473 808 1472394741814 20 800 23 0
420 816 1472394741844 20 800 23 0
389 821 1472394741874 20 800 23 0
347 828 1472394741904 20 800 23 0
308 837 1472394741934 20 800 23 0
274 847 1472394741964 20 800 23 0
256 850 1472394741994 20 800 23 0
236 851 1472394742024 20 800 23 0
222 850 1472394742054 20 800 23 0
210 849 1472394742084 20 800 23 0
195 846 1472394742114 20 800 23 0
181 840 1472394742144 20 800 23 0
172 834 1472394742174 20 800 23 0
156 826 1472394742204 20 800 23 0
134 816 1472394742234 20 800 23 0
113 803 1472394742264 20 800 23 0
100 792 1472394742294 20 800 23 0
84 773 1472394742324 20 800 23 0
71 756 1472394742354 20 800 23 0
59 744 1472394742384 20 800 23 0
50 736 1472394742414 20 800 23 0
44 731 1472394742444 20 800 23 0
40 729 1472394742474 20 800 23 0
36 729 1472394742504 20 800 23 0
34 730 1472394742534 20 800 23 0
33 736 1472394742564 20 800 23 0
33 745 1472394742594 20 800 23 0
34 753 1472394742624 20 800 23 0
37 759 1472394742654 20 800 23 0
40 766 1472394742684 20 800 23 0
44 774 1472394742714 20 800 23 0
48 780 1472394742744 20 800 23 0
51 785 1472394742774 20 800 23 0
54 790 1472394742804 20 800 23 0
58 794 1472394742834 20 800 23 0
60 797 1472394742864 20 800 23 0
61 798 1472394742894 20 800 23 0
61 798 1472394742924 20 800 23 0
60 797 1472394742954 20 800 23 0
57 797 1472394742984 20 800 23 0
52 797 1472394743014 20 800 23 0
46 798 1472394743044 20 800 23 0
42 798 1472394743074 20 800 23 0
38 798 1472394743104 20 800 23 0
36 798 1472394743134 20 800 23 0
36 798 1472394743164 20 800 23 0
35 798 1472394743194 20 800 23 0
35 798 1472394743224 20 800 23 0
34 798 1472394743254 20 800 23 0
31 798 1472394743284 20 800 23 1
28 799 1472394743314 20 800 23 1
27 799 1472394743344 20 800 23 1
27 799 1472394743374 20 800 23 1
27 799 1472394743404 20 800 23 1
27 799 1472394743434 20 800 23 1
27 799 1472394743464 20 800 23 1
27 799 1472394743494 20 800 23 1
27 799 1472394743524 20 800 23 1
27 799 1472394743554 20 800 23 1
27 799 1472394743584 20 800 23 1
27 799 1472394743614 20 800 23 1
27 799 1472394743644 20 800 23 1
27 799 1472394743674 20 800 23 1
27 799 1472394743704 20 800 23 1
27 799 1472394743734 20 800 23 1
27 799 1472394743764 20 800 23 1
27 799 1472394743794 20 800 23 1
27 799 1472394743824 20 800 23 1
27 799 1472394743854 20 800 23 1
27 799 1472394743884 20 800 23 1
27 799 1472394743914 20 800 23 1
27 799 1472394743944 20 800 23 1
27 799 1472394743974 20 800 23 1
26 799 1472394744004 20 800 23 1
26 799 1472394744034 20 800 23 1
26 799 1472394744064 20 800 23 1
26 799 1472394744094 20 800 23 1
26 799 1472394744124 20 800 23 1
26 799 1472394744154 20 800 23 1
26 799 1472394744184 20 800 23 1
26 799 1472394744214 20 800 23 1
26 799 1472394744244 20 800 23 1
26 799 1472394744274 20 800 23 1
26 799 1472394744304 720 800 25 0
26 799 1472394744334 720 800 25 0
26 799 1472394744364 720 800 25 0
26 799 1472394744394 720 800 25 0
26 799 1472394744424 720 800 25 0
26 799 1472394744454 720 800 25 0
26 799 1472394744484 720 800 25 0
26 799 1472394744514 720 800 25 0
26 799 1472394744544 720 800 25 0
26 799 1472394744574 720 800 25 0
31 794 1472394744604 720 800 25 0
44 783 1472394744634 720 800 25 0
65 767 1472394744664 720 800 25 0
88 752 1472394744694 720 800 25 0
134 728 1472394744724 720 800 25 0
189 706 1472394744754 720 800 25 0
253 688 1472394744784 720 800 25 0
325 673 1472394744814 720 800 25 0
398 661 1472394744844 720 800 25 0
444 657 1472394744874 720 800 25 0
505 655 1472394744904 720 800 25 0
561 657 1472394744934 720 800 25 0
592 661 1472394744964 720 800 25 0
630 668 1472394744994 720 800 25 0
657 678 1472394745024 720 800 25 0
673 692 1472394745054 720 800 25 0
682 706 1472394745084 720 800 25 0
688 721 1472394745114 720 800 25 0
695 736 1472394745144 720 800 25 0
700 746 1472394745174 720 800 25 0
706 761 1472394745204 720 800 25 0
712 775 1472394745234 720 800 25 0
718 788 1472394745264 720 800 25 1
722 795 1472394745294 720 800 25 1
727 803 1472394745324 720 800 25 1
730 808 1472394745354 720 800 25 1
732 811 1472394745384 720 800 25 0
732 812 1472394745414 720 800 25 0
732 812 1472394745444 720 800 25 0
732 812 1472394745474 720 800 25 0
731 811 1472394745504 720 800 25 0
729 810 1472394745534 720 800 25 1
728 809 1472394745564 720 800 25 1
728 809 1472394745594 720 800 25 1
727 809 1472394745624 720 800 25 1
727 809 1472394745654 720 800 25 1
727 808 1472394745684 720 800 25 1
727 808 1472394745714 720 800 25 1
726 808 1472394745744 720 800 25 1
726 808 1472394745774 720 800 25 1
726 807 1472394745804 720 800 25 1
726 807 1472394745834 720 800 25 1
726 807 1472394745864 720 800 25 1
726 807 1472394745894 720 800 25 1
726 807 1472394745924 720 800 25 1
726 807 1472394745954 720 800 25 1
726 807 1472394745984 720 800 25 1
726 807 1472394746014 720 800 25 1
726 807 1472394746044 720 800 25 1
726 807 1472394746074 720 800 25 1
725 807 1472394746104 720 800 25 1
725 807 1472394746134 720 800 25 1
725 807 1472394746164 720 800 25 1
725 807 1472394746194 720 800 25 1
725 807 1472394746224 720 800 25 1
725 807 1472394746254 720 800 25 1
725 807 1472394746284 720 800 25 1
725 807 1472394746314 720 800 25 1
725 807 1472394746344 720 800 25 1
725 807 1472394746374 720 800 25 1
725 807 1472394746404 720 800 25 1
725 807 1472394746434 720 800 25 1
725 807 1472394746464 720 800 25 1
725 807 1472394746494 720 800 25 1
725 806 1472394746524 720 800 25 1
725 806 1472394746554 225 305 24 0
725 806 1472394746584 225 305 24 0
724 806 1472394746614 225 305 24 0
724 806 1472394746644 225 305 24 0
724 806 1472394746674 225 305 24 0
724 806 1472394746704 225 305 24 0
724 806 1472394746734 225 305 24 0
723 805 1472394746764 225 305 24 0
720 804 1472394746794 225 305 24 0
713 799 1472394746824 225 305 24 0
704 791 1472394746854 225 305 24 0
692 779 1472394746884 225 305 24 0
681 767 1472394746914 225 305 24 0
660 744 1472394746944 225 305 24 0
631 716 1472394746974 225 305 24 0
598 685 1472394747004 225 305 24 0
562 652 1472394747034 225 305 24 0
520 618 1472394747064 225 305 24 0
488 596 1472394747094 225 305 24 0
439 566 1472394747124 225 305 24 0
391 534 1472394747154 225 305 24 0
347 503 1472394747184 225 305 24 0
320 483 1472394747214 225 305 24 0
284 458 1472394747244 225 305 24 0
255 437 1472394747274 225 305 24 0
235 419 1472394747304 225 305 24 0
222 402 1472394747334 225 305 24 0
212 388 1472394747364 225 305 24 0
205 381 1472394747394 225 305 24 0
198 368 1472394747424 225 305 24 0
196 355 1472394747454 225 305 24 0
197 342 1472394747484 225 305 24 0
199 334 1472394747514 225 305 24 0
206 323 1472394747544 225 305 24 0
214 313 1472394747574 225 305 24 1
219 306 1472394747604 225 305 24 1
222 302 1472394747634 225 305 24 1
228 298 1472394747664 225 305 24 1
233 296 1472394747694 225 305 24 1
236 294 1472394747724 225 305 24 0
237 294 1472394747754 225 305 24 0
239 294 1472394747784 225 305 24 0
239 295 1472394747814 225 305 24 0
240 297 1472394747844 225 305 24 0
240 298 1472394747874 225 305 24 0
240 298 1472394747904 225 305 24 0
240 299 1472394747934 225 305 24 0
241 301 1472394747964 225 305 24 0
241 301 1472394747994 225 305 24 0
241 303 1472394748024 225 305 24 0
241 304 1472394748054 225 305 24 0
241 308 1472394748084 225 305 24 0
241 310 1472394748114 225 305 24 0
240 312 1472394748144 225 305 24 0
240 314 1472394748174 225 305 24 0
239 314 1472394748204 225 305 24 0
239 314 1472394748234 225 305 24 0
239 314 1472394748264 225 305 24 0
239 314 1472394748294 225 305 24 0
239 314 1472394748324 225 305 24 0
239 314 1472394748354 225 305 24 0
239 314 1472394748384 225 305 24 0
239 314 1472394748414 225 305 24 0
239 314 1472394748444 225 305 24 0
239 314 1472394748474 225 305 24 0
237 313 1472394748504 225 305 24 0
236 311 1472394748534 225 305 24 1
234 310 1472394748564 225 305 24 1
234 310 1472394748594 225 305 24 1
234 310 1472394748624 225 305 24 1
234 310 1472394748654 225 305 24 1
234 310 1472394748684 225 305 24 1
234 310 1472394748714 225 305 24 1
234 310 1472394748744 225 305 24 1
234 310 1472394748774 225 305 24 1
234 310 1472394748804 225 305 24 1
234 310 1472394748834 225 305 24 1
234 310 1472394748864 225 305 24 1
234 310 1472394748894 225 305 24 1
234 310 1472394748924 225 305 24 1
234 310 1472394748954 225 305 24 1
234 310 1472394748984 225 305 24 1
234 310 1472394749014 225 305 24 1
234 310 1472394749044 225 305 24 1
234 310 1472394749074 225 305 24 1
234 310 1472394749104 225 305 24 1
234 310 1472394749134 225 305 24 1
234 310 1472394749164 225 305 24 1
234 310 1472394749194 225 305 24 1
234 310 1472394749224 225 305 24 1
234 310 1472394749254 225 305 24 1
234 310 1472394749284 225 305 24 1
234 310 1472394749314 225 305 24 1
234 310 1472394749344 225 305 24 1
234 310 1472394749374 225 305 24 1
234 310 1472394749404 225 305 24 1
234 310 1472394749434 225 305 24 1
234 310 1472394749464 225 305 24 1
234 310 1472394749494 225 305 24 1
234 310 1472394749524 225 305 24 1
234 310 1472394749554 720 800 25 0
234 310 1472394749584 720 800 25 0
234 310 1472394749614 720 800 25 0
234 310 1472394749644 720 800 25 0
234 310 1472394749674 720 800 25 0
234 310 1472394749704 720 800 25 0
234 310 1472394749734 720 800 25 0
234 310 1472394749764 720 800 25 0
236 309 1472394749794 720 800 25 0
241 306 1472394749824 720 800 25 0
248 304 1472394749854 720 800 25 0
256 303 1472394749884 720 800 25 0
269 303 1472394749914 720 800 25 0
286 305 1472394749944 720 800 25 0
301 308 1472394749974 720 800 25 0
327 316 1472394750004 720 800 25 0
357 330 1472394750034 720 800 25 0
391 350 1472394750064 720 800 25 0
428 376 1472394750094 720 800 25 0
462 409 1472394750124 720 800 25 0
483 433 1472394750154 720 800 25 0
515 472 1472394750184 720 800 25 0
543 514 1472394750214 720 800 25 0
568 559 1472394750244 720 800 25 0
588 608 1472394750274 720 800 25 0
607 657 1472394750304 720 800 25 0
620 688 1472394750334 720 800 25 0
638 730 1472394750364 720 800 25 0
653 765 1472394750394 720 800 25 0
661 791 1472394750424 720 800 25 0
665 803 1472394750454 720 800 25 0
669 813 1472394750484 720 800 25 0
671 817 1472394750514 720 800 25 0
674 816 1472394750544 720 800 25 0
679 810 1472394750574 720 800 25 0
689 801 1472394750604 720 800 25 0
696 796 1472394750634 720 800 25 0
706 791 1472394750664 720 800 25 0
711 788 1472394750694 720 800 25 1
714 787 1472394750724 720 800 25 1
717 787 1472394750754 720 800 25 1
722 787 1472394750784 720 800 25 1
724 787 1472394750814 720 800 25 1
725 788 1472394750844 720 800 25 1
725 788 1472394750874 720 800 25 1
725 788 1472394750904 720 800 25 1
725 788 1472394750934 720 800 25 1
725 788 1472394750964 720 800 25 1
725 788 1472394750994 720 800 25 1
725 788 1472394751024 720 800 25 1
725 788 1472394751054 720 800 25 1
725 788 1472394751084 720 800 25 1
725 788 1472394751114 720 800 25 1
725 788 1472394751144 720 800 25 1
725 788 1472394751174 720 800 25 1
725 788 1472394751204 720 800 25 1
725 788 1472394751234 720 800 25 1
725 788 1472394751264 720 800 25 1
725 788 1472394751294 720 800 25 1
725 788 1472394751324 720 800 25 1
725 788 1472394751354 720 800 25 1
725 788 1472394751384 720 800 25 1
725 788 1472394751414 720 800 25 1
725 788 1472394751444 720 800 25 1
725 788 1472394751474 720 800 25 1
725 788 1472394751504 720 800 25 1
725 788 1472394751534 720 800 25 1
725 788 1472394751564 720 800 25 1
725 788 1472394751594 720 800 25 1
724 787 1472394751624 720 800 25 1
724 787 1472394751654 720 800 25 1
723 786 1472394751684 720 800 25 1
723 786 1472394751714 720 100 24 0
723 786 1472394751744 720 100 24 0
723 786 1472394751774 720 100 24 0
723 786 1472394751804 720 100 24 0
723 786 1472394751834 720 100 24 0
723 786 1472394751864 720 100 24 0
723 786 1472394751894 720 100 24 0
722 785 1472394751924 720 100 24 0
720 782 1472394751954 720 100 24 0
713 773 1472394751984 720 100 24 0
706 756 1472394752014 720 100 24 0
702 730 1472394752044 720 100 24 0
702 708 1472394752074 720 100 24 0
703 665 1472394752104 720 100 24 0
702 616 1472394752134 720 100 24 0
699 567 1472394752164 720 100 24 0
696 517 1472394752194 720 100 24 0
695 466 1472394752224 720 100 24 0
695 432 1472394752254 720 100 24 0
697 381 1472394752284 720 100 24 0
698 334 1472394752314 720 100 24 0
696 290 1472394752344 720 100 24 0
695 262 1472394752374 720 100 24 0
699 224 1472394752404 720 100 24 0
706 193 1472394752434 720 100 24 0
710 169 1472394752464 720 100 24 0
714 152 1472394752494 720 100 24 0
717 138 1472394752524 720 100 24 0
718 129 1472394752554 720 100 24 0
719 118 1472394752584 720 100 24 0
720 110 1472394752614 720 100 24 1
722 102 1472394752644 720 100 24 1
721 96 1472394752674 720 100 24 1
720 92 1472394752704 720 100 24 1
720 91 1472394752734 720 100 24 1
720 91 1472394752764 720 100 24 1
720 91 1472394752794 720 100 24 1
720 92 1472394752824 720 100 24 1
719 92 1472394752854 720 100 24 1
718 94 1472394752884 720 100 24 1
716 96 1472394752914 720 100 24 1
715 98 1472394752944 720 100 24 1
714 100 1472394752974 720 100 24 1
714 101 1472394753004 720 100 24 1
714 101 1472394753034 720 100 24 1
714 101 1472394753064 720 100 24 1
714 101 1472394753094 720 100 24 1
714 101 1472394753124 720 100 24 1
714 101 1472394753154 720 100 24 1
714 102 1472394753184 720 100 24 1
713 102 1472394753214 720 100 24 1
713 102 1472394753244 720 100 24 1
713 102 1472394753274 720 100 24 1
713 102 1472394753304 720 100 24 1
713 102 1472394753334 720 100 24 1
713 102 1472394753364 720 100 24 1
713 102 1472394753394 720 100 24 1
713 102 1472394753424 720 100 24 1
713 102 1472394753454 720 100 24 1
713 103 1472394753484 720 100 24 1
713 103 1472394753514 720 100 24 1
713 103 1472394753544 720 100 24 1
713 103 1472394753574 720 100 24 1
713 103 1472394753604 720 100 24 1
713 103 1472394753634 720 100 24 1
713 104 1472394753887 720 800 25 0
713 104 1472394753904 720 800 25 0
713 104 1472394753934 720 800 25 0
713 104 1472394753964 720 800 25 0
713 104 1472394753994 720 800 25 0
713 104 1472394754024 720 800 25 0
713 104 1472394754054 720 800 25 0
713 104 1472394754084 720 800 25 0
713 107 1472394754114 720 800 25 0
712 112 1472394754144 720 800 25 0
711 119 1472394754174 720 800 25 0
710 133 1472394754204 720 800 25 0
708 154 1472394754234 720 800 25 0
707 170 1472394754264 720 800 25 0
706 200 1472394754294 720 800 25 0
702 237 1472394754324 720 800 25 0
695 279 1472394754354 720 800 25 0
690 329 1472394754384 720 800 25 0
684 382 1472394754414 720 800 25 0
682 438 1472394754444 720 800 25 0
682 475 1472394754474 720 800 25 0
684 533 1472394754504 720 800 25 0
682 592 1472394754534 720 800 25 0
678 650 1472394754564 720 800 25 0
680 702 1472394754594 720 800 25 0
685 732 1472394754624 720 800 25 0
691 770 1472394754654 720 800 25 0
691 799 1472394754684 720 800 25 0
693 814 1472394754714 720 800 25 0
693 818 1472394754744 720 800 25 0
693 815 1472394754774 720 800 25 0
694 807 1472394754804 720 800 25 0
696 802 1472394754834 720 800 25 0
699 793 1472394754864 720 800 25 0
702 788 1472394754894 720 800 25 0
703 785 1472394754924 720 800 25 0
704 785 1472394754954 720 800 25 0
706 785 1472394754984 720 800 25 0
710 785 1472394755014 720 800 25 0
714 786 1472394755044 720 800 25 1
717 788 1472394755074 720 800 25 1
719 789 1472394755104 720 800 25 1
720 789 1472394755134 720 800 25 1
720 790 1472394755164 720 800 25 1
721 790 1472394755194 720 800 25 1
721 790 1472394755224 720 800 25 1
721 790 1472394755254 720 800 25 1
721 790 1472394755284 720 800 25 1
721 790 1472394755314 720 800 25 1
721 790 1472394755344 720 800 25 1
721 790 1472394755374 720 800 25 1
721 790 1472394755404 720 800 25 1
721 790 1472394755434 720 800 25 1
721 790 1472394755464 720 800 25 1
721 790 1472394755494 720 800 25 1
721 790 1472394755524 720 800 25 1
721 790 1472394755554 720 800 25 1
721 790 1472394755584 720 800 25 1
721 790 1472394755614 720 800 25 1
721 790 1472394755644 720 800 25 1
721 790 1472394755674 720 800 25 1
721 791 1472394755704 720 800 25 1
722 791 1472394755734 720 800 25 1
722 791 1472394755764 720 800 25 1
722 791 1472394755794 720 800 25 1
722 791 1472394755824 720 800 25 1
722 791 1472394755854 720 800 25 1
722 791 1472394755884 720 800 25 1
722 791 1472394755914 720 800 25 1
722 791 1472394755944 720 800 25 1
722 791 1472394755974 720 800 25 1
722 791 1472394756004 720 800 25 1
722 791 1472394756034 720 800 25 1
722 791 1472394756064 1215 305 24 0
722 791 1472394756094 1215 305 24 0
722 791 1472394756124 1215 305 24 0
722 791 1472394756154 1215 305 24 0
722 791 1472394756184 1215 305 24 0
722 791 1472394756214 1215 305 24 0
722 791 1472394756244 1215 305 24 0
722 791 1472394756274 1215 305 24 0
722 791 1472394756304 1215 305 24 0
722 791 1472394756334 1215 305 24 0
722 791 1472394756364 1215 305 24 0
723 788 1472394756394 1215 305 24 0
726 776 1472394756424 1215 305 24 0
728 761 1472394756454 1215 305 24 0
733 737 1472394756484 1215 305 24 0
755 701 1472394756514 1215 305 24 0
798 654 1472394756544 1215 305 24 0
828 621 1472394756574 1215 305 24 0
867 574 1472394756604 1215 305 24 0
908 532 1472394756634 1215 305 24 0
947 505 1472394756664 1215 305 24 0
1021 465 1472394756694 1215 305 24 0
1089 432 1472394756724 1215 305 24 0
1139 404 1472394756754 1215 305 24 0
1175 384 1472394756784 1215 305 24 0
1210 369 1472394756814 1215 305 24 0
1243 359 1472394756844 1215 305 24 0
1260 354 1472394756874 1215 305 24 0
1273 348 1472394756904 1215 305 24 0
1278 343 1472394756934 1215 305 24 0
1281 338 1472394756964 1215 305 24 0
1282 335 1472394756994 1215 305 24 0
1282 334 1472394757024 1215 305 24 0
1280 330 1472394757054 1215 305 24 0
1277 325 1472394757084 1215 305 24 0
1271 320 1472394757114 1215 305 24 0
1264 316 1472394757144 1215 305 24 0
1259 313 1472394757174 1215 305 24 0
1249 311 1472394757204 1215 305 24 0
1237 311 1472394757234 1215 305 24 0
1225 311 1472394757264 1215 305 24 1
1219 310 1472394757294 1215 305 24 1
1218 309 1472394757324 1215 305 24 1
1218 309 1472394757354 1215 305 24 1
1218 309 1472394757384 1215 305 24 1
1216 309 1472394757414 1215 305 24 1
1215 309 1472394757444 1215 305 24 1
1215 309 1472394757474 1215 305 24 1
1215 309 1472394757504 1215 305 24 1
1215 308 1472394757534 1215 305 24 1
1215 308 1472394757564 1215 305 24 1
1215 308 1472394757594 1215 305 24 1
1214 308 1472394757624 1215 305 24 1
1214 308 1472394757654 1215 305 24 1
1214 308 1472394757684 1215 305 24 1
1214 308 1472394757714 1215 305 24 1
1214 308 1472394757744 1215 305 24 1
1214 308 1472394757774 1215 305 24 1
1214 308 1472394757804 1215 305 24 1
1214 308 1472394757834 1215 305 24 1
1214 308 1472394757864 1215 305 24 1
1213 308 1472394757894 1215 305 24 1
1213 308 1472394757924 1215 305 24 1
1213 308 1472394757954 1215 305 24 1
1213 308 1472394757984 1215 305 24 1
1213 308 1472394758014 1215 305 24 1
1213 308 1472394758044 1215 305 24 1
1213 308 1472394758074 1215 305 24 1
1213 308 1472394758104 1215 305 24 1
1213 308 1472394758134 1215 305 24 1
1213 308 1472394758164 1215 305 24 1
1213 308 1472394758194 1215 305 24 1
1213 308 1472394758224 1215 305 24 1
1213 308 1472394758254 1215 305 24 1
1213 308 1472394758284 1215 305 24 1
1213 308 1472394758314 720 800 24 0
1213 308 1472394758344 720 800 24 0
1213 308 1472394758374 720 800 24 0
1213 308 1472394758404 720 800 24 0
1213 308 1472394758434 720 800 24 0
1213 308 1472394758464 720 800 24 0
1213 308 1472394758494 720 800 24 0
1213 308 1472394758524 720 800 24 0
1212 308 1472394758554 720 800 24 0
1202 309 1472394758584 720 800 24 0
1183 314 1472394758614 720 800 24 0
1160 323 1472394758644 720 800 24 0
1145 330 1472394758674 720 800 24 0
1121 345 1472394758704 720 800 24 0
1085 367 1472394758734 720 800 24 0
1035 398 1472394758764 720 800 24 0
998 421 1472394758794 720 800 24 0
948 456 1472394758824 720 800 24 0
904 492 1472394758854 720 800 24 0
860 534 1472394758884 720 800 24 0
815 577 1472394758914 720 800 24 0
771 618 1472394758944 720 800 24 0
748 641 1472394758974 720 800 24 0
725 672 1472394759004 720 800 24 0
711 698 1472394759034 720 800 24 0
695 723 1472394759064 720 800 24 0
681 744 1472394759094 720 800 24 0
676 755 1472394759124 720 800 24 0
672 769 1472394759154 720 800 24 0
671 781 1472394759184 720 800 24 0
672 790 1472394759214 720 800 24 0
675 795 1472394759244 720 800 24 0
681 799 1472394759274 720 800 24 0
690 800 1472394759304 720 800 24 0
700 799 1472394759334 720 800 24 0
711 798 1472394759364 720 800 24 1
716 799 1472394759394 720 800 24 1
718 799 1472394759424 720 800 24 1
719 800 1472394759454 720 800 24 1
719 801 1472394759484 720 800 24 1
719 801 1472394759514 720 800 24 1
719 801 1472394759544 720 800 24 1
719 801 1472394759574 720 800 24 1
719 801 1472394759604 720 800 24 1
719 801 1472394759634 720 800 24 1
719 801 1472394759664 720 800 24 1
719 800 1472394759694 720 800 24 1
719 800 1472394759724 720 800 24 1
719 800 1472394759754 720 800 24 1
719 800 1472394759784 720 800 24 1
719 800 1472394759814 720 800 24 1
719 800 1472394759844 720 800 24 1
719 800 1472394759874 720 800 24 1
719 800 1472394759904 720 800 24 1
719 800 1472394759934 720 800 24 1
719 800 1472394759964 720 800 24 1
719 801 1472394759994 720 800 24 1
719 801 1472394760024 720 800 24 1
719 802 1472394760054 720 800 24 1
719 803 1472394760084 720 800 24 1
719 803 1472394760114 720 800 24 1
719 803 1472394760144 720 800 24 1
719 803 1472394760174 720 800 24 1
719 803 1472394760204 720 800 24 1
719 803 1472394760234 720 800 24 1
719 803 1472394760264 720 800 24 1
719 803 1472394760294 720 800 24 1
719 803 1472394760324 720 800 24 1
719 803 1472394760354 1420 800 25 0
719 803 1472394760384 1420 800 25 0
719 803 1472394760414 1420 800 25 0
719 803 1472394760444 1420 800 25 0
719 803 1472394760474 1420 800 25 0
719 803 1472394760504 1420 800 25 0
719 803 1472394760534 1420 800 25 0
719 803 1472394760564 1420 800 25 0
719 803 1472394760594 1420 800 25 0
719 803 1472394760624 1420 800 25 0
724 797 1472394760654 1420 800 25 0
733 789 1472394760684 1420 800 25 0
752 774 1472394760714 1420 800 25 0
781 751 1472394760744 1420 800 25 0
831 718 1472394760774 1420 800 25 0
900 680 1472394760804 1420 800 25 0
962 655 1472394760834 1420 800 25 0
995 648 1472394760864 1420 800 25 0
1041 648 1472394760894 1420 800 25 0
1093 654 1472394760924 1420 800 25 0
1144 666 1472394760954 1420 800 25 0
1185 681 1472394760984 1420 800 25 0
1219 698 1472394761014 1420 800 25 0
1256 715 1472394761044 1420 800 25 0
1284 725 1472394761074 1420 800 25 0
1325 742 1472394761104 1420 800 25 0
1355 757 1472394761134 1420 800 25 0
1385 772 1472394761164 1420 800 25 0
1409 781 1472394761194 1420 800 25 0
1445 792 1472394761224 1420 800 25 0
1466 800 1472394761254 1420 800 25 0
1471 805 1472394761284 1420 800 25 0
1471 808 1472394761314 1420 800 25 0
1471 811 1472394761344 1420 800 25 0
1469 813 1472394761374 1420 800 25 0
1465 815 1472394761404 1420 800 25 0
1459 815 1472394761434 1420 800 25 0
1450 813 1472394761464 1420 800 25 0
1443 810 1472394761494 1420 800 25 0
1433 805 1472394761524 1420 800 25 1
1426 800 1472394761554 1420 800 25 1
1423 798 1472394761584 1420 800 25 1
1421 796 1472394761614 1420 800 25 1
1420 795 1472394761644 1420 800 25 1
1419 794 1472394761674 1420 800 25 1
1418 793 1472394761704 1420 800 25 1
1418 793 1472394761734 1420 800 25 1
1418 793 1472394761764 1420 800 25 1
1418 793 1472394761794 1420 800 25 1
1417 792 1472394761824 1420 800 25 1
1416 791 1472394761854 1420 800 25 1
1416 791 1472394761884 1420 800 25 1
1416 791 1472394761914 1420 800 25 1
1416 791 1472394761944 1420 800 25 1
1416 791 1472394761974 1420 800 25 1
1416 791 1472394762004 1420 800 25 1
1416 791 1472394762034 1420 800 25 1
1416 791 1472394762064 1420 800 25 1
1416 791 1472394762094 1420 800 25 1
1416 791 1472394762124 1420 800 25 1
1416 791 1472394762154 1420 800 25 1
1416 791 1472394762184 1420 800 25 1
1416 791 1472394762214 1420 800 25 1
1416 791 1472394762244 1420 800 25 1
1416 791 1472394762274 1420 800 25 1
1416 791 1472394762304 1420 800 25 1
1416 791 1472394762334 1420 800 25 1
1416 791 1472394762364 1420 800 25 1
1416 791 1472394762394 1420 800 25 1
1416 791 1472394762424 1420 800 25 1
1416 791 1472394762454 1420 800 25 1
1416 791 1472394762484 1420 800 25 1
1416 791 1472394762514 1420 800 25 1
1416 791 1472394762544 1420 800 25 1
1416 791 1472394762574 720 800 24 0
1416 791 1472394762604 720 800 24 0
1416 791 1472394762634 720 800 24 0
1416 791 1472394762664 720 800 24 0
1416 791 1472394762694 720 800 24 0
1416 791 1472394762724 720 800 24 0
1416 791 1472394762754 720 800 24 0
1415 791 1472394762784 720 800 24 0
1414 789 1472394762814 720 800 24 0
1408 784 1472394762844 720 800 24 0
1396 775 1472394762874 720 800 24 0
1385 767 1472394762904 720 800 24 0
1358 753 1472394762934 720 800 24 0
1318 737 1472394762964 720 800 24 0
1260 723 1472394762994 720 800 24 0
1192 715 1472394763024 720 800 24 0
1121 710 1472394763054 720 800 24 0
1051 707 1472394763084 720 800 24 0
1005 707 1472394763114 720 800 24 0
937 711 1472394763144 720 800 24 0
878 719 1472394763174 720 800 24 0
826 729 1472394763204 720 800 24 0
798 736 1472394763234 720 800 24 0
769 742 1472394763264 720 800 24 0
751 750 1472394763294 720 800 24 0
736 762 1472394763324 720 800 24 0
720 776 1472394763354 720 800 24 0
709 785 1472394763384 720 800 24 0
696 796 1472394763414 720 800 24 0
690 804 1472394763444 720 800 24 0
690 810 1472394763474 720 800 24 0
692 813 1472394763504 720 800 24 0
695 815 1472394763534 720 800 24 0
698 816 1472394763564 720 800 24 0
702 814 1472394763594 720 800 24 0
710 810 1472394763624 720 800 24 1
719 805 1472394763654 720 800 24 1
725 800 1472394763684 720 800 24 1
732 795 1472394763714 720 800 24 1
736 792 1472394763744 720 800 24 0
738 792 1472394763774 720 800 24 0
740 792 1472394763804 720 800 24 0
741 792 1472394763834 720 800 24 0
741 793 1472394763864 720 800 24 0
741 794 1472394763894 720 800 24 0
742 795 1472394763924 720 800 24 0
742 796 1472394763954 720 800 24 0
742 797 1472394763984 720 800 24 0
742 797 1472394764014 720 800 24 0
742 797 1472394764044 720 800 24 0
742 798 1472394764074 720 800 24 0
741 798 1472394764104 720 800 24 0
739 799 1472394764134 720 800 24 0
737 799 1472394764164 720 800 24 0
735 799 1472394764194 720 800 24 0
735 798 1472394764224 720 800 24 0
734 798 1472394764254 720 800 24 1
733 797 1472394764284 720 800 24 1
732 796 1472394764314 720 800 24 1
731 795 1472394764344 720 800 24 1
731 795 1472394764374 720 800 24 1
731 795 1472394764404 720 800 24 1
731 795 1472394764434 720 800 24 1
731 795 1472394764464 720 800 24 1
731 795 1472394764494 720 800 24 1
730 796 1472394764524 720 800 24 1
730 796 1472394764554 720 800 24 1
730 796 1472394764584 720 800 24 1
730 796 1472394764614 720 800 24 1
730 796 1472394764644 720 800 24 1
730 796 1472394764674 720 800 24 1
730 796 1472394764704 720 800 24 1
730 796 1472394764734 720 800 24 1
730 796 1472394764764 720 800 24 1
730 796 1472394764794 720 800 24 1
730 796 1472394764824 720 800 24 1
730 796 1472394764854 720 800 24 1
730 796 1472394764884 720 800 24 1
730 796 1472394764914 720 800 24 1
730 796 1472394764944 720 800 24 1
730 796 1472394764974 720 800 24 1
730 796 1472394765004 720 800 24 1
730 796 1472394765034 720 800 24 1
730 796 1472394765064 720 800 24 1
730 796 1472394765094 720 800 24 1
730 796 1472394765124 720 800 24 1
730 796 1472394765154 720 800 24 1
730 796 1472394765184 720 800 24 1
730 796 1472394765214 720 800 24 1
730 796 1472394765244 720 800 24 1
730 796 1472394765274 20 800 14 0
730 796 1472394765304 20 800 14 0
730 796 1472394765334 20 800 14 0
730 796 1472394765364 20 800 14 0
730 796 1472394765394 20 800 14 0
730 796 1472394765424 20 800 14 0
730 796 1472394765454 20 800 14 0
730 796 1472394765484 20 800 14 0
730 796 1472394765514 20 800 14 0
729 796 1472394765544 20 800 14 0
727 794 1472394765574 20 800 14 0
723 792 1472394765604 20 800 14 0
712 789 1472394765634 20 800 14 0
698 788 1472394765664 20 800 14 0
667 788 1472394765694 20 800 14 0
627 791 1472394765724 20 800 14 0
584 796 1472394765754 20 800 14 0
539 802 1472394765784 20 800 14 0
492 811 1472394765814 20 800 14 0
445 819 1472394765844 20 800 14 0
418 825 1472394765874 20 800 14 0
385 830 1472394765904 20 800 14 0
357 833 1472394765934 20 800 14 0
339 835 1472394765964 20 800 14 0
315 836 1472394765994 20 800 14 0
294 836 1472394766024 20 800 14 0
275 835 1472394766054 20 800 14 0
255 835 1472394766084 20 800 14 0
234 834 1472394766114 20 800 14 0
217 829 1472394766144 20 800 14 0
206 825 1472394766174 20 800 14 0
187 820 1472394766204 20 800 14 0
165 815 1472394766234 20 800 14 0
151 811 1472394766264 20 800 14 0
129 804 1472394766294 20 800 14 0
110 797 1472394766324 20 800 14 0
95 791 1472394766354 20 800 14 0
83 786 1472394766384 20 800 14 0
74 782 1472394766414 20 800 14 0
67 780 1472394766444 20 800 14 0
63 780 1472394766474 20 800 14 0
60 779 1472394766504 20 800 14 0
58 779 1472394766534 20 800 14 0
57 780 1472394766564 20 800 14 0
56 783 1472394766594 20 800 14 0
54 788 1472394766624 20 800 14 0
53 793 1472394766654 20 800 14 0
52 798 1472394766684 20 800 14 0
51 802 1472394766714 20 800 14 0
50 806 1472394766744 20 800 14 0
49 810 1472394766774 20 800 14 0
48 813 1472394766804 20 800 14 0
48 815 1472394766834 20 800 14 0
47 816 1472394766864 20 800 14 0
47 817 1472394766894 20 800 14 0
47 818 1472394766924 20 800 14 0
46 819 1472394766954 20 800 14 0
43 819 1472394766984 20 800 14 0
40 819 1472394767014 20 800 14 0
37 818 1472394767044 20 800 14 0
35 816 1472394767074 20 800 14 0
32 813 1472394767104 20 800 14 0
28 811 1472394767134 20 800 14 0
25 809 1472394767164 20 800 14 0
23 806 1472394767194 20 800 14 0
23 805 1472394767224 20 800 14 0
22 803 1472394767254 20 800 14 1
22 802 1472394767284 20 800 14 1
20 800 1472394767314 20 800 14 1
19 799 1472394767344 20 800 14 1
19 799 1472394767374 20 800 14 1
19 799 1472394767404 20 800 14 1
19 799 1472394767434 20 800 14 1
19 799 1472394767464 20 800 14 1
19 799 1472394767494 20 800 14 1
19 799 1472394767524 20 800 14 1
19 799 1472394767554 20 800 14 1
19 799 1472394767584 20 800 14 1
19 799 1472394767614 20 800 14 1
19 799 1472394767644 20 800 14 1
19 799 1472394767674 20 800 14 1
19 799 1472394767704 20 800 14 1
19 799 1472394767734 20 800 14 1
19 799 1472394767764 20 800 14 1
19 799 1472394767794 20 800 14 1
19 799 1472394767824 20 800 14 1
19 799 1472394767854 20 800 14 1
19 799 1472394767884 20 800 14 1
19 799 1472394767914 20 800 14 1
19 799 1472394767944 20 800 14 1
19 799 1472394767974 20 800 14 1
19 799 1472394768004 20 800 14 1
19 799 1472394768034 20 800 14 1
19 799 1472394768064 20 800 14 1
19 799 1472394768094 20 800 14 1
19 799 1472394768124 20 800 14 1
19 799 1472394768154 20 800 14 1
19 799 1472394768184 20 800 14 1
19 799 1472394768214 20 800 14 1
19 799 1472394768244 20 800 14 1
19 799 1472394768274 20 800 14 1
19 799 1472394768304 720 800 15 0
19 799 1472394768334 720 800 15 0
19 799 1472394768364 720 800 15 0
19 799 1472394768394 720 800 15 0
19 799 1472394768424 720 800 15 0
19 799 1472394768454 720 800 15 0
19 799 1472394768484 720 800 15 0
19 799 1472394768514 720 800 15 0
19 799 1472394768544 720 800 15 0
20 799 1472394768574 720 800 15 0
26 796 1472394768604 720 800 15 0
40 786 1472394768634 720 800 15 0
53 776 1472394768664 720 800 15 0
82 758 1472394768694 720 800 15 0
132 735 1472394768724 720 800 15 0
163 725 1472394768754 720 800 15 0
217 710 1472394768784 720 800 15 0
277 696 1472394768814 720 800 15 0
316 689 1472394768844 720 800 15 0
367 683 1472394768874 720 800 15 0
413 680 1472394768904 720 800 15 0
461 676 1472394768934 720 800 15 0
502 676 1472394768964 720 800 15 0
531 681 1472394768994 720 800 15 0
555 688 1472394769024 720 800 15 0
571 693 1472394769054 720 800 15 0
596 701 1472394769084 720 800 15 0
621 710 1472394769114 720 800 15 0
644 720 1472394769144 720 800 15 0
657 726 1472394769174 720 800 15 0
674 735 1472394769204 720 800 15 0
687 743 1472394769234 720 800 15 0
695 750 1472394769264 720 800 15 0
701 756 1472394769294 720 800 15 0
705 760 1472394769324 720 800 15 0
709 765 1472394769354 720 800 15 0
711 769 1472394769384 720 800 15 0
711 772 1472394769414 720 800 15 0
713 774 1472394769444 720 800 15 0
714 775 1472394769474 720 800 15 0
715 776 1472394769504 720 800 15 0
716 778 1472394769534 720 800 15 0
718 780 1472394769564 720 800 15 0
718 780 1472394769594 720 800 15 0
718 781 1472394769624 720 800 15 0
718 781 1472394769654 720 800 15 0
718 781 1472394769684 720 800 15 0
718 782 1472394769714 720 800 15 0
718 783 1472394769744 720 800 15 0
718 784 1472394769774 720 800 15 0
719 786 1472394769804 720 800 15 0
719 787 1472394769834 720 800 15 0
719 788 1472394769864 720 800 15 0
720 789 1472394769894 720 800 15 0
720 790 1472394769924 720 800 15 0
721 792 1472394769954 720 800 15 0
721 793 1472394769984 720 800 15 0
721 793 1472394770014 720 800 15 0
721 793 1472394770044 720 800 15 0
721 793 1472394770074 720 800 15 0
721 793 1472394770104 720 800 15 0
721 794 1472394770134 720 800 15 0
721 794 1472394770164 720 800 15 0
721 794 1472394770194 720 800 15 0
721 794 1472394770224 720 800 15 0
721 794 1472394770254 720 800 15 0
722 794 1472394770284 720 800 15 0
722 794 1472394770314 720 800 15 0
722 794 1472394770344 720 800 15 0
722 794 1472394770374 720 800 15 0
722 794 1472394770404 720 800 15 0
722 795 1472394770434 720 800 15 0
722 795 1472394770464 720 800 15 0
722 795 1472394770494 720 800 15 0
722 795 1472394770524 720 800 15 0
722 796 1472394770554 720 800 15 1
722 796 1472394770584 720 800 15 1
722 796 1472394770614 720 800 15 1
722 796 1472394770644 720 800 15 1
722 796 1472394770674 720 800 15 1
722 796 1472394770704 720 800 15 1
721 797 1472394770734 720 800 15 1
720 798 1472394770764 720 800 15 1
719 798 1472394770794 720 800 15 1
719 798 1472394770824 720 800 15 1
718 798 1472394770854 720 800 15 1
718 798 1472394770884 720 800 15 1
717 799 1472394770914 720 800 15 1
717 799 1472394770944 720 800 15 1
717 799 1472394770974 720 800 15 1
717 799 1472394771004 720 800 15 1
717 799 1472394771034 720 800 15 1
717 799 1472394771064 720 800 15 1
717 799 1472394771094 720 800 15 1
717 799 1472394771124 720 800 15 1
717 799 1472394771154 720 800 15 1
717 799 1472394771184 720 800 15 1
717 799 1472394771214 720 800 15 1
717 799 1472394771244 720 800 15 1
717 799 1472394771274 720 800 15 1
717 799 1472394771304 720 800 15 1
717 799 1472394771334 720 800 15 1
717 799 1472394771364 720 800 15 1
717 799 1472394771394 720 800 15 1
717 799 1472394771424 720 800 15 1
717 799 1472394771454 720 800 15 1
717 799 1472394771484 720 800 15 1
717 799 1472394771514 720 800 15 1
717 799 1472394771544 225 305 14 0
717 799 1472394771574 225 305 14 0
717 799 1472394771604 225 305 14 0
717 799 1472394771634 225 305 14 0
717 799 1472394771664 225 305 14 0
717 799 1472394771694 225 305 14 0
717 799 1472394771724 225 305 14 0
717 799 1472394771754 225 305 14 0
717 799 1472394771784 225 305 14 0
716 798 1472394771814 225 305 14 0
714 798 1472394771844 225 305 14 0
707 795 1472394771874 225 305 14 0
695 790 1472394771904 225 305 14 0
676 782 1472394771934 225 305 14 0
659 774 1472394771964 225 305 14 0
629 757 1472394771994 225 305 14 0
593 735 1472394772024 225 305 14 0
553 709 1472394772054 225 305 14 0
513 680 1472394772084 225 305 14 0
473 649 1472394772114 225 305 14 0
431 618 1472394772144 225 305 14 0
403 598 1472394772174 225 305 14 0
362 568 1472394772204 225 305 14 0
328 537 1472394772234 225 305 14 0
301 509 1472394772264 225 305 14 0
276 484 1472394772294 225 305 14 0
261 469 1472394772324 225 305 14 0
242 447 1472394772354 225 305 14 0
229 427 1472394772384 225 305 14 0
220 410 1472394772414 225 305 14 0
217 399 1472394772444 225 305 14 0
215 384 1472394772474 225 305 14 0
213 372 1472394772504 225 305 14 0
214 362 1472394772534 225 305 14 0
217 352 1472394772564 225 305 14 0
222 344 1472394772594 225 305 14 0
226 339 1472394772624 225 305 14 0
228 332 1472394772654 225 305 14 0
229 329 1472394772684 225 305 14 0
231 326 1472394772714 225 305 14 0
234 322 1472394772744 225 305 14 0
236 317 1472394772774 225 305 14 0
237 314 1472394772804 225 305 14 0
237 312 1472394772834 225 305 14 0
237 311 1472394772864 225 305 14 0
237 309 1472394772894 225 305 14 0
237 309 1472394772924 225 305 14 0
237 308 1472394772954 225 305 14 0
237 308 1472394772984 225 305 14 0
236 308 1472394773014 225 305 14 0
235 309 1472394773044 225 305 14 0
233 310 1472394773074 225 305 14 0
232 310 1472394773104 225 305 14 0
231 310 1472394773134 225 305 14 0
231 310 1472394773164 225 305 14 0
230 310 1472394773194 225 305 14 0
228 310 1472394773224 225 305 14 0
226 309 1472394773254 225 305 14 1
224 309 1472394773284 225 305 14 1
223 308 1472394773314 225 305 14 1
223 308 1472394773344 225 305 14 1
223 309 1472394773374 225 305 14 1
223 309 1472394773404 225 305 14 1
224 310 1472394773434 225 305 14 0
224 310 1472394773464 225 305 14 0
224 310 1472394773494 225 305 14 0
224 310 1472394773524 225 305 14 0
225 311 1472394773554 225 305 14 0
225 311 1472394773584 225 305 14 0
225 311 1472394773614 225 305 14 0
225 311 1472394773644 225 305 14 0
225 311 1472394773674 225 305 14 0
225 311 1472394773704 225 305 14 0
225 311 1472394773734 225 305 14 0
225 311 1472394773764 225 305 14 0
225 311 1472394773794 225 305 14 0
225 311 1472394773824 225 305 14 0
225 311 1472394773854 225 305 14 0
225 312 1472394773884 225 305 14 0
226 312 1472394773914 225 305 14 0
226 312 1472394773944 225 305 14 0
226 312 1472394773974 225 305 14 0
226 312 1472394774004 225 305 14 0
226 312 1472394774034 225 305 14 0
226 312 1472394774064 225 305 14 0
226 312 1472394774094 225 305 14 0
226 312 1472394774124 225 305 14 0
226 312 1472394774154 225 305 14 0
226 312 1472394774184 225 305 14 0
226 312 1472394774214 225 305 14 0
226 312 1472394774244 225 305 14 0
226 312 1472394774274 225 305 14 0
226 312 1472394774304 225 305 14 0
226 312 1472394774334 225 305 14 0
226 312 1472394774364 225 305 14 0
226 312 1472394774394 225 305 14 0
226 312 1472394774424 225 305 14 0
226 312 1472394774454 225 305 14 0
226 312 1472394774484 225 305 14 0
226 312 1472394774514 225 305 14 0
226 312 1472394774544 225 305 14 0
226 312 1472394774574 225 305 14 0
226 312 1472394774604 225 305 14 0
226 312 1472394774634 225 305 14 0
226 312 1472394774664 225 305 14 0
226 312 1472394774694 225 305 14 0
226 312 1472394774724 225 305 14 0
226 311 1472394774754 225 305 14 0
226 310 1472394774784 225 305 14 0
225 309 1472394774814 225 305 14 1
225 306 1472394774844 225 305 14 1
225 302 1472394774874 225 305 14 1
225 297 1472394774904 225 305 14 0
225 294 1472394774934 225 305 14 0
225 293 1472394774964 225 305 14 0
225 292 1472394774994 225 305 14 0
225 291 1472394775024 225 305 14 0
225 291 1472394775054 225 305 14 0
226 292 1472394775084 225 305 14 0
227 293 1472394775114 225 305 14 0
228 294 1472394775144 225 305 14 0
229 296 1472394775174 225 305 14 0
230 298 1472394775204 225 305 14 0
231 300 1472394775234 225 305 14 0
231 300 1472394775264 225 305 14 0
232 301 1472394775294 225 305 14 0
232 302 1472394775324 225 305 14 0
232 302 1472394775354 225 305 14 0
232 302 1472394775384 225 305 14 0
232 303 1472394775414 225 305 14 0
232 303 1472394775444 225 305 14 0
232 303 1472394775474 225 305 14 0
232 303 1472394775504 225 305 14 0
232 303 1472394775534 225 305 14 0
232 303 1472394775564 225 305 14 0
232 303 1472394775594 225 305 14 0
232 304 1472394775624 225 305 14 0
232 304 1472394775654 225 305 14 0
232 303 1472394775684 225 305 14 0
232 303 1472394775714 225 305 14 0
232 303 1472394775744 225 305 14 0
232 303 1472394775774 225 305 14 0
232 303 1472394775804 225 305 14 0
232 303 1472394775834 225 305 14 0
232 303 1472394775864 225 305 14 0
231 302 1472394775894 225 305 14 0
231 302 1472394775924 225 305 14 0
231 302 1472394775954 225 305 14 0
230 302 1472394775984 225 305 14 0
230 302 1472394776014 225 305 14 0
230 302 1472394776044 225 305 14 0
229 302 1472394776074 225 305 14 0
229 301 1472394776104 225 305 14 0
228 301 1472394776134 225 305 14 0
228 301 1472394776164 225 305 14 0
228 301 1472394776194 225 305 14 0
228 301 1472394776224 225 305 14 0
228 301 1472394776254 225 305 14 0
227 301 1472394776284 225 305 14 1
226 301 1472394776314 225 305 14 1
225 301 1472394776344 225 305 14 1
225 302 1472394776374 225 305 14 1
224 303 1472394776404 225 305 14 1
224 305 1472394776434 225 305 14 1
224 306 1472394776464 225 305 14 1
224 306 1472394776494 225 305 14 1
224 306 1472394776524 225 305 14 1
224 306 1472394776554 225 305 14 1
224 306 1472394776584 225 305 14 1
224 306 1472394776614 225 305 14 1
224 306 1472394776644 225 305 14 1
224 306 1472394776674 225 305 14 1
224 306 1472394776704 225 305 14 1
224 306 1472394776734 225 305 14 1
224 306 1472394776764 225 305 14 1
224 306 1472394776794 225 305 14 1
224 306 1472394776824 225 305 14 1
224 306 1472394776854 225 305 14 1
224 306 1472394776884 225 305 14 1
224 306 1472394776914 225 305 14 1
224 306 1472394776944 225 305 14 1
224 306 1472394776974 225 305 14 1
224 306 1472394777004 225 305 14 1
224 306 1472394777034 225 305 14 1
224 306 1472394777064 225 305 14 1
224 306 1472394777094 225 305 14 1
224 306 1472394777124 225 305 14 1
224 306 1472394777154 225 305 14 1
224 306 1472394777184 225 305 14 1
224 306 1472394777214 225 305 14 1
224 306 1472394777244 225 305 14 1
224 306 1472394777274 225 305 14 1
224 306 1472394777304 225 305 14 1
224 306 1472394777334 720 800 15 0
224 306 1472394777364 720 800 15 0
224 307 1472394777394 720 800 15 0
224 307 1472394777424 720 800 15 0
224 307 1472394777454 720 800 15 0
224 307 1472394777484 720 800 15 0
224 307 1472394777514 720 800 15 0
224 307 1472394777544 720 800 15 0
224 307 1472394777574 720 800 15 0
224 307 1472394777604 720 800 15 0
224 307 1472394777634 720 800 15 0
227 306 1472394777664 720 800 15 0
233 304 1472394777694 720 800 15 0
238 304 1472394777724 720 800 15 0
250 307 1472394777754 720 800 15 0
267 315 1472394777784 720 800 15 0
293 329 1472394777814 720 800 15 0
324 348 1472394777844 720 800 15 0
358 372 1472394777874 720 800 15 0
384 389 1472394777904 720 800 15 0
423 417 1472394777934 720 800 15 0
460 448 1472394777964 720 800 15 0
493 482 1472394777994 720 800 15 0
511 505 1472394778024 720 800 15 0
537 540 1472394778054 720 800 15 0
561 574 1472394778084 720 800 15 0
586 608 1472394778114 720 800 15 0
609 642 1472394778144 720 800 15 0
627 672 1472394778174 720 800 15 0
638 691 1472394778204 720 800 15 0
654 715 1472394778234 720 800 15 0
668 735 1472394778264 720 800 15 0
679 750 1472394778294 720 800 15 0
690 759 1472394778324 720 800 15 0
701 766 1472394778354 720 800 15 0
711 770 1472394778384 720 800 15 0
716 773 1472394778414 720 800 15 0
721 775 1472394778444 720 800 15 0
725 777 1472394778474 720 800 15 0
729 780 1472394778504 720 800 15 0
732 782 1472394778534 720 800 15 0
734 787 1472394778564 720 800 15 0
735 789 1472394778594 720 800 15 0
735 789 1472394778624 720 800 15 0
734 790 1472394778654 720 800 15 0
730 792 1472394778684 720 800 15 0
722 793 1472394778714 720 800 15 0
715 793 1472394778744 720 800 15 0
709 792 1472394778774 720 800 15 0
706 789 1472394778804 720 800 15 0
704 787 1472394778834 720 800 15 0
702 787 1472394778864 720 800 15 0
701 786 1472394778894 720 800 15 0
701 785 1472394778924 720 800 15 0
701 786 1472394778954 720 800 15 0
702 787 1472394778984 720 800 15 0
704 788 1472394779014 720 800 15 0
706 790 1472394779044 720 800 15 0
709 792 1472394779074 720 800 15 0
710 793 1472394779104 720 800 15 0
710 794 1472394779134 720 800 15 0
711 794 1472394779164 720 800 15 0
713 795 1472394779194 720 800 15 0
714 795 1472394779224 720 800 15 0
716 796 1472394779254 720 800 15 0
717 796 1472394779284 720 800 15 1
717 796 1472394779314 720 800 15 1
717 796 1472394779344 720 800 15 1
717 795 1472394779374 720 800 15 0
717 795 1472394779404 720 800 15 0
717 795 1472394779434 720 800 15 0
717 795 1472394779464 720 800 15 0
717 795 1472394779494 720 800 15 0
717 795 1472394779524 720 800 15 0
717 795 1472394779554 720 800 15 0
717 796 1472394779584 720 800 15 1
718 798 1472394779614 720 800 15 1
718 801 1472394779644 720 800 15 1
719 803 1472394779674 720 800 15 1
720 806 1472394779704 720 800 15 0
720 807 1472394779734 720 800 15 0
720 807 1472394779764 720 800 15 0
720 807 1472394779794 720 800 15 0
720 807 1472394779824 720 800 15 0
720 807 1472394779854 720 800 15 0
720 808 1472394779884 720 800 15 0
720 808 1472394779914 720 800 15 0
720 808 1472394779944 720 800 15 0
720 808 1472394779974 720 800 15 0
720 806 1472394780004 720 800 15 0
720 805 1472394780034 720 800 15 1
719 802 1472394780064 720 800 15 1
719 801 1472394780094 720 800 15 1
719 800 1472394780124 720 800 15 1
718 799 1472394780154 720 800 15 1
718 797 1472394780184 720 800 15 1
717 795 1472394780214 720 800 15 0
717 795 1472394780244 720 800 15 0
717 795 1472394780274 720 800 15 0
717 795 1472394780304 720 800 15 0
717 795 1472394780334 720 800 15 0
717 795 1472394780364 720 800 15 0
717 795 1472394780394 720 800 15 0
717 796 1472394780424 720 800 15 1
717 796 1472394780454 720 800 15 1
717 796 1472394780484 720 800 15 1
717 797 1472394780514 720 800 15 1
718 797 1472394780544 720 800 15 1
718 797 1472394780574 720 800 15 1
718 797 1472394780604 720 800 15 1
718 798 1472394780634 720 800 15 1
718 798 1472394780664 720 800 15 1
718 798 1472394780694 720 800 15 1
719 799 1472394780724 720 800 15 1
719 799 1472394780754 720 800 15 1
719 799 1472394780784 720 800 15 1
719 799 1472394780814 720 800 15 1
719 799 1472394780844 720 800 15 1
719 799 1472394780874 720 800 15 1
719 799 1472394780904 720 800 15 1
719 799 1472394780934 720 800 15 1
719 799 1472394780964 720 800 15 1
719 799 1472394780994 720 800 15 1
719 799 1472394781024 720 800 15 1
719 799 1472394781054 720 800 15 1
719 799 1472394781084 720 800 15 1
719 799 1472394781114 720 800 15 1
719 799 1472394781144 720 800 15 1
719 799 1472394781174 720 800 15 1
719 799 1472394781204 720 800 15 1
719 799 1472394781234 720 800 15 1
719 799 1472394781264 720 800 15 1
719 799 1472394781294 720 800 15 1
719 799 1472394781324 720 800 15 1
719 799 1472394781354 720 800 15 1
719 799 1472394781384 720 800 15 1
719 799 1472394781414 720 800 15 1
719 799 1472394781444 720 100 14 0
719 799 1472394781474 720 100 14 0
719 799 1472394781504 720 100 14 0
719 799 1472394781534 720 100 14 0
719 799 1472394781564 720 100 14 0
719 799 1472394781594 720 100 14 0
719 799 1472394781624 720 100 14 0
719 799 1472394781654 720 100 14 0
719 799 1472394781684 720 100 14 0
719 799 1472394781714 720 100 14 0
719 799 1472394781744 720 100 14 0
719 798 1472394781774 720 100 14 0
717 797 1472394781804 720 100 14 0
714 792 1472394781834 720 100 14 0
709 784 1472394781864 720 100 14 0
704 769 1472394781894 720 100 14 0
700 756 1472394781924 720 100 14 0
693 723 1472394781954 720 100 14 0
692 701 1472394781984 720 100 14 0
690 664 1472394782014 720 100 14 0
688 623 1472394782044 720 100 14 0
686 579 1472394782074 720 100 14 0
686 550 1472394782104 720 100 14 0
685 505 1472394782134 720 100 14 0
687 459 1472394782164 720 100 14 0
688 413 1472394782194 720 100 14 0
688 385 1472394782224 720 100 14 0
689 346 1472394782254 720 100 14 0
692 310 1472394782284 720 100 14 0
694 279 1472394782314 720 100 14 0
694 252 1472394782344 720 100 14 0
694 229 1472394782374 720 100 14 0
695 214 1472394782404 720 100 14 0
699 196 1472394782434 720 100 14 0
701 183 1472394782464 720 100 14 0
701 174 1472394782494 720 100 14 0
702 166 1472394782524 720 100 14 0
703 160 1472394782554 720 100 14 0
705 151 1472394782584 720 100 14 0
706 144 1472394782614 720 100 14 0
706 137 1472394782644 720 100 14 0
707 132 1472394782674 720 100 14 0
708 128 1472394782704 720 100 14 0
709 125 1472394782734 720 100 14 0
709 122 1472394782764 720 100 14 0
709 119 1472394782794 720 100 14 0
710 115 1472394782824 720 100 14 0
711 111 1472394782854 720 100 14 0
711 109 1472394782884 720 100 14 0
711 107 1472394782914 720 100 14 0
712 103 1472394782944 720 100 14 0
712 100 1472394782974 720 100 14 0
713 98 1472394783004 720 100 14 0
713 96 1472394783034 720 100 14 0
714 95 1472394783064 720 100 14 0
715 94 1472394783094 720 100 14 0
715 93 1472394783124 720 100 14 0
715 92 1472394783154 720 100 14 0
715 92 1472394783184 720 100 14 0
715 92 1472394783214 720 100 14 0
715 92 1472394783244 720 100 14 0
716 93 1472394783274 720 100 14 0
717 94 1472394783304 720 100 14 0
718 96 1472394783334 720 100 14 1
718 98 1472394783364 720 100 14 1
719 101 1472394783394 720 100 14 1
719 104 1472394783424 720 100 14 1
720 106 1472394783454 720 100 14 0
720 108 1472394783484 720 100 14 0
721 109 1472394783514 720 100 14 0
721 110 1472394783544 720 100 14 0
721 110 1472394783574 720 100 14 0
721 110 1472394783604 720 100 14 0
721 110 1472394783634 720 100 14 0
721 110 1472394783664 720 100 14 0
721 110 1472394783694 720 100 14 0
721 110 1472394783724 720 100 14 0
721 108 1472394783754 720 100 14 0
720 107 1472394783784 720 100 14 0
719 106 1472394783814 720 100 14 0
719 106 1472394783844 720 100 14 0
719 105 1472394783874 720 100 14 0
719 105 1472394783904 720 100 14 0
719 105 1472394783934 720 100 14 0
719 105 1472394783964 720 100 14 0
719 105 1472394783994 720 100 14 0
719 105 1472394784024 720 100 14 0
719 105 1472394784054 720 100 14 0
719 105 1472394784084 720 100 14 0
719 105 1472394784114 720 100 14 0
719 105 1472394784144 720 100 14 0
719 105 1472394784174 720 100 14 0
719 105 1472394784204 720 100 14 0
719 104 1472394784234 720 100 14 1
719 103 1472394784264 720 100 14 1
720 101 1472394784294 720 100 14 1
721 100 1472394784324 720 100 14 1
721 99 1472394784354 720 100 14 1
721 99 1472394784384 720 100 14 1
721 99 1472394784414 720 100 14 1
722 98 1472394784444 720 100 14 1
722 98 1472394784474 720 100 14 1
722 98 1472394784504 720 100 14 1
722 98 1472394784534 720 100 14 1
722 99 1472394784564 720 100 14 1
723 99 1472394784594 720 100 14 1
723 99 1472394784624 720 100 14 1
723 99 1472394784654 720 100 14 1
723 99 1472394784684 720 100 14 1
723 99 1472394784714 720 100 14 1
723 99 1472394784744 720 100 14 1
723 99 1472394784774 720 100 14 1
723 99 1472394784804 720 100 14 1
723 100 1472394784834 720 100 14 1
723 100 1472394784864 720 100 14 1
723 100 1472394784894 720 100 14 1
723 100 1472394784924 720 100 14 1
723 100 1472394784954 720 100 14 1
723 100 1472394784984 720 100 14 1
723 100 1472394785014 720 100 14 1
723 100 1472394785044 720 100 14 1
723 100 1472394785074 720 100 14 1
723 100 1472394785104 720 100 14 1
723 100 1472394785134 720 100 14 1
723 100 1472394785164 720 100 14 1
723 100 1472394785194 720 100 14 1
723 100 1472394785224 720 100 14 1
723 100 1472394785254 720 800 15 0
724 101 1472394785284 720 800 15 0
724 101 1472394785314 720 800 15 0
724 101 1472394785344 720 800 15 0
724 101 1472394785374 720 800 15 0
724 101 1472394785404 720 800 15 0
724 101 1472394785434 720 800 15 0
724 101 1472394785464 720 800 15 0
724 101 1472394785494 720 800 15 0
724 101 1472394785524 720 800 15 0
724 101 1472394785554 720 800 15 0
724 101 1472394785584 720 800 15 0
724 102 1472394785614 720 800 15 0
725 103 1472394785644 720 800 15 0
727 109 1472394785674 720 800 15 0
727 117 1472394785704 720 800 15 0
726 136 1472394785734 720 800 15 0
725 160 1472394785764 720 800 15 0
725 190 1472394785794 720 800 15 0
724 226 1472394785824 720 800 15 0
721 268 1472394785854 720 800 15 0
720 298 1472394785884 720 800 15 0
717 345 1472394785914 720 800 15 0
715 392 1472394785944 720 800 15 0
713 440 1472394785974 720 800 15 0
712 487 1472394786004 720 800 15 0
712 517 1472394786034 720 800 15 0
714 556 1472394786064 720 800 15 0
720 593 1472394786094 720 800 15 0
725 630 1472394786124 720 800 15 0
726 663 1472394786154 720 800 15 0
726 683 1472394786184 720 800 15 0
727 708 1472394786214 720 800 15 0
729 730 1472394786244 720 800 15 0
729 748 1472394786274 720 800 15 0
729 757 1472394786304 720 800 15 0
729 768 1472394786334 720 800 15 0
730 776 1472394786364 720 800 15 0
731 783 1472394786394 720 800 15 0
729 788 1472394786424 720 800 15 0
728 790 1472394786454 720 800 15 0
728 791 1472394786484 720 800 15 0
728 791 1472394786514 720 800 15 0
728 791 1472394786544 720 800 15 0
728 791 1472394786574 720 800 15 0
728 791 1472394786604 720 800 15 0
728 791 1472394786634 720 800 15 0
727 792 1472394786664 720 800 15 0
726 792 1472394786694 720 800 15 0
724 793 1472394786724 720 800 15 0
723 794 1472394786754 720 800 15 0
722 794 1472394786784 720 800 15 0
722 794 1472394786814 720 800 15 0
722 794 1472394786844 720 800 15 0
721 794 1472394786874 720 800 15 0
720 794 1472394786904 720 800 15 0
720 794 1472394786934 720 800 15 0
720 794 1472394786964 720 800 15 0
720 794 1472394786994 720 800 15 0
720 794 1472394787024 720 800 15 0
720 795 1472394787054 720 800 15 1
720 796 1472394787084 720 800 15 1
720 797 1472394787114 720 800 15 1
720 799 1472394787144 720 800 15 1
720 800 1472394787174 720 800 15 1
720 801 1472394787204 720 800 15 1
720 801 1472394787234 720 800 15 1
720 801 1472394787264 720 800 15 1
720 801 1472394787294 720 800 15 1
720 801 1472394787324 720 800 15 1
720 801 1472394787354 720 800 15 1
720 801 1472394787384 720 800 15 1
720 801 1472394787414 720 800 15 1
720 801 1472394787444 720 800 15 1
720 801 1472394787474 720 800 15 1
720 801 1472394787504 720 800 15 1
719 800 1472394787534 720 800 15 1
719 800 1472394787564 720 800 15 1
719 800 1472394787594 720 800 15 1
719 800 1472394787624 720 800 15 1
719 800 1472394787654 720 800 15 1
719 800 1472394787684 720 800 15 1
719 800 1472394787714 720 800 15 1
719 800 1472394787744 720 800 15 1
719 800 1472394787774 720 800 15 1
719 800 1472394787804 720 800 15 1
719 800 1472394787834 720 800 15 1
719 800 1472394787864 720 800 15 1
719 800 1472394787894 720 800 15 1
719 800 1472394787924 720 800 15 1
719 800 1472394787954 720 800 15 1
719 800 1472394787984 720 800 15 1
719 800 1472394788014 720 800 15 1
719 800 1472394788044 720 800 15 1
719 800 1472394788074 720 800 15 1
719 800 1472394788104 1215 305 14 0
719 800 1472394788134 1215 305 14 0
719 800 1472394788164 1215 305 14 0
719 800 1472394788194 1215 305 14 0
719 800 1472394788224 1215 305 14 0
719 800 1472394788254 1215 305 14 0
719 800 1472394788284 1215 305 14 0
719 800 1472394788314 1215 305 14 0
719 800 1472394788344 1215 305 14 0
720 798 1472394788374 1215 305 14 0
723 793 1472394788404 1215 305 14 0
727 785 1472394788434 1215 305 14 0
731 777 1472394788464 1215 305 14 0
742 758 1472394788494 1215 305 14 0
763 730 1472394788524 1215 305 14 0
790 695 1472394788554 1215 305 14 0
815 659 1472394788584 1215 305 14 0
841 622 1472394788614 1215 305 14 0
865 595 1472394788644 1215 305 14 0
913 548 1472394788674 1215 305 14 0
960 502 1472394788704 1215 305 14 0
998 462 1472394788734 1215 305 14 0
1029 430 1472394788764 1215 305 14 0
1059 404 1472394788794 1215 305 14 0
1079 389 1472394788824 1215 305 14 0
1105 373 1472394788854 1215 305 14 0
1125 361 1472394788884 1215 305 14 0
1138 352 1472394788914 1215 305 14 0
1146 348 1472394788944 1215 305 14 0
1162 341 1472394788974 1215 305 14 0
1183 333 1472394789004 1215 305 14 0
1199 328 1472394789034 1215 305 14 0
1208 323 1472394789064 1215 305 14 0
1215 317 1472394789094 1215 305 14 0
1220 313 1472394789124 1215 305 14 0
1226 309 1472394789154 1215 305 14 0
1227 308 1472394789184 1215 305 14 0
1227 307 1472394789214 1215 305 14 0
1226 306 1472394789244 1215 305 14 0
1222 306 1472394789274 1215 305 14 0
1219 305 1472394789304 1215 305 14 1
1214 304 1472394789334 1215 305 14 1
1210 304 1472394789364 1215 305 14 0
1207 303 1472394789394 1215 305 14 0
1204 303 1472394789424 1215 305 14 0
1202 303 1472394789454 1215 305 14 0
1201 303 1472394789484 1215 305 14 0
1201 303 1472394789514 1215 305 14 0
1201 303 1472394789544 1215 305 14 0
1201 303 1472394789574 1215 305 14 0
1201 303 1472394789604 1215 305 14 0
1201 303 1472394789634 1215 305 14 0
1201 303 1472394789664 1215 305 14 0
1201 303 1472394789694 1215 305 14 0
1201 303 1472394789724 1215 305 14 0
1201 303 1472394789754 1215 305 14 0
1202 303 1472394789784 1215 305 14 0
1204 303 1472394789814 1215 305 14 0
1207 302 1472394789844 1215 305 14 0
1210 301 1472394789874 1215 305 14 0
1210 301 1472394789904 1215 305 14 0
1210 301 1472394789934 1215 305 14 0
1210 301 1472394789964 1215 305 14 0
1210 301 1472394789994 1215 305 14 0
1210 301 1472394790024 1215 305 14 0
1210 301 1472394790054 1215 305 14 0
1210 301 1472394790084 1215 305 14 0
1210 301 1472394790114 1215 305 14 0
1210 301 1472394790144 1215 305 14 0
1210 303 1472394790174 1215 305 14 0
1210 305 1472394790204 1215 305 14 0
1210 307 1472394790234 1215 305 14 0
1210 309 1472394790264 1215 305 14 0
1210 310 1472394790294 1215 305 14 0
1210 310 1472394790324 1215 305 14 0
1210 311 1472394790354 1215 305 14 0
1210 311 1472394790384 1215 305 14 0
1210 311 1472394790414 1215 305 14 0
1210 311 1472394790444 1215 305 14 0
1210 311 1472394790474 1215 305 14 0
1210 311 1472394790504 1215 305 14 0
1210 310 1472394790534 1215 305 14 0
1210 308 1472394790564 1215 305 14 0
1210 305 1472394790594 1215 305 14 0
1210 303 1472394790624 1215 305 14 0
1210 302 1472394790654 1215 305 14 0
1210 302 1472394790684 1215 305 14 0
1210 302 1472394790714 1215 305 14 0
1210 302 1472394790744 1215 305 14 0
1210 301 1472394790774 1215 305 14 0
1210 301 1472394790804 1215 305 14 0
1210 302 1472394790834 1215 305 14 0
1210 302 1472394790864 1215 305 14 0
1210 303 1472394790894 1215 305 14 0
1210 304 1472394790924 1215 305 14 0
1210 305 1472394790954 1215 305 14 0
1210 305 1472394790984 1215 305 14 0
1210 305 1472394791014 1215 305 14 0
1210 305 1472394791044 1215 305 14 0
1210 305 1472394791074 1215 305 14 0
1210 305 1472394791104 1215 305 14 0
1210 305 1472394791134 1215 305 14 0
1210 305 1472394791164 1215 305 14 0
1210 305 1472394791194 1215 305 14 0
1210 305 1472394791224 1215 305 14 0
1210 305 1472394791254 1215 305 14 0
1210 305 1472394791284 1215 305 14 0
1211 305 1472394791314 1215 305 14 1
1213 305 1472394791344 1215 305 14 1
1214 305 1472394791374 1215 305 14 1
1215 305 1472394791404 1215 305 14 1
1215 306 1472394791434 1215 305 14 1
1215 306 1472394791464 1215 305 14 1
1215 306 1472394791494 1215 305 14 1
1215 306 1472394791524 1215 305 14 1
1215 306 1472394791554 1215 305 14 1
1215 306 1472394791584 1215 305 14 1
1215 306 1472394791614 1215 305 14 1
1215 306 1472394791644 1215 305 14 1
1215 306 1472394791674 1215 305 14 1
1215 306 1472394791704 1215 305 14 1
1215 306 1472394791734 1215 305 14 1
1215 306 1472394791764 1215 305 14 1
1215 306 1472394791794 1215 305 14 1
1215 306 1472394791824 1215 305 14 1
1215 306 1472394791854 1215 305 14 1
1215 306 1472394791884 1215 305 14 1
1215 306 1472394791914 1215 305 14 1
1215 306 1472394791944 1215 305 14 1
1215 306 1472394791974 1215 305 14 1
1215 306 1472394792004 1215 305 14 1
1215 306 1472394792034 1215 305 14 1
1215 306 1472394792064 1215 305 14 1
1215 306 1472394792094 1215 305 14 1
1215 306 1472394792124 1215 305 14 1
1215 306 1472394792154 1215 305 14 1
1215 306 1472394792184 1215 305 14 1
1215 306 1472394792214 1215 305 14 1
1215 306 1472394792244 1215 305 14 1
1215 306 1472394792274 1215 305 14 1
1215 306 1472394792304 1215 305 14 1
1215 306 1472394792334 1215 305 14 1
1215 306 1472394792364 720 800 14 0
1215 306 1472394792394 720 800 14 0
1215 306 1472394792424 720 800 14 0
1215 306 1472394792454 720 800 14 0
1215 306 1472394792484 720 800 14 0
1215 306 1472394792514 720 800 14 0
1215 306 1472394792544 720 800 14 0
1215 306 1472394792574 720 800 14 0
1215 306 1472394792604 720 800 14 0
1215 306 1472394792634 720 800 14 0
1215 306 1472394792664 720 800 14 0
1212 309 1472394792694 720 800 14 0
1199 315 1472394792724 720 800 14 0
1180 325 1472394792754 720 800 14 0
1156 338 1472394792784 720 800 14 0
1131 355 1472394792814 720 800 14 0
1110 369 1472394792844 720 800 14 0
1072 397 1472394792874 720 800 14 0
1030 428 1472394792904 720 800 14 0
989 460 1472394792934 720 800 14 0
949 492 1472394792964 720 800 14 0
910 524 1472394792994 720 800 14 0
885 546 1472394793024 720 800 14 0
852 579 1472394793054 720 800 14 0
821 610 1472394793084 720 800 14 0
792 641 1472394793114 720 800 14 0
776 659 1472394793144 720 800 14 0
759 683 1472394793174 720 800 14 0
747 702 1472394793204 720 800 14 0
738 719 1472394793234 720 800 14 0
731 734 1472394793264 720 800 14 0
727 744 1472394793294 720 800 14 0
724 749 1472394793324 720 800 14 0
720 756 1472394793354 720 800 14 0
717 763 1472394793384 720 800 14 0
715 771 1472394793414 720 800 14 0
714 779 1472394793444 720 800 14 0
712 787 1472394793474 720 800 14 0
711 791 1472394793504 720 800 14 0
710 794 1472394793534 720 800 14 0
712 796 1472394793564 720 800 14 0
714 798 1472394793594 720 800 14 0
715 798 1472394793624 720 800 14 0
718 797 1472394793654 720 800 14 1
725 793 1472394793684 720 800 14 0
731 790 1472394793714 720 800 14 0
734 789 1472394793744 720 800 14 0
735 789 1472394793774 720 800 14 0
735 788 1472394793804 720 800 14 0
735 788 1472394793834 720 800 14 0
735 789 1472394793864 720 800 14 0
734 790 1472394793894 720 800 14 0
733 791 1472394793924 720 800 14 0
731 793 1472394793954 720 800 14 0
730 795 1472394793984 720 800 14 0
729 797 1472394794014 720 800 14 0
728 799 1472394794044 720 800 14 0
728 800 1472394794074 720 800 14 0
728 801 1472394794104 720 800 14 0
728 803 1472394794134 720 800 14 0
728 803 1472394794164 720 800 14 0
728 803 1472394794194 720 800 14 0
728 803 1472394794224 720 800 14 0
728 803 1472394794254 720 800 14 0
727 802 1472394794284 720 800 14 0
724 800 1472394794314 720 800 14 1
722 798 1472394794344 720 800 14 1
722 797 1472394794374 720 800 14 1
721 797 1472394794404 720 800 14 1
721 796 1472394794434 720 800 14 1
720 795 1472394794464 720 800 14 0
720 794 1472394794494 720 800 14 0
720 794 1472394794524 720 800 14 0
720 795 1472394794554 720 800 14 0
721 796 1472394794584 720 800 14 1
722 796 1472394794614 720 800 14 1
723 798 1472394794644 720 800 14 1
724 799 1472394794674 720 800 14 1
724 799 1472394794704 720 800 14 1
724 799 1472394794734 720 800 14 1
724 799 1472394794764 720 800 14 1
724 799 1472394794794 720 800 14 1
725 799 1472394794824 720 800 14 0
725 799 1472394794854 720 800 14 0
725 799 1472394794884 720 800 14 0
725 799 1472394794914 720 800 14 0
725 799 1472394794944 720 800 14 0
725 799 1472394794974 720 800 14 0
725 799 1472394795004 720 800 14 0
725 800 1472394795034 720 800 14 0
725 800 1472394795064 720 800 14 0
725 800 1472394795094 720 800 14 0
725 800 1472394795124 720 800 14 0
725 800 1472394795154 720 800 14 0
725 800 1472394795184 720 800 14 0
725 800 1472394795214 720 800 14 0
725 800 1472394795244 720 800 14 0
725 800 1472394795274 720 800 14 0
724 800 1472394795304 720 800 14 1
723 799 1472394795334 720 800 14 1
721 798 1472394795364 720 800 14 1
720 797 1472394795394 720 800 14 1
719 797 1472394795424 720 800 14 1
719 796 1472394795454 720 800 14 1
719 796 1472394795484 720 800 14 1
718 796 1472394795514 720 800 14 1
717 795 1472394795544 720 800 14 0
717 795 1472394795574 720 800 14 0
718 796 1472394795604 720 800 14 1
718 797 1472394795634 720 800 14 1
718 797 1472394795664 720 800 14 1
718 797 1472394795694 720 800 14 1
718 798 1472394795724 720 800 14 1
718 799 1472394795754 720 800 14 1
718 799 1472394795784 720 800 14 1
719 799 1472394795814 720 800 14 1
719 799 1472394795844 720 800 14 1
719 800 1472394795874 720 800 14 1
720 801 1472394795904 720 800 14 1
720 802 1472394795934 720 800 14 1
720 802 1472394795964 720 800 14 1
720 802 1472394795994 720 800 14 1
720 802 1472394796024 720 800 14 1
720 802 1472394796054 720 800 14 1
720 802 1472394796084 720 800 14 1
720 802 1472394796114 720 800 14 1
720 802 1472394796144 720 800 14 1
720 802 1472394796174 720 800 14 1
720 802 1472394796204 720 800 14 1
720 802 1472394796234 720 800 14 1
720 802 1472394796264 720 800 14 1
720 802 1472394796294 720 800 14 1
720 802 1472394796324 720 800 14 1
720 802 1472394796354 720 800 14 1
720 802 1472394796384 720 800 14 1
720 802 1472394796414 720 800 14 1
720 802 1472394796444 720 800 14 1
720 802 1472394796474 720 800 14 1
720 802 1472394796504 720 800 14 1
720 802 1472394796534 720 800 14 1
720 802 1472394796564 720 800 14 1
721 802 1472394796594 720 800 14 1
721 802 1472394796624 1420 800 15 0
721 802 1472394796654 1420 800 15 0
721 802 1472394796684 1420 800 15 0
721 802 1472394796714 1420 800 15 0
721 802 1472394796744 1420 800 15 0
721 802 1472394796774 1420 800 15 0
721 802 1472394796804 1420 800 15 0
721 802 1472394796834 1420 800 15 0
722 802 1472394796864 1420 800 15 0
732 796 1472394796894 1420 800 15 0
745 790 1472394796924 1420 800 15 0
765 779 1472394796954 1420 800 15 0
785 768 1472394796984 1420 800 15 0
810 756 1472394797014 1420 800 15 0
849 739 1472394797044 1420 800 15 0
900 722 1472394797074 1420 800 15 0
934 712 1472394797104 1420 800 15 0
981 701 1472394797134 1420 800 15 0
1029 694 1472394797164 1420 800 15 0
1079 690 1472394797194 1420 800 15 0
1123 691 1472394797224 1420 800 15 0
1158 696 1472394797254 1420 800 15 0
1180 699 1472394797284 1420 800 15 0
1218 702 1472394797314 1420 800 15 0
1257 705 1472394797344 1420 800 15 0
1289 712 1472394797374 1420 800 15 0
1306 718 1472394797404 1420 800 15 0
1328 726 1472394797434 1420 800 15 0
1348 736 1472394797464 1420 800 15 0
1368 745 1472394797494 1420 800 15 0
1383 754 1472394797524 1420 800 15 0
1393 763 1472394797554 1420 800 15 0
1397 767 1472394797584 1420 800 15 0
1401 773 1472394797614 1420 800 15 0
1402 778 1472394797644 1420 800 15 0
1402 783 1472394797674 1420 800 15 0
1402 786 1472394797704 1420 800 15 0
1402 789 1472394797734 1420 800 15 0
1401 792 1472394797764 1420 800 15 0
1401 795 1472394797794 1420 800 15 0
1401 797 1472394797824 1420 800 15 0
1404 800 1472394797854 1420 800 15 0
1406 802 1472394797884 1420 800 15 0
1411 804 1472394797914 1420 800 15 0
1418 805 1472394797944 1420 800 15 0
1424 806 1472394797974 1420 800 15 0
1427 806 1472394798004 1420 800 15 0
1428 807 1472394798034 1420 800 15 0
1428 807 1472394798064 1420 800 15 0
1429 807 1472394798094 1420 800 15 0
1429 806 1472394798124 1420 800 15 0
1429 805 1472394798154 1420 800 15 0
1428 804 1472394798184 1420 800 15 0
1427 802 1472394798214 1420 800 15 0
1427 802 1472394798244 1420 800 15 0
1427 802 1472394798274 1420 800 15 0
1427 802 1472394798304 1420 800 15 0
1426 802 1472394798334 1420 800 15 0
1424 801 1472394798364 1420 800 15 1
1421 801 1472394798394 1420 800 15 1
1419 800 1472394798424 1420 800 15 1
1419 800 1472394798454 1420 800 15 1
1419 800 1472394798484 1420 800 15 1
1419 800 1472394798514 1420 800 15 1
1419 800 1472394798544 1420 800 15 1
1419 800 1472394798574 1420 800 15 1
1419 800 1472394798604 1420 800 15 1
1419 800 1472394798634 1420 800 15 1
1419 800 1472394798664 1420 800 15 1
1419 800 1472394798694 1420 800 15 1
1419 800 1472394798724 1420 800 15 1
1419 800 1472394798754 1420 800 15 1
1419 800 1472394798784 1420 800 15 1
1419 800 1472394798814 1420 800 15 1
1419 800 1472394798844 1420 800 15 1
1419 800 1472394798874 1420 800 15 1
1419 800 1472394798904 1420 800 15 1
1419 800 1472394798934 1420 800 15 1
1419 800 1472394798964 1420 800 15 1
1419 800 1472394798994 1420 800 15 1
1419 800 1472394799024 1420 800 15 1
1419 800 1472394799054 1420 800 15 1
1419 800 1472394799084 1420 800 15 1
1419 800 1472394799114 1420 800 15 1
1419 800 1472394799144 1420 800 15 1
1419 800 1472394799174 1420 800 15 1
1419 800 1472394799204 1420 800 15 1
1419 800 1472394799234 1420 800 15 1
1419 800 1472394799264 1420 800 15 1
1419 800 1472394799294 1420 800 15 1
1419 800 1472394799324 1420 800 15 1
1419 800 1472394799354 1420 800 15 1
1419 800 1472394799384 720 800 14 0
1419 800 1472394799414 720 800 14 0
1419 800 1472394799444 720 800 14 0
1419 800 1472394799474 720 800 14 0
1419 800 1472394799504 720 800 14 0
1419 800 1472394799534 720 800 14 0
1419 800 1472394799564 720 800 14 0
1418 800 1472394799594 720 800 14 0
1414 799 1472394799624 720 800 14 0
1398 793 1472394799654 720 800 14 0
1373 783 1472394799684 720 800 14 0
1340 772 1472394799714 720 800 14 0
1304 761 1472394799744 720 800 14 0
1259 752 1472394799774 720 800 14 0
1224 748 1472394799804 720 800 14 0
1169 744 1472394799834 720 800 14 0
1110 743 1472394799864 720 800 14 0
1050 744 1472394799894 720 800 14 0
1011 747 1472394799924 720 800 14 0
954 755 1472394799954 720 800 14 0
903 765 1472394799984 720 800 14 0
857 776 1472394800014 720 800 14 0
831 783 1472394800044 720 800 14 0
793 795 1472394800074 720 800 14 0
782 799 1472394800104 720 800 14 0
768 805 1472394800134 720 800 14 0
753 811 1472394800164 720 800 14 0
738 817 1472394800194 720 800 14 0
730 821 1472394800224 720 800 14 0
722 826 1472394800254 720 800 14 0
718 827 1472394800284 720 800 14 0
715 827 1472394800314 720 800 14 0
712 825 1472394800344 720 800 14 0
710 821 1472394800374 720 800 14 0
710 817 1472394800404 720 800 14 0
712 812 1472394800434 720 800 14 0
712 807 1472394800464 720 800 14 0
712 803 1472394800494 720 800 14 0
713 801 1472394800524 720 800 14 0
715 798 1472394800554 720 800 14 0
718 796 1472394800584 720 800 14 1
720 795 1472394800614 720 800 14 0
723 795 1472394800644 720 800 14 0
726 796 1472394800674 720 800 14 0
729 798 1472394800704 720 800 14 0
731 799 1472394800734 720 800 14 0
733 800 1472394800764 720 800 14 0
734 801 1472394800794 720 800 14 0
734 801 1472394800824 720 800 14 0
734 802 1472394800854 720 800 14 0
734 802 1472394800884 720 800 14 0
734 802 1472394800914 720 800 14 0
734 802 1472394800944 720 800 14 0
734 802 1472394800974 720 800 14 0
732 801 1472394801004 720 800 14 0
730 801 1472394801034 720 800 14 0
729 801 1472394801064 720 800 14 0
728 801 1472394801094 720 800 14 0
727 800 1472394801124 720 800 14 0
726 799 1472394801154 720 800 14 0
726 799 1472394801184 720 800 14 0
726 798 1472394801214 720 800 14 0
725 798 1472394801244 720 800 14 0
725 797 1472394801274 720 800 14 0
725 797 1472394801304 720 800 14 0
725 797 1472394801334 720 800 14 0
725 797 1472394801364 720 800 14 0
724 797 1472394801394 720 800 14 0
724 797 1472394801424 720 800 14 0
723 797 1472394801454 720 800 14 1
723 797 1472394801484 720 800 14 1
723 797 1472394801514 720 800 14 1
723 797 1472394801544 720 800 14 1
723 797 1472394801574 720 800 14 1
723 797 1472394801604 720 800 14 1
723 797 1472394801634 720 800 14 1
723 797 1472394801664 720 800 14 1
723 798 1472394801694 720 800 14 1
723 798 1472394801724 720 800 14 1
723 798 1472394801754 720 800 14 1
723 798 1472394801784 720 800 14 1
723 798 1472394801814 720 800 14 1
723 798 1472394801844 720 800 14 1
723 798 1472394801874 720 800 14 1
723 798 1472394801904 720 800 14 1
723 798 1472394801934 720 800 14 1
723 798 1472394801964 720 800 14 1
723 798 1472394801994 720 800 14 1
723 798 1472394802024 720 800 14 1
723 798 1472394802054 720 800 14 1
723 798 1472394802084 720 800 14 1
723 798 1472394802114 720 800 14 1
723 799 1472394802144 720 800 14 1
721 800 1472394802174 720 800 14 1
719 800 1472394802204 720 800 14 1
718 800 1472394802234 720 800 14 1
717 800 1472394802264 720 800 14 1
717 800 1472394802294 720 800 14 1
717 800 1472394802324 720 800 14 1
717 800 1472394802354 720 800 14 1
717 800 1472394802384 720 800 14 1
717 800 1472394802414 720 800 14 1
717 800 1472394802444 170 800 42 0
717 800 1472394802474 170 800 42 0
718 800 1472394802504 170 800 42 0
718 800 1472394802534 170 800 42 0
718 800 1472394802564 170 800 42 0
718 800 1472394802594 170 800 42 0
718 800 1472394802624 170 800 42 0
718 800 1472394802654 170 800 42 0
718 800 1472394802684 170 800 42 0
718 800 1472394802714 170 800 42 0
718 800 1472394802744 170 800 42 0
718 800 1472394802774 170 800 42 0
718 800 1472394802804 170 800 42 0
718 800 1472394802834 170 800 42 0
718 800 1472394802864 170 800 42 0
716 801 1472394802894 170 800 42 0
708 802 1472394802924 170 800 42 0
690 804 1472394802954 170 800 42 0
662 809 1472394802984 170 800 42 0
628 813 1472394803014 170 800 42 0
604 817 1472394803044 170 800 42 0
565 823 1472394803074 170 800 42 0
525 832 1472394803104 170 800 42 0
485 841 1472394803134 170 800 42 0
461 846 1472394803164 170 800 42 0
433 848 1472394803194 170 800 42 0
408 849 1472394803224 170 800 42 0
387 848 1472394803254 170 800 42 0
370 847 1472394803284 170 800 42 0
354 842 1472394803314 170 800 42 0
344 837 1472394803344 170 800 42 0
330 829 1472394803374 170 800 42 0
315 822 1472394803404 170 800 42 0
298 815 1472394803434 170 800 42 0
287 809 1472394803464 170 800 42 0
272 800 1472394803494 170 800 42 0
258 793 1472394803524 170 800 42 0
241 788 1472394803554 170 800 42 0
222 785 1472394803584 170 800 42 0
206 783 1472394803614 170 800 42 0
196 783 1472394803644 170 800 42 1
184 786 1472394803674 170 800 42 1
175 789 1472394803704 170 800 42 1
169 792 1472394803734 170 800 42 1
166 795 1472394803764 170 800 42 1
165 798 1472394803794 170 800 42 1
165 801 1472394803824 170 800 42 1
165 804 1472394803854 170 800 42 1
165 805 1472394803884 170 800 42 1
165 805 1472394803914 170 800 42 1
165 805 1472394803944 170 800 42 1
166 806 1472394803974 170 800 42 1
166 806 1472394804004 170 800 42 1
167 806 1472394804034 170 800 42 1
167 806 1472394804064 170 800 42 1
167 806 1472394804094 170 800 42 1
167 806 1472394804124 170 800 42 1
167 806 1472394804154 170 800 42 1
167 807 1472394804184 170 800 42 1
167 807 1472394804214 170 800 42 1
167 807 1472394804244 170 800 42 1
167 807 1472394804274 170 800 42 1
167 807 1472394804304 170 800 42 1
167 807 1472394804334 170 800 42 1
167 807 1472394804364 170 800 42 1
167 807 1472394804394 170 800 42 1
167 807 1472394804424 170 800 42 1
167 807 1472394804454 170 800 42 1
167 807 1472394804484 170 800 42 1
168 807 1472394804514 170 800 42 1
168 807 1472394804544 170 800 42 1
168 807 1472394804574 170 800 42 1
168 807 1472394804604 170 800 42 1
168 807 1472394804634 170 800 42 1
168 807 1472394804664 720 800 46 0
168 807 1472394804694 720 800 46 0
168 807 1472394804724 720 800 46 0
168 807 1472394804754 720 800 46 0
168 807 1472394804784 720 800 46 0
168 807 1472394804814 720 800 46 0
168 807 1472394804844 720 800 46 0
168 807 1472394804874 720 800 46 0
168 807 1472394804904 720 800 46 0
168 807 1472394804934 720 800 46 0
170 806 1472394804964 720 800 46 0
183 795 1472394804994 720 800 46 0
205 777 1472394805024 720 800 46 0
230 756 1472394805054 720 800 46 0
252 739 1472394805084 720 800 46 0
298 709 1472394805114 720 800 46 0
349 682 1472394805144 720 800 46 0
394 670 1472394805174 720 800 46 0
431 668 1472394805204 720 800 46 0
468 670 1472394805234 720 800 46 0
495 672 1472394805264 720 800 46 0
532 677 1472394805294 720 800 46 0
563 687 1472394805324 720 800 46 0
586 699 1472394805354 720 800 46 0
607 711 1472394805384 720 800 46 0
628 724 1472394805414 720 800 46 0
642 732 1472394805444 720 800 46 0
663 745 1472394805474 720 800 46 0
684 756 1472394805504 720 800 46 0
701 767 1472394805534 720 800 46 0
714 777 1472394805564 720 800 46 1
722 786 1472394805594 720 800 46 1
725 790 1472394805624 720 800 46 1
728 795 1472394805654 720 800 46 1
729 798 1472394805684 720 800 46 1
729 799 1472394805714 720 800 46 1
729 799 1472394805744 720 800 46 1
727 799 1472394805774 720 800 46 1
725 798 1472394805804 720 800 46 1
723 797 1472394805834 720 800 46 1
723 797 1472394805864 720 800 46 1
722 797 1472394805894 720 800 46 1
722 797 1472394805924 720 800 46 1
721 796 1472394805954 720 800 46 1
721 796 1472394805984 720 800 46 1
721 796 1472394806014 720 800 46 1
721 796 1472394806044 720 800 46 1
721 796 1472394806074 720 800 46 1
720 796 1472394806104 720 800 46 1
720 796 1472394806134 720 800 46 1
720 796 1472394806164 720 800 46 1
720 796 1472394806194 720 800 46 1
720 796 1472394806224 720 800 46 1
720 796 1472394806254 720 800 46 1
720 796 1472394806284 720 800 46 1
720 796 1472394806314 720 800 46 1
720 796 1472394806344 720 800 46 1
720 796 1472394806374 720 800 46 1
720 796 1472394806404 720 800 46 1
720 796 1472394806434 720 800 46 1
720 796 1472394806464 720 800 46 1
719 795 1472394806494 720 800 46 1
719 795 1472394806524 720 800 46 1
719 795 1472394806554 720 800 46 1
719 795 1472394806584 331 467 37 0
719 795 1472394806614 331 467 37 0
719 795 1472394806644 331 467 37 0
719 794 1472394806674 331 467 37 0
718 794 1472394806704 331 467 37 0
718 794 1472394806734 331 467 37 0
718 794 1472394806764 331 467 37 0
718 793 1472394806794 331 467 37 0
714 790 1472394806824 331 467 37 0
707 784 1472394806854 331 467 37 0
697 774 1472394806884 331 467 37 0
689 767 1472394806914 331 467 37 0
674 754 1472394806944 331 467 37 0
656 739 1472394806974 331 467 37 0
635 722 1472394807004 331 467 37 0
611 704 1472394807034 331 467 37 0
594 692 1472394807064 331 467 37 0
565 675 1472394807094 331 467 37 0
533 660 1472394807124 331 467 37 0
500 644 1472394807154 331 467 37 0
469 630 1472394807184 331 467 37 0
440 616 1472394807214 331 467 37 0
422 607 1472394807244 331 467 37 0
396 595 1472394807274 331 467 37 0
376 581 1472394807304 331 467 37 0
361 567 1472394807334 331 467 37 0
349 554 1472394807364 331 467 37 0
342 546 1472394807394 331 467 37 0
336 532 1472394807424 331 467 37 0
334 520 1472394807454 331 467 37 0
331 509 1472394807484 331 467 37 0
328 501 1472394807514 331 467 37 0
326 496 1472394807544 331 467 37 0
323 490 1472394807574 331 467 37 1
321 485 1472394807604 331 467 37 1
320 480 1472394807634 331 467 37 1
319 476 1472394807664 331 467 37 1
318 471 1472394807694 331 467 37 1
318 468 1472394807724 331 467 37 1
317 464 1472394807754 331 467 37 1
317 462 1472394807784 331 467 37 1
317 462 1472394807814 331 467 37 1
317 462 1472394807844 331 467 37 1
317 462 1472394807874 331 467 37 1
317 462 1472394807904 331 467 37 1
317 462 1472394807934 331 467 37 1
317 462 1472394807964 331 467 37 1
317 462 1472394807994 331 467 37 1
317 462 1472394808024 331 467 37 1
317 462 1472394808054 331 467 37 1
317 462 1472394808084 331 467 37 1
317 462 1472394808114 331 467 37 1
317 462 1472394808144 331 467 37 1
317 462 1472394808174 331 467 37 1
317 462 1472394808204 331 467 37 1
317 462 1472394808234 331 467 37 1
318 462 1472394808264 331 467 37 1
318 462 1472394808294 331 467 37 1
318 462 1472394808324 331 467 37 1
318 462 1472394808354 331 467 37 1
318 462 1472394808384 331 467 37 1
318 462 1472394808414 331 467 37 1
318 462 1472394808444 331 467 37 1
318 462 1472394808474 331 467 37 1
318 462 1472394808504 331 467 37 1
318 462 1472394808534 331 467 37 1
318 462 1472394808564 331 467 37 1
318 462 1472394808594 720 800 44 0
318 462 1472394808624 720 800 44 0
318 462 1472394808654 720 800 44 0
318 462 1472394808684 720 800 44 0
318 462 1472394808714 720 800 44 0
318 462 1472394808744 720 800 44 0
318 462 1472394808774 720 800 44 0
318 462 1472394808804 720 800 44 0
318 462 1472394808834 720 800 44 0
318 462 1472394808864 720 800 44 0
324 460 1472394808894 720 800 44 0
333 456 1472394808924 720 800 44 0
348 449 1472394808954 720 800 44 0
364 442 1472394808984 720 800 44 0
384 437 1472394809014 720 800 44 0
401 437 1472394809044 720 800 44 0
429 441 1472394809074 720 800 44 0
458 451 1472394809104 720 800 44 0
487 467 1472394809134 720 800 44 0
515 486 1472394809164 720 800 44 0
543 507 1472394809194 720 800 44 0
560 522 1472394809224 720 800 44 0
583 548 1472394809254 720 800 44 0
605 573 1472394809284 720 800 44 0
626 601 1472394809314 720 800 44 0
639 618 1472394809344 720 800 44 0
655 641 1472394809374 720 800 44 0
671 662 1472394809404 720 800 44 0
684 681 1472394809434 720 800 44 0
694 698 1472394809464 720 800 44 0
703 714 1472394809494 720 800 44 0
708 723 1472394809524 720 800 44 0
715 734 1472394809554 720 800 44 0
721 742 1472394809584 720 800 44 0
727 748 1472394809614 720 800 44 0
730 753 1472394809644 720 800 44 0
731 755 1472394809674 720 800 44 0
732 756 1472394809704 720 800 44 0
734 759 1472394809734 720 800 44 0
736 763 1472394809764 720 800 44 0
736 767 1472394809794 720 800 44 0
735 771 1472394809824 720 800 44 1
735 774 1472394809854 720 800 44 1
734 778 1472394809884 720 800 44 1
733 781 1472394809914 720 800 44 1
733 783 1472394809944 720 800 44 1
733 784 1472394809974 720 800 44 1
733 784 1472394810004 720 800 44 1
733 784 1472394810034 720 800 44 1
733 784 1472394810064 720 800 44 1
733 785 1472394810094 720 800 44 1
733 785 1472394810124 720 800 44 1
733 785 1472394810154 720 800 44 1
733 785 1472394810184 720 800 44 1
733 785 1472394810214 720 800 44 1
732 785 1472394810244 720 800 44 1
732 785 1472394810274 720 800 44 1
732 785 1472394810304 720 800 44 1
732 785 1472394810334 720 800 44 1
732 785 1472394810364 720 800 44 1
732 785 1472394810394 720 800 44 1
732 785 1472394810424 720 800 44 1
732 785 1472394810454 720 800 44 1
732 785 1472394810484 720 800 44 1
732 785 1472394810514 720 800 44 1
732 785 1472394810544 720 800 44 1
732 785 1472394810574 720 800 44 1
732 785 1472394810604 720 800 44 1
732 785 1472394810634 720 800 44 1
732 785 1472394810664 720 800 44 1
732 785 1472394810694 720 800 44 1
732 785 1472394810724 720 800 44 1
732 785 1472394810754 720 800 44 1
732 785 1472394810784 720 800 44 1
731 785 1472394810814 720 800 44 1
731 784 1472394810844 720 250 41 0
730 784 1472394810874 720 250 41 0
729 783 1472394810904 720 250 41 0
729 783 1472394810934 720 250 41 0
729 783 1472394810964 720 250 41 0
729 783 1472394810994 720 250 41 0
728 783 1472394811024 720 250 41 0
728 783 1472394811054 720 250 41 0
727 781 1472394811084 720 250 41 0
726 778 1472394811114 720 250 41 0
723 770 1472394811144 720 250 41 0
719 755 1472394811174 720 250 41 0
716 742 1472394811204 720 250 41 0
713 713 1472394811234 720 250 41 0
711 679 1472394811264 720 250 41 0
711 638 1472394811294 720 250 41 0
712 608 1472394811324 720 250 41 0
711 563 1472394811354 720 250 41 0
708 522 1472394811384 720 250 41 0
707 482 1472394811414 720 250 41 0
708 457 1472394811444 720 250 41 0
711 420 1472394811474 720 250 41 0
712 385 1472394811504 720 250 41 0
712 355 1472394811534 720 250 41 0
713 330 1472394811564 720 250 41 0
715 311 1472394811594 720 250 41 0
717 301 1472394811624 720 250 41 0
719 290 1472394811654 720 250 41 0
719 281 1472394811684 720 250 41 1
719 274 1472394811714 720 250 41 1
719 269 1472394811744 720 250 41 1
720 264 1472394811774 720 250 41 1
721 261 1472394811804 720 250 41 1
722 259 1472394811834 720 250 41 1
723 257 1472394811864 720 250 41 1
723 257 1472394811894 720 250 41 1
723 257 1472394811924 720 250 41 1
724 257 1472394811954 720 250 41 1
724 257 1472394811984 720 250 41 1
724 257 1472394812014 720 250 41 1
724 258 1472394812044 720 250 41 1
724 258 1472394812074 720 250 41 1
724 259 1472394812104 720 250 41 1
724 259 1472394812134 720 250 41 1
724 259 1472394812164 720 250 41 1
724 259 1472394812194 720 250 41 1
724 259 1472394812224 720 250 41 1
725 259 1472394812254 720 250 41 1
725 259 1472394812284 720 250 41 1
725 259 1472394812314 720 250 41 1
725 259 1472394812344 720 250 41 1
725 259 1472394812374 720 250 41 1
725 259 1472394812404 720 250 41 1
725 259 1472394812434 720 250 41 1
725 259 1472394812464 720 250 41 1
725 259 1472394812494 720 250 41 1
725 259 1472394812524 720 250 41 1
725 259 1472394812554 720 250 41 1
725 259 1472394812584 720 250 41 1
725 259 1472394812614 720 250 41 1
725 259 1472394812644 720 250 41 1
725 259 1472394812674 720 250 41 1
725 259 1472394812704 720 800 46 0
725 259 1472394812734 720 800 46 0
725 259 1472394812764 720 800 46 0
725 259 1472394812794 720 800 46 0
725 259 1472394812824 720 800 46 0
725 259 1472394812854 720 800 46 0
725 259 1472394812884 720 800 46 0
725 259 1472394812914 720 800 46 0
725 259 1472394812944 720 800 46 0
728 261 1472394812974 720 800 46 0
732 266 1472394813004 720 800 46 0
734 276 1472394813034 720 800 46 0
735 286 1472394813064 720 800 46 0
736 304 1472394813094 720 800 46 0
736 328 1472394813124 720 800 46 0
733 357 1472394813154 720 800 46 0
731 377 1472394813184 720 800 46 0
729 409 1472394813214 720 800 46 0
728 445 1472394813244 720 800 46 0
727 484 1472394813274 720 800 46 0
724 524 1472394813304 720 800 46 0
722 563 1472394813334 720 800 46 0
723 587 1472394813364 720 800 46 0
727 622 1472394813394 720 800 46 0
731 654 1472394813424 720 800 46 0
731 683 1472394813454 720 800 46 0
731 707 1472394813484 720 800 46 0
732 729 1472394813514 720 800 46 0
733 742 1472394813544 720 800 46 0
735 760 1472394813574 720 800 46 0
736 776 1472394813604 720 800 46 1
735 790 1472394813634 720 800 46 1
734 798 1472394813664 720 800 46 1
735 806 1472394813694 720 800 46 1
735 810 1472394813724 720 800 46 1
735 815 1472394813754 720 800 46 1
735 817 1472394813784 720 800 46 1
735 817 1472394813814 720 800 46 1
735 817 1472394813844 720 800 46 1
735 816 1472394813874 720 800 46 1
735 814 1472394813904 720 800 46 1
734 812 1472394813934 720 800 46 1
734 811 1472394813964 720 800 46 1
734 810 1472394813994 720 800 46 1
734 810 1472394814024 720 800 46 1
733 809 1472394814054 720 800 46 1
733 809 1472394814084 720 800 46 1
733 809 1472394814114 720 800 46 1
733 809 1472394814144 720 800 46 1
733 809 1472394814174 720 800 46 1
733 809 1472394814204 720 800 46 1
733 809 1472394814234 720 800 46 1
733 809 1472394814264 720 800 46 1
733 809 1472394814294 720 800 46 1
733 809 1472394814324 720 800 46 1
733 809 1472394814354 720 800 46 1
733 809 1472394814384 720 800 46 1
733 809 1472394814414 720 800 46 1
733 809 1472394814444 720 800 46 1
733 809 1472394814474 720 800 46 1
733 809 1472394814504 720 800 46 1
733 809 1472394814534 720 800 46 1
733 809 1472394814564 720 800 46 1
733 809 1472394814594 720 800 46 1
733 809 1472394814658 1109 467 42 0
733 809 1472394814684 1109 467 42 0
733 809 1472394814714 1109 467 42 0
733 809 1472394814744 1109 467 42 0
733 809 1472394814774 1109 467 42 0
733 809 1472394814804 1109 467 42 0
733 809 1472394814834 1109 467 42 0
733 809 1472394814864 1109 467 42 0
733 809 1472394814894 1109 467 42 0
733 807 1472394814924 1109 467 42 0
735 799 1472394814954 1109 467 42 0
739 792 1472394814984 1109 467 42 0
747 775 1472394815014 1109 467 42 0
762 750 1472394815044 1109 467 42 0
788 717 1472394815074 1109 467 42 0
819 679 1472394815104 1109 467 42 0
846 641 1472394815134 1109 467 42 0
861 619 1472394815164 1109 467 42 0
888 585 1472394815194 1109 467 42 0
928 547 1472394815224 1109 467 42 0
968 515 1472394815254 1109 467 42 0
1000 489 1472394815284 1109 467 42 0
1025 468 1472394815314 1109 467 42 0
1040 456 1472394815344 1109 467 42 0
1066 440 1472394815374 1109 467 42 0
1090 428 1472394815404 1109 467 42 0
1106 422 1472394815434 1109 467 42 0
1113 419 1472394815464 1109 467 42 0
1124 416 1472394815494 1109 467 42 0
1137 413 1472394815524 1109 467 42 0
1143 413 1472394815554 1109 467 42 0
1145 415 1472394815584 1109 467 42 0
1145 418 1472394815614 1109 467 42 0
1145 420 1472394815644 1109 467 42 0
1140 427 1472394815674 1109 467 42 0
1133 435 1472394815704 1109 467 42 0
1125 442 1472394815734 1109 467 42 1
1117 450 1472394815764 1109 467 42 1
1110 455 1472394815794 1109 467 42 1
1107 457 1472394815824 1109 467 42 1
1105 459 1472394815854 1109 467 42 1
1105 459 1472394815884 1109 467 42 1
1105 459 1472394815914 1109 467 42 1
1105 459 1472394815944 1109 467 42 1
1105 459 1472394815974 1109 467 42 1
1105 459 1472394816004 1109 467 42 1
1105 459 1472394816034 1109 467 42 1
1105 459 1472394816064 1109 467 42 1
1105 459 1472394816094 1109 467 42 1
1105 459 1472394816124 1109 467 42 1
1105 459 1472394816154 1109 467 42 1
1105 459 1472394816184 1109 467 42 1
1105 459 1472394816214 1109 467 42 1
1105 459 1472394816244 1109 467 42 1
1105 459 1472394816274 1109 467 42 1
1105 459 1472394816304 1109 467 42 1
1105 459 1472394816334 1109 467 42 1
1105 459 1472394816364 1109 467 42 1
1105 459 1472394816394 1109 467 42 1
1105 459 1472394816424 1109 467 42 1
1105 459 1472394816454 1109 467 42 1
1105 459 1472394816484 1109 467 42 1
1105 459 1472394816514 1109 467 42 1
1105 459 1472394816544 1109 467 42 1
1105 459 1472394816574 1109 467 42 1
1105 459 1472394816604 1109 467 42 1
1105 459 1472394816634 1109 467 42 1
1105 459 1472394816664 1109 467 42 1
1105 459 1472394816694 1109 467 42 1
1105 459 1472394816724 1109 467 42 1
1105 459 1472394816755 720 800 41 0
1105 459 1472394816784 720 800 41 0
1105 459 1472394816814 720 800 41 0
1105 459 1472394816844 720 800 41 0
1105 459 1472394816874 720 800 41 0
1105 459 1472394816904 720 800 41 0
1105 459 1472394816934 720 800 41 0
1105 459 1472394816964 720 800 41 0
1105 459 1472394816994 720 800 41 0
1102 459 1472394817024 720 800 41 0
1090 461 1472394817054 720 800 41 0
1068 465 1472394817084 720 800 41 0
1047 471 1472394817114 720 800 41 0
1036 475 1472394817144 720 800 41 0
1016 486 1472394817174 720 800 41 0
988 501 1472394817204 720 800 41 0
955 523 1472394817234 720 800 41 0
932 540 1472394817264 720 800 41 0
898 568 1472394817294 720 800 41 0
868 598 1472394817324 720 800 41 0
843 628 1472394817354 720 800 41 0
824 656 1472394817384 720 800 41 0
810 680 1472394817414 720 800 41 0
803 693 1472394817444 720 800 41 0
794 712 1472394817474 720 800 41 0
787 727 1472394817504 720 800 41 0
780 739 1472394817534 720 800 41 0
774 750 1472394817564 720 800 41 0
771 756 1472394817594 720 800 41 0
767 765 1472394817624 720 800 41 0
759 774 1472394817654 720 800 41 0
746 780 1472394817684 720 800 41 0
736 785 1472394817714 720 800 41 1
733 789 1472394817744 720 800 41 1
729 793 1472394817774 720 800 41 1
727 795 1472394817804 720 800 41 1
726 796 1472394817834 720 800 41 1
726 796 1472394817864 720 800 41 1
725 796 1472394817894 720 800 41 1
725 797 1472394817924 720 800 41 1
725 797 1472394817954 720 800 41 1
725 797 1472394817984 720 800 41 1
725 797 1472394818014 720 800 41 1
725 797 1472394818044 720 800 41 1
725 797 1472394818074 720 800 41 1
725 797 1472394818104 720 800 41 1
725 797 1472394818134 720 800 41 1
725 797 1472394818164 720 800 41 1
725 797 1472394818194 720 800 41 1
725 797 1472394818224 720 800 41 1
725 797 1472394818254 720 800 41 1
725 797 1472394818284 720 800 41 1
725 797 1472394818314 720 800 41 1
725 797 1472394818344 720 800 41 1
725 797 1472394818374 720 800 41 1
725 797 1472394818404 720 800 41 1
725 797 1472394818434 720 800 41 1
725 797 1472394818464 720 800 41 1
725 797 1472394818494 720 800 41 1
725 797 1472394818524 720 800 41 1
724 797 1472394818554 720 800 41 1
724 796 1472394818584 720 800 41 1
724 796 1472394818614 720 800 41 1
724 796 1472394818644 720 800 41 1
724 796 1472394818674 720 800 41 1
723 796 1472394818704 720 800 41 1
723 796 1472394818734 1270 800 46 0
723 796 1472394818764 1270 800 46 0
722 796 1472394818794 1270 800 46 0
722 796 1472394818824 1270 800 46 0
722 796 1472394818854 1270 800 46 0
722 795 1472394818884 1270 800 46 0
722 795 1472394818914 1270 800 46 0
721 795 1472394818944 1270 800 46 0
721 795 1472394818974 1270 800 46 0
721 795 1472394819004 1270 800 46 0
723 792 1472394819034 1270 800 46 0
731 782 1472394819064 1270 800 46 0
748 767 1472394819094 1270 800 46 0
763 754 1472394819124 1270 800 46 0
792 734 1472394819154 1270 800 46 0
823 716 1472394819184 1270 800 46 0
856 701 1472394819214 1270 800 46 0
881 691 1472394819244 1270 800 46 0
922 677 1472394819274 1270 800 46 0
963 669 1472394819304 1270 800 46 0
999 668 1472394819334 1270 800 46 0
1032 672 1472394819364 1270 800 46 0
1066 678 1472394819394 1270 800 46 0
1088 683 1472394819424 1270 800 46 0
1117 691 1472394819454 1270 800 46 0
1145 700 1472394819484 1270 800 46 0
1173 710 1472394819514 1270 800 46 0
1201 722 1472394819544 1270 800 46 0
1223 735 1472394819574 1270 800 46 0
1235 743 1472394819604 1270 800 46 0
1250 755 1472394819634 1270 800 46 0
1264 766 1472394819664 1270 800 46 1
1274 776 1472394819694 1270 800 46 1
1277 782 1472394819724 1270 800 46 1
1280 788 1472394819754 1270 800 46 1
1280 791 1472394819784 1270 800 46 1
1279 792 1472394819814 1270 800 46 1
1278 792 1472394819844 1270 800 46 1
1277 792 1472394819874 1270 800 46 1
1275 792 1472394819904 1270 800 46 1
1273 791 1472394819934 1270 800 46 1
1272 790 1472394819964 1270 800 46 1
1272 790 1472394819994 1270 800 46 1
1272 790 1472394820024 1270 800 46 1
1271 790 1472394820054 1270 800 46 1
1271 789 1472394820084 1270 800 46 1
1270 789 1472394820114 1270 800 46 1
1270 789 1472394820144 1270 800 46 1
1270 789 1472394820174 1270 800 46 1
1270 789 1472394820204 1270 800 46 1
1270 789 1472394820234 1270 800 46 1
1270 789 1472394820264 1270 800 46 1
1270 789 1472394820294 1270 800 46 1
1270 789 1472394820324 1270 800 46 1
1270 789 1472394820354 1270 800 46 1
1270 789 1472394820384 1270 800 46 1
1270 789 1472394820414 1270 800 46 1
1270 789 1472394820444 1270 800 46 1
1270 789 1472394820474 1270 800 46 1
1270 789 1472394820504 1270 800 46 1
1270 789 1472394820534 1270 800 46 1
1270 789 1472394820564 1270 800 46 1
1270 789 1472394820594 1270 800 46 1
1270 789 1472394820624 1270 800 46 1
1270 789 1472394820654 1270 800 46 1
1270 789 1472394820684 720 800 41 0
1270 789 1472394820714 720 800 41 0
1270 789 1472394820744 720 800 41 0
1270 789 1472394820774 720 800 41 0
1270 789 1472394820804 720 800 41 0
1270 789 1472394820834 720 800 41 0
1270 789 1472394820864 720 800 41 0
1270 789 1472394820894 720 800 41 0
1265 787 1472394820924 720 800 41 0
1247 782 1472394820954 720 800 41 0
1228 778 1472394820984 720 800 41 0
1196 770 1472394821014 720 800 41 0
1164 759 1472394821044 720 800 41 0
1131 747 1472394821074 720 800 41 0
1091 739 1472394821104 720 800 41 0
1046 734 1472394821134 720 800 41 0
1016 733 1472394821164 720 800 41 0
972 734 1472394821194 720 800 41 0
928 739 1472394821224 720 800 41 0
881 748 1472394821254 720 800 41 0
838 758 1472394821284 720 800 41 0
801 769 1472394821314 720 800 41 0
781 775 1472394821344 720 800 41 0
756 784 1472394821374 720 800 41 0
734 794 1472394821404 720 800 41 1
715 802 1472394821434 720 800 41 1
701 809 1472394821464 720 800 41 1
691 812 1472394821494 720 800 41 0
688 813 1472394821524 720 800 41 0
687 813 1472394821554 720 800 41 0
686 814 1472394821584 720 800 41 0
686 814 1472394821614 720 800 41 0
686 814 1472394821644 720 800 41 0
686 814 1472394821674 720 800 41 0
686 814 1472394821704 720 800 41 0
686 814 1472394821734 720 800 41 0
686 814 1472394821764 720 800 41 0
686 814 1472394821794 720 800 41 0
686 814 1472394821824 720 800 41 0
686 814 1472394821854 720 800 41 0
688 813 1472394821884 720 800 41 0
692 808 1472394821914 720 800 41 1
697 803 1472394821944 720 800 41 1
702 798 1472394821974 720 800 41 1
704 797 1472394822004 720 800 41 1
706 796 1472394822034 720 800 41 1
707 796 1472394822064 720 800 41 1
708 797 1472394822094 720 800 41 1
708 797 1472394822124 720 800 41 1
709 798 1472394822154 720 800 41 1
709 798 1472394822184 720 800 41 1
709 798 1472394822214 720 800 41 1
710 799 1472394822244 720 800 41 1
710 799 1472394822274 720 800 41 1
710 799 1472394822304 720 800 41 1
710 799 1472394822334 720 800 41 1
710 799 1472394822364 720 800 41 1
710 800 1472394822394 720 800 41 1
710 800 1472394822424 720 800 41 1
710 800 1472394822454 720 800 41 1
710 800 1472394822484 720 800 41 1
711 800 1472394822514 720 800 41 1
711 800 1472394822544 720 800 41 1
711 800 1472394822574 720 800 41 1
711 800 1472394822604 720 800 41 1
711 800 1472394822634 720 800 41 1
711 800 1472394822664 720 800 41 1
711 801 1472394822694 720 800 41 1
711 801 1472394822724 720 800 41 1
712 801 1472394822754 720 800 41 1
712 801 1472394822784 720 800 41 1
712 801 1472394822814 720 800 41 1
712 801 1472394822844 720 800 41 1
712 801 1472394822874 720 800 41 1
712 801 1472394822904 720 800 41 1
712 801 1472394822934 170 800 20 0
712 801 1472394822964 170 800 20 0
712 801 1472394822994 170 800 20 0
712 801 1472394823024 170 800 20 0
712 801 1472394823054 170 800 20 0
712 801 1472394823084 170 800 20 0
712 801 1472394823114 170 800 20 0
712 801 1472394823144 170 800 20 0
712 801 1472394823174 170 800 20 0
712 801 1472394823204 170 800 20 0
712 801 1472394823234 170 800 20 0
709 799 1472394823264 170 800 20 0
701 796 1472394823294 170 800 20 0
691 795 1472394823324 170 800 20 0
668 795 1472394823354 170 800 20 0
636 799 1472394823384 170 800 20 0
601 805 1472394823414 170 800 20 0
566 809 1472394823444 170 800 20 0
530 814 1472394823474 170 800 20 0
506 816 1472394823504 170 800 20 0
471 821 1472394823534 170 800 20 0
438 825 1472394823564 170 800 20 0
410 828 1472394823594 170 800 20 0
384 831 1472394823624 170 800 20 0
359 834 1472394823654 170 800 20 0
345 835 1472394823684 170 800 20 0
327 836 1472394823714 170 800 20 0
314 834 1472394823744 170 800 20 0
303 829 1472394823774 170 800 20 0
295 826 1472394823804 170 800 20 0
281 822 1472394823834 170 800 20 0
267 818 1472394823864 170 800 20 0
256 814 1472394823894 170 800 20 0
245 810 1472394823924 170 800 20 0
233 807 1472394823954 170 800 20 0
226 805 1472394823984 170 800 20 0
215 802 1472394824014 170 800 20 0
207 801 1472394824044 170 800 20 0
201 799 1472394824074 170 800 20 0
195 798 1472394824104 170 800 20 0
189 798 1472394824134 170 800 20 0
185 797 1472394824164 170 800 20 0
180 796 1472394824194 170 800 20 1
177 796 1472394824224 170 800 20 1
175 795 1472394824254 170 800 20 1
173 795 1472394824284 170 800 20 1
173 795 1472394824314 170 800 20 1
173 795 1472394824344 170 800 20 1
173 795 1472394824374 170 800 20 1
172 795 1472394824404 170 800 20 1
172 795 1472394824434 170 800 20 1
172 795 1472394824464 170 800 20 1
172 795 1472394824494 170 800 20 1
172 795 1472394824524 170 800 20 1
172 795 1472394824554 170 800 20 1
172 795 1472394824584 170 800 20 1
172 795 1472394824614 170 800 20 1
172 795 1472394824644 170 800 20 1
172 795 1472394824674 170 800 20 1
172 795 1472394824704 170 800 20 1
172 795 1472394824734 170 800 20 1
172 795 1472394824764 170 800 20 1
172 795 1472394824794 170 800 20 1
172 795 1472394824824 170 800 20 1
172 795 1472394824854 170 800 20 1
172 795 1472394824884 170 800 20 1
172 795 1472394824914 170 800 20 1
172 795 1472394824944 170 800 20 1
172 795 1472394824974 170 800 20 1
172 795 1472394825004 170 800 20 1
172 795 1472394825034 170 800 20 1
172 795 1472394825064 170 800 20 1
172 795 1472394825094 170 800 20 1
172 795 1472394825124 170 800 20 1
172 795 1472394825154 170 800 20 1
172 795 1472394825184 170 800 20 1
172 795 1472394825214 170 800 20 1
172 795 1472394825244 720 800 22 0
172 795 1472394825274 720 800 22 0
172 795 1472394825304 720 800 22 0
172 795 1472394825334 720 800 22 0
172 795 1472394825364 720 800 22 0
172 795 1472394825394 720 800 22 0
172 795 1472394825424 720 800 22 0
172 795 1472394825454 720 800 22 0
172 795 1472394825484 720 800 22 0
176 794 1472394825514 720 800 22 0
184 791 1472394825544 720 800 22 0
196 785 1472394825574 720 800 22 0
206 779 1472394825604 720 800 22 0
230 767 1472394825634 720 800 22 0
264 750 1472394825664 720 800 22 0
305 736 1472394825694 720 800 22 0
345 724 1472394825724 720 800 22 0
389 712 1472394825754 720 800 22 0
421 703 1472394825784 720 800 22 0
468 692 1472394825814 720 800 22 0
506 688 1472394825844 720 800 22 0
535 688 1472394825874 720 800 22 0
551 689 1472394825904 720 800 22 0
580 692 1472394825934 720 800 22 0
592 696 1472394825964 720 800 22 0
607 702 1472394825994 720 800 22 0
622 709 1472394826024 720 800 22 0
637 715 1472394826054 720 800 22 0
648 720 1472394826084 720 800 22 0
662 726 1472394826114 720 800 22 0
675 734 1472394826144 720 800 22 0
688 740 1472394826174 720 800 22 0
702 747 1472394826204 720 800 22 0
711 755 1472394826234 720 800 22 0
715 760 1472394826264 720 800 22 0
718 766 1472394826294 720 800 22 0
719 770 1472394826324 720 800 22 0
720 774 1472394826354 720 800 22 0
719 777 1472394826384 720 800 22 0
718 778 1472394826414 720 800 22 0
718 778 1472394826444 720 800 22 0
718 778 1472394826474 720 800 22 0
718 779 1472394826504 720 800 22 0
718 780 1472394826534 720 800 22 0
718 781 1472394826564 720 800 22 0
719 782 1472394826594 720 800 22 0
720 784 1472394826624 720 800 22 0
720 784 1472394826654 720 800 22 0
720 785 1472394826684 720 800 22 0
721 786 1472394826714 720 800 22 0
721 787 1472394826744 720 800 22 0
722 788 1472394826774 720 800 22 0
722 789 1472394826804 720 800 22 1
723 789 1472394826834 720 800 22 1
723 790 1472394826864 720 800 22 1
723 791 1472394826894 720 800 22 1
724 792 1472394826924 720 800 22 1
724 793 1472394826954 720 800 22 1
724 793 1472394826984 720 800 22 1
724 794 1472394827014 720 800 22 1
724 794 1472394827044 720 800 22 1
724 794 1472394827074 720 800 22 1
724 794 1472394827104 720 800 22 1
724 794 1472394827134 720 800 22 1
724 794 1472394827164 720 800 22 1
724 794 1472394827194 720 800 22 1
724 794 1472394827224 720 800 22 1
724 794 1472394827254 720 800 22 1
724 794 1472394827284 720 800 22 1
724 794 1472394827314 720 800 22 1
724 794 1472394827344 720 800 22 1
724 794 1472394827374 720 800 22 1
724 794 1472394827404 720 800 22 1
724 794 1472394827434 720 800 22 1
724 794 1472394827464 720 800 22 1
724 794 1472394827494 720 800 22 1
724 794 1472394827524 720 800 22 1
724 794 1472394827554 720 800 22 1
724 794 1472394827584 720 800 22 1
724 794 1472394827614 720 800 22 1
724 794 1472394827644 720 800 22 1
724 794 1472394827674 720 800 22 1
724 794 1472394827704 720 800 22 1
724 794 1472394827734 720 800 22 1
724 794 1472394827764 720 800 22 1
724 794 1472394827794 720 800 22 1
724 794 1472394827824 720 800 22 1
724 794 1472394827854 331 467 20 0
724 794 1472394827884 331 467 20 0
724 794 1472394827914 331 467 20 0
724 794 1472394827944 331 467 20 0
724 794 1472394827974 331 467 20 0
724 794 1472394828004 331 467 20 0
724 794 1472394828034 331 467 20 0
722 794 1472394828064 331 467 20 0
712 793 1472394828094 331 467 20 0
701 792 1472394828124 331 467 20 0
680 788 1472394828154 331 467 20 0
658 780 1472394828184 331 467 20 0
634 770 1472394828214 331 467 20 0
617 763 1472394828244 331 467 20 0
592 751 1472394828274 331 467 20 0
571 737 1472394828304 331 467 20 0
554 721 1472394828334 331 467 20 0
536 704 1472394828364 331 467 20 0
518 687 1472394828394 331 467 20 0
504 674 1472394828424 331 467 20 0
485 656 1472394828454 331 467 20 0
467 637 1472394828484 331 467 20 0
448 619 1472394828514 331 467 20 0
429 601 1472394828544 331 467 20 0
409 583 1472394828574 331 467 20 0
396 572 1472394828604 331 467 20 0
378 556 1472394828634 331 467 20 0
363 540 1472394828664 331 467 20 0
349 527 1472394828694 331 467 20 0
342 519 1472394828724 331 467 20 0
332 509 1472394828754 331 467 20 0
324 500 1472394828784 331 467 20 0
319 493 1472394828814 331 467 20 0
317 489 1472394828844 331 467 20 0
315 486 1472394828874 331 467 20 0
315 484 1472394828904 331 467 20 0
314 482 1472394828934 331 467 20 0
313 480 1472394828964 331 467 20 0
313 479 1472394828994 331 467 20 0
313 477 1472394829024 331 467 20 0
314 473 1472394829054 331 467 20 0
315 471 1472394829084 331 467 20 0
317 468 1472394829114 331 467 20 0
321 466 1472394829144 331 467 20 1
324 465 1472394829174 331 467 20 1
326 465 1472394829204 331 467 20 1
329 465 1472394829234 331 467 20 1
332 464 1472394829264 331 467 20 1
335 464 1472394829294 331 467 20 1
337 464 1472394829324 331 467 20 1
337 465 1472394829354 331 467 20 1
337 465 1472394829384 331 467 20 1
338 465 1472394829414 331 467 20 1
339 466 1472394829444 331 467 20 1
339 467 1472394829474 331 467 20 1
340 467 1472394829504 331 467 20 1
340 467 1472394829534 331 467 20 1
340 467 1472394829564 331 467 20 1
340 467 1472394829594 331 467 20 1
340 468 1472394829624 331 467 20 1
340 468 1472394829654 331 467 20 1
340 468 1472394829684 331 467 20 1
340 468 1472394829714 331 467 20 1
340 468 1472394829744 331 467 20 1
341 468 1472394829774 331 467 20 1
341 468 1472394829804 331 467 20 1
341 468 1472394829834 331 467 20 1
341 468 1472394829864 331 467 20 1
341 468 1472394829894 331 467 20 1
341 468 1472394829924 331 467 20 1
341 468 1472394829954 331 467 20 1
341 468 1472394829984 331 467 20 1
341 468 1472394830014 331 467 20 1
341 468 1472394830044 331 467 20 1
341 468 1472394830074 331 467 20 1
341 468 1472394830104 331 467 20 1
341 468 1472394830134 331 467 20 1
341 468 1472394830164 331 467 20 1
340 468 1472394830194 720 800 21 0
340 467 1472394830224 720 800 21 0
339 467 1472394830254 720 800 21 0
339 467 1472394830284 720 800 21 0
339 467 1472394830314 720 800 21 0
339 467 1472394830344 720 800 21 0
339 466 1472394830374 720 800 21 0
339 466 1472394830404 720 800 21 0
338 466 1472394830434 720 800 21 0
338 466 1472394830464 720 800 21 0
338 466 1472394830494 720 800 21 0
338 466 1472394830524 720 800 21 0
338 466 1472394830554 720 800 21 0
338 466 1472394830584 720 800 21 0
339 466 1472394830614 720 800 21 0
345 465 1472394830644 720 800 21 0
356 463 1472394830674 720 800 21 0
364 464 1472394830704 720 800 21 0
381 469 1472394830734 720 800 21 0
401 478 1472394830764 720 800 21 0
425 490 1472394830794 720 800 21 0
452 503 1472394830824 720 800 21 0
480 520 1472394830854 720 800 21 0
499 533 1472394830884 720 800 21 0
527 553 1472394830914 720 800 21 0
553 575 1472394830944 720 800 21 0
577 599 1472394830974 720 800 21 0
593 615 1472394831004 720 800 21 0
615 639 1472394831034 720 800 21 0
636 662 1472394831064 720 800 21 0
653 683 1472394831094 720 800 21 0
670 702 1472394831124 720 800 21 0
685 719 1472394831154 720 800 21 0
693 729 1472394831184 720 800 21 0
705 743 1472394831214 720 800 21 0
715 754 1472394831244 720 800 21 0
723 764 1472394831274 720 800 21 0
727 770 1472394831304 720 800 21 0
731 777 1472394831334 720 800 21 0
732 781 1472394831364 720 800 21 0
732 782 1472394831394 720 800 21 0
731 782 1472394831424 720 800 21 0
729 782 1472394831454 720 800 21 0
726 782 1472394831484 720 800 21 0
722 781 1472394831514 720 800 21 0
718 780 1472394831544 720 800 21 0
716 780 1472394831574 720 800 21 0
714 780 1472394831604 720 800 21 0
712 781 1472394831634 720 800 21 0
711 782 1472394831664 720 800 21 0
711 784 1472394831694 720 800 21 0
710 786 1472394831724 720 800 21 0
710 787 1472394831754 720 800 21 0
710 788 1472394831784 720 800 21 0
711 789 1472394831814 720 800 21 0
712 791 1472394831844 720 800 21 0
714 792 1472394831874 720 800 21 1
715 793 1472394831904 720 800 21 1
716 793 1472394831934 720 800 21 1
716 793 1472394831964 720 800 21 1
716 793 1472394831994 720 800 21 1
717 793 1472394832024 720 800 21 1
718 793 1472394832054 720 800 21 1
718 793 1472394832084 720 800 21 1
719 793 1472394832114 720 800 21 1
719 794 1472394832144 720 800 21 1
719 794 1472394832174 720 800 21 1
719 794 1472394832204 720 800 21 1
719 794 1472394832234 720 800 21 1
719 794 1472394832264 720 800 21 1
719 794 1472394832294 720 800 21 1
719 794 1472394832324 720 800 21 1
719 794 1472394832354 720 800 21 1
719 794 1472394832384 720 800 21 1
719 794 1472394832414 720 800 21 1
719 794 1472394832444 720 800 21 1
719 794 1472394832474 720 800 21 1
719 794 1472394832504 720 800 21 1
719 794 1472394832534 720 800 21 1
719 794 1472394832564 720 800 21 1
719 794 1472394832594 720 800 21 1
719 794 1472394832624 720 800 21 1
719 794 1472394832654 720 800 21 1
719 794 1472394832684 720 800 21 1
719 794 1472394832714 720 800 21 1
719 794 1472394832744 720 800 21 1
719 794 1472394832774 720 800 21 1
719 794 1472394832804 720 800 21 1
719 794 1472394832834 720 800 21 1
719 794 1472394832864 720 800 21 1
719 794 1472394832894 720 250 21 0
719 794 1472394832924 720 250 21 0
719 794 1472394832954 720 250 21 0
719 794 1472394832984 720 250 21 0
719 794 1472394833014 720 250 21 0
719 794 1472394833044 720 250 21 0
719 794 1472394833074 720 250 21 0
719 794 1472394833104 720 250 21 0
719 793 1472394833134 720 250 21 0
717 788 1472394833164 720 250 21 0
713 779 1472394833194 720 250 21 0
710 767 1472394833224 720 250 21 0
707 750 1472394833254 720 250 21 0
707 737 1472394833284 720 250 21 0
705 715 1472394833314 720 250 21 0
705 689 1472394833344 720 250 21 0
705 660 1472394833374 720 250 21 0
705 640 1472394833404 720 250 21 0
703 608 1472394833434 720 250 21 0
701 575 1472394833464 720 250 21 0
700 540 1472394833494 720 250 21 0
702 503 1472394833524 720 250 21 0
703 466 1472394833554 720 250 21 0
701 442 1472394833584 720 250 21 0
699 407 1472394833614 720 250 21 0
700 374 1472394833644 720 250 21 0
705 345 1472394833674 720 250 21 0
708 321 1472394833704 720 250 21 0
709 302 1472394833734 720 250 21 0
709 291 1472394833764 720 250 21 0
709 277 1472394833794 720 250 21 0
710 268 1472394833824 720 250 21 0
711 262 1472394833854 720 250 21 0
712 258 1472394833884 720 250 21 0
712 254 1472394833914 720 250 21 1
713 252 1472394833944 720 250 21 1
713 249 1472394833974 720 250 21 1
713 249 1472394834004 720 250 21 1
714 249 1472394834034 720 250 21 1
715 249 1472394834064 720 250 21 1
716 249 1472394834094 720 250 21 1
716 250 1472394834124 720 250 21 1
716 250 1472394834154 720 250 21 1
717 251 1472394834184 720 250 21 1
717 251 1472394834214 720 250 21 1
717 251 1472394834244 720 250 21 1
717 251 1472394834274 720 250 21 1
717 251 1472394834304 720 250 21 1
717 251 1472394834334 720 250 21 1
717 251 1472394834364 720 250 21 1
717 252 1472394834394 720 250 21 1
717 252 1472394834424 720 250 21 1
717 252 1472394834454 720 250 21 1
717 252 1472394834484 720 250 21 1
717 252 1472394834514 720 250 21 1
717 252 1472394834544 720 250 21 1
717 252 1472394834574 720 250 21 1
717 252 1472394834604 720 250 21 1
717 252 1472394834634 720 250 21 1
717 252 1472394834664 720 250 21 1
717 252 1472394834694 720 250 21 1
717 252 1472394834724 720 250 21 1
717 252 1472394834754 720 250 21 1
717 252 1472394834784 720 250 21 1
717 252 1472394834814 720 250 21 1
717 252 1472394834844 720 250 21 1
717 252 1472394834874 720 250 21 1
717 253 1472394834904 720 250 21 1
717 253 1472394834934 720 800 22 0
717 253 1472394834964 720 800 22 0
717 253 1472394834994 720 800 22 0
717 253 1472394835024 720 800 22 0
717 253 1472394835054 720 800 22 0
717 253 1472394835084 720 800 22 0
717 253 1472394835114 720 800 22 0
717 253 1472394835144 720 800 22 0
717 253 1472394835174 720 800 22 0
718 256 1472394835204 720 800 22 0
719 263 1472394835234 720 800 22 0
719 270 1472394835264 720 800 22 0
719 281 1472394835294 720 800 22 0
719 296 1472394835324 720 800 22 0
719 316 1472394835354 720 800 22 0
718 341 1472394835384 720 800 22 0
715 370 1472394835414 720 800 22 0
714 391 1472394835444 720 800 22 0
713 425 1472394835474 720 800 22 0
711 462 1472394835504 720 800 22 0
711 502 1472394835534 720 800 22 0
711 528 1472394835564 720 800 22 0
712 568 1472394835594 720 800 22 0
709 607 1472394835624 720 800 22 0
707 643 1472394835654 720 800 22 0
708 674 1472394835684 720 800 22 0
710 702 1472394835714 720 800 22 0
710 720 1472394835744 720 800 22 0
709 743 1472394835774 720 800 22 0
710 759 1472394835804 720 800 22 0
711 771 1472394835834 720 800 22 0
713 777 1472394835864 720 800 22 0
714 783 1472394835894 720 800 22 0
715 786 1472394835924 720 800 22 0
716 788 1472394835954 720 800 22 0
717 789 1472394835984 720 800 22 1
718 791 1472394836014 720 800 22 1
720 794 1472394836044 720 800 22 1
720 795 1472394836074 720 800 22 1
720 795 1472394836104 720 800 22 1
721 796 1472394836134 720 800 22 1
721 796 1472394836164 720 800 22 1
720 796 1472394836194 720 800 22 1
720 796 1472394836224 720 800 22 1
720 795 1472394836254 720 800 22 1
720 795 1472394836284 720 800 22 1
719 795 1472394836314 720 800 22 1
719 795 1472394836344 720 800 22 1
719 795 1472394836374 720 800 22 1
719 795 1472394836404 720 800 22 1
719 795 1472394836434 720 800 22 1
719 795 1472394836464 720 800 22 1
719 795 1472394836494 720 800 22 1
719 795 1472394836524 720 800 22 1
719 795 1472394836554 720 800 22 1
719 795 1472394836584 720 800 22 1
719 795 1472394836614 720 800 22 1
719 795 1472394836644 720 800 22 1
719 795 1472394836674 720 800 22 1
719 795 1472394836704 720 800 22 1
719 795 1472394836734 720 800 22 1
719 795 1472394836764 720 800 22 1
719 795 1472394836794 720 800 22 1
719 795 1472394836824 720 800 22 1
719 795 1472394836854 720 800 22 1
719 795 1472394836884 720 800 22 1
719 795 1472394836914 720 800 22 1
719 795 1472394836944 720 800 22 1
719 795 1472394836974 720 800 22 1
719 795 1472394837004 1109 467 20 0
719 795 1472394837034 1109 467 20 0
719 795 1472394837064 1109 467 20 0
719 795 1472394837094 1109 467 20 0
719 795 1472394837124 1109 467 20 0
719 795 1472394837154 1109 467 20 0
719 795 1472394837184 1109 467 20 0
719 795 1472394837214 1109 467 20 0
719 794 1472394837244 1109 467 20 0
721 786 1472394837274 1109 467 20 0
725 773 1472394837304 1109 467 20 0
738 754 1472394837334 1109 467 20 0
751 737 1472394837364 1109 467 20 0
773 710 1472394837394 1109 467 20 0
794 683 1472394837424 1109 467 20 0
820 654 1472394837454 1109 467 20 0
844 633 1472394837484 1109 467 20 0
888 604 1472394837514 1109 467 20 0
927 579 1472394837544 1109 467 20 0
960 557 1472394837574 1109 467 20 0
991 535 1472394837604 1109 467 20 0
1025 515 1472394837634 1109 467 20 0
1046 502 1472394837664 1109 467 20 0
1074 486 1472394837694 1109 467 20 0
1098 472 1472394837724 1109 467 20 0
1120 457 1472394837754 1109 467 20 0
1138 443 1472394837784 1109 467 20 0
1149 434 1472394837814 1109 467 20 0
1153 432 1472394837844 1109 467 20 0
1155 430 1472394837874 1109 467 20 0
1155 430 1472394837904 1109 467 20 0
1155 430 1472394837934 1109 467 20 0
1155 430 1472394837964 1109 467 20 0
1155 432 1472394837994 1109 467 20 0
1150 436 1472394838024 1109 467 20 0
1143 442 1472394838054 1109 467 20 0
1137 446 1472394838084 1109 467 20 0
1128 453 1472394838114 1109 467 20 0
1121 458 1472394838144 1109 467 20 0
1116 463 1472394838174 1109 467 20 1
1113 467 1472394838204 1109 467 20 1
1112 469 1472394838234 1109 467 20 1
1111 469 1472394838264 1109 467 20 1
1111 469 1472394838294 1109 467 20 1
1111 469 1472394838324 1109 467 20 1
1111 469 1472394838354 1109 467 20 1
1111 469 1472394838384 1109 467 20 1
1111 469 1472394838414 1109 467 20 1
1111 469 1472394838444 1109 467 20 1
1111 469 1472394838474 1109 467 20 1
1111 469 1472394838504 1109 467 20 1
1111 469 1472394838534 1109 467 20 1
1111 469 1472394838564 1109 467 20 1
1111 469 1472394838594 1109 467 20 1
1111 469 1472394838624 1109 467 20 1
1111 469 1472394838654 1109 467 20 1
1111 469 1472394838684 1109 467 20 1
1111 469 1472394838714 1109 467 20 1
1111 469 1472394838744 1109 467 20 1
1111 469 1472394838774 1109 467 20 1
1111 469 1472394838804 1109 467 20 1
1111 469 1472394838834 1109 467 20 1
1111 469 1472394838864 1109 467 20 1
1111 469 1472394838894 1109 467 20 1
1111 469 1472394838924 1109 467 20 1
1111 469 1472394838954 1109 467 20 1
1111 469 1472394838984 1109 467 20 1
1111 469 1472394839014 1109 467 20 1
1111 469 1472394839044 1109 467 20 1
1111 469 1472394839074 1109 467 20 1
1111 469 1472394839104 1109 467 20 1
1111 469 1472394839134 1109 467 20 1
1111 469 1472394839164 1109 467 20 1
1111 469 1472394839194 1109 467 20 1
1111 469 1472394839224 720 800 20 0
1111 469 1472394839254 720 800 20 0
1111 469 1472394839284 720 800 20 0
1111 469 1472394839314 720 800 20 0
1111 469 1472394839344 720 800 20 0
1111 469 1472394839374 720 800 20 0
1111 469 1472394839404 720 800 20 0
1111 468 1472394839434 720 800 20 0
1109 466 1472394839464 720 800 20 0
1104 462 1472394839494 720 800 20 0
1099 459 1472394839524 720 800 20 0
1082 456 1472394839554 720 800 20 0
1055 457 1472394839584 720 800 20 0
1026 463 1472394839614 720 800 20 0
1007 470 1472394839644 720 800 20 0
976 485 1472394839674 720 800 20 0
943 505 1472394839704 720 800 20 0
907 530 1472394839734 720 800 20 0
872 560 1472394839764 720 800 20 0
845 592 1472394839794 720 800 20 0
831 614 1472394839824 720 800 20 0
812 648 1472394839854 720 800 20 0
791 680 1472394839884 720 800 20 0
772 708 1472394839914 720 800 20 0
764 724 1472394839944 720 800 20 0
754 743 1472394839974 720 800 20 0
747 756 1472394840004 720 800 20 0
743 764 1472394840034 720 800 20 0
743 766 1472394840064 720 800 20 0
742 766 1472394840094 720 800 20 0
741 766 1472394840124 720 800 20 0
741 766 1472394840154 720 800 20 0
740 768 1472394840184 720 800 20 0
738 770 1472394840214 720 800 20 0
737 772 1472394840244 720 800 20 0
735 775 1472394840274 720 800 20 0
732 778 1472394840304 720 800 20 0
729 781 1472394840334 720 800 20 0
727 785 1472394840364 720 800 20 0
724 790 1472394840394 720 800 20 1
722 793 1472394840424 720 800 20 1
721 796 1472394840454 720 800 20 1
720 798 1472394840484 720 800 20 1
720 798 1472394840514 720 800 20 1
720 798 1472394840544 720 800 20 1
720 798 1472394840574 720 800 20 1
720 798 1472394840604 720 800 20 1
720 798 1472394840634 720 800 20 1
720 798 1472394840664 720 800 20 1
720 798 1472394840694 720 800 20 1
720 798 1472394840724 720 800 20 1
720 798 1472394840754 720 800 20 1
720 798 1472394840784 720 800 20 1
720 798 1472394840814 720 800 20 1
720 798 1472394840844 720 800 20 1
720 798 1472394840874 720 800 20 1
720 798 1472394840904 720 800 20 1
720 798 1472394840934 720 800 20 1
720 798 1472394840964 720 800 20 1
720 798 1472394840994 720 800 20 1
720 798 1472394841024 720 800 20 1
720 798 1472394841054 720 800 20 1
720 798 1472394841084 720 800 20 1
720 798 1472394841114 720 800 20 1
720 798 1472394841144 720 800 20 1
720 798 1472394841174 720 800 20 1
720 798 1472394841204 720 800 20 1
720 798 1472394841234 720 800 20 1
720 798 1472394841264 720 800 20 1
720 798 1472394841294 720 800 20 1
720 798 1472394841324 720 800 20 1
720 798 1472394841354 720 800 20 1
720 798 1472394841384 720 800 20 1
720 798 1472394841414 1270 800 22 0
720 798 1472394841444 1270 800 22 0
720 798 1472394841474 1270 800 22 0
720 798 1472394841504 1270 800 22 0
720 798 1472394841534 1270 800 22 0
720 798 1472394841564 1270 800 22 0
720 798 1472394841594 1270 800 22 0
720 798 1472394841624 1270 800 22 0
720 798 1472394841654 1270 800 22 0
725 794 1472394841684 1270 800 22 0
735 783 1472394841714 1270 800 22 0
749 770 1472394841744 1270 800 22 0
761 759 1472394841774 1270 800 22 0
794 735 1472394841804 1270 800 22 0
839 709 1472394841834 1270 800 22 0
879 690 1472394841864 1270 800 22 0
912 678 1472394841894 1270 800 22 0
935 673 1472394841924 1270 800 22 0
976 666 1472394841954 1270 800 22 0
1018 664 1472394841984 1270 800 22 0
1049 666 1472394842014 1270 800 22 0
1066 669 1472394842044 1270 800 22 0
1088 676 1472394842074 1270 800 22 0
1110 684 1472394842104 1270 800 22 0
1130 693 1472394842134 1270 800 22 0
1146 704 1472394842164 1270 800 22 0
1162 714 1472394842194 1270 800 22 0
1173 721 1472394842224 1270 800 22 0
1189 732 1472394842254 1270 800 22 0
1205 745 1472394842284 1270 800 22 0
1216 757 1472394842314 1270 800 22 0
1222 763 1472394842344 1270 800 22 0
1229 773 1472394842374 1270 800 22 0
1235 782 1472394842404 1270 800 22 0
1241 791 1472394842434 1270 800 22 0
1246 798 1472394842464 1270 800 22 0
1250 804 1472394842494 1270 800 22 0
1252 806 1472394842524 1270 800 22 0
1256 809 1472394842554 1270 800 22 0
1259 810 1472394842584 1270 800 22 0
1263 810 1472394842614 1270 800 22 0
1267 810 1472394842644 1270 800 22 1
1274 806 1472394842674 1270 800 22 1
1280 801 1472394842704 1270 800 22 1
1285 796 1472394842734 1270 800 22 0
1287 793 1472394842764 1270 800 22 0
1288 792 1472394842794 1270 800 22 0
1288 792 1472394842824 1270 800 22 0
1288 792 1472394842854 1270 800 22 0
1288 792 1472394842884 1270 800 22 0
1288 792 1472394842914 1270 800 22 0
1288 792 1472394842944 1270 800 22 0
1288 793 1472394842974 1270 800 22 0
1287 794 1472394843004 1270 800 22 0
1286 795 1472394843034 1270 800 22 0
1284 797 1472394843064 1270 800 22 0
1281 799 1472394843094 1270 800 22 1
1279 800 1472394843124 1270 800 22 1
1275 802 1472394843154 1270 800 22 1
1272 803 1472394843184 1270 800 22 1
1272 803 1472394843214 1270 800 22 1
1272 803 1472394843244 1270 800 22 1
1272 803 1472394843274 1270 800 22 1
1272 803 1472394843304 1270 800 22 1
1272 803 1472394843334 1270 800 22 1
1272 803 1472394843364 1270 800 22 1
1272 803 1472394843394 1270 800 22 1
1272 803 1472394843424 1270 800 22 1
1272 803 1472394843454 1270 800 22 1
1272 803 1472394843484 1270 800 22 1
1272 803 1472394843514 1270 800 22 1
1272 803 1472394843544 1270 800 22 1
1272 803 1472394843574 1270 800 22 1
1272 803 1472394843604 1270 800 22 1
1272 803 1472394843634 1270 800 22 1
1272 803 1472394843664 1270 800 22 1
1272 803 1472394843694 1270 800 22 1
1272 803 1472394843724 1270 800 22 1
1272 803 1472394843754 1270 800 22 1
1272 803 1472394843784 1270 800 22 1
1272 803 1472394843814 1270 800 22 1
1271 803 1472394843844 1270 800 22 1
1271 803 1472394843874 1270 800 22 1
1271 803 1472394843904 1270 800 22 1
1271 803 1472394843934 1270 800 22 1
1271 803 1472394843964 1270 800 22 1
1271 803 1472394843994 1270 800 22 1
1270 802 1472394844024 1270 800 22 1
1269 801 1472394844054 1270 800 22 1
1269 800 1472394844084 1270 800 22 1
1268 800 1472394844114 720 800 21 0
1268 799 1472394844144 720 800 21 0
1268 799 1472394844174 720 800 21 0
1267 798 1472394844204 720 800 21 0
1267 798 1472394844234 720 800 21 0
1267 797 1472394844264 720 800 21 0
1267 797 1472394844294 720 800 21 0
1267 797 1472394844324 720 800 21 0
1267 797 1472394844354 720 800 21 0
1266 796 1472394844384 720 800 21 0
1261 793 1472394844414 720 800 21 0
1251 788 1472394844444 720 800 21 0
1229 781 1472394844474 720 800 21 0
1194 773 1472394844504 720 800 21 0
1153 766 1472394844534 720 800 21 0
1125 762 1472394844564 720 800 21 0
1077 760 1472394844594 720 800 21 0
1022 760 1472394844624 720 800 21 0
965 764 1472394844654 720 800 21 0
917 770 1472394844684 720 800 21 0
882 775 1472394844714 720 800 21 0
866 777 1472394844744 720 800 21 0
849 780 1472394844774 720 800 21 0
838 782 1472394844804 720 800 21 0
830 786 1472394844834 720 800 21 0
824 788 1472394844864 720 800 21 0
816 791 1472394844894 720 800 21 0
807 794 1472394844924 720 800 21 0
789 800 1472394844954 720 800 21 0
771 804 1472394844984 720 800 21 0
754 808 1472394845014 720 800 21 0
741 811 1472394845044 720 800 21 0
724 813 1472394845074 720 800 21 0
712 813 1472394845104 720 800 21 0
704 811 1472394845134 720 800 21 0
698 809 1472394845164 720 800 21 0
695 808 1472394845194 720 800 21 0
695 808 1472394845224 720 800 21 0
695 808 1472394845254 720 800 21 0
694 808 1472394845284 720 800 21 0
694 808 1472394845314 720 800 21 0
695 808 1472394845344 720 800 21 0
696 809 1472394845374 720 800 21 0
696 809 1472394845404 720 800 21 0
698 809 1472394845434 720 800 21 0
700 809 1472394845464 720 800 21 0
704 807 1472394845494 720 800 21 0
712 803 1472394845524 720 800 21 1
716 801 1472394845554 720 800 21 1
716 800 1472394845584 720 800 21 1
716 800 1472394845614 720 800 21 1
717 800 1472394845644 720 800 21 1
717 801 1472394845674 720 800 21 1
718 801 1472394845704 720 800 21 1
718 802 1472394845734 720 800 21 1
718 802 1472394845764 720 800 21 1
718 803 1472394845794 720 800 21 1
718 803 1472394845824 720 800 21 1
718 803 1472394845854 720 800 21 1
718 803 1472394845884 720 800 21 1
718 803 1472394845914 720 800 21 1
718 803 1472394845944 720 800 21 1
718 803 1472394845974 720 800 21 1
718 803 1472394846004 720 800 21 1
718 803 1472394846034 720 800 21 1
718 803 1472394846064 720 800 21 1
718 803 1472394846094 720 800 21 1
718 803 1472394846124 720 800 21 1
718 803 1472394846154 720 800 21 1
718 803 1472394846184 720 800 21 1
718 803 1472394846214 720 800 21 1
718 803 1472394846244 720 800 21 1
718 803 1472394846274 720 800 21 1
719 803 1472394846304 720 800 21 1
719 803 1472394846334 720 800 21 1
719 803 1472394846364 720 800 21 1
719 803 1472394846394 720 800 21 1
719 803 1472394846424 720 800 21 1
719 803 1472394846454 720 800 21 1
719 803 1472394846484 720 800 21 1
719 803 1472394846514 720 800 21 1
719 803 1472394846544 720 800 21 1
719 803 1472394846574 170 800 13 0
719 803 1472394846604 170 800 13 0
719 803 1472394846634 170 800 13 0
719 803 1472394846664 170 800 13 0
719 803 1472394846694 170 800 13 0
719 803 1472394846724 170 800 13 0
719 803 1472394846754 170 800 13 0
719 803 1472394846784 170 800 13 0
719 803 1472394846814 170 800 13 0
719 803 1472394846844 170 800 13 0
719 803 1472394846874 170 800 13 0
718 801 1472394846904 170 800 13 0
714 798 1472394846934 170 800 13 0
710 796 1472394846964 170 800 13 0
698 795 1472394846994 170 800 13 0
677 796 1472394847024 170 800 13 0
646 802 1472394847054 170 800 13 0
611 809 1472394847084 170 800 13 0
576 814 1472394847114 170 800 13 0
552 818 1472394847144 170 800 13 0
515 825 1472394847174 170 800 13 0
477 831 1472394847204 170 800 13 0
441 835 1472394847234 170 800 13 0
421 836 1472394847264 170 800 13 0
394 836 1472394847294 170 800 13 0
368 835 1472394847324 170 800 13 0
344 834 1472394847354 170 800 13 0
323 832 1472394847384 170 800 13 0
303 829 1472394847414 170 800 13 0
291 825 1472394847444 170 800 13 0
274 819 1472394847474 170 800 13 0
257 813 1472394847504 170 800 13 0
243 808 1472394847534 170 800 13 0
230 804 1472394847564 170 800 13 0
218 800 1472394847594 170 800 13 0
212 798 1472394847624 170 800 13 0
205 796 1472394847654 170 800 13 0
199 795 1472394847684 170 800 13 0
195 795 1472394847714 170 800 13 0
193 795 1472394847744 170 800 13 0
193 795 1472394847774 170 800 13 0
193 795 1472394847804 170 800 13 0
192 796 1472394847834 170 800 13 0
192 798 1472394847864 170 800 13 0
191 801 1472394847894 170 800 13 0
190 803 1472394847924 170 800 13 0
189 805 1472394847954 170 800 13 0
189 806 1472394847984 170 800 13 0
188 808 1472394848014 170 800 13 0
187 808 1472394848044 170 800 13 0
187 808 1472394848074 170 800 13 0
187 808 1472394848104 170 800 13 0
186 808 1472394848134 170 800 13 0
185 806 1472394848164 170 800 13 0
183 805 1472394848194 170 800 13 0
181 804 1472394848224 170 800 13 0
180 803 1472394848254 170 800 13 0
180 802 1472394848284 170 800 13 0
179 801 1472394848314 170 800 13 0
178 800 1472394848344 170 800 13 0
177 799 1472394848374 170 800 13 0
176 799 1472394848404 170 800 13 0
176 799 1472394848434 170 800 13 0
176 799 1472394848464 170 800 13 0
177 800 1472394848494 170 800 13 0
178 801 1472394848524 170 800 13 0
179 802 1472394848554 170 800 13 0
179 803 1472394848584 170 800 13 0
180 804 1472394848614 170 800 13 0
180 805 1472394848644 170 800 13 0
180 805 1472394848674 170 800 13 0
180 805 1472394848704 170 800 13 0
180 805 1472394848734 170 800 13 0
180 805 1472394848764 170 800 13 0
180 805 1472394848794 170 800 13 0
179 804 1472394848824 170 800 13 0
178 804 1472394848854 170 800 13 0
178 803 1472394848884 170 800 13 0
178 803 1472394848914 170 800 13 0
177 802 1472394848944 170 800 13 0
176 802 1472394848974 170 800 13 0
175 802 1472394849004 170 800 13 0
175 802 1472394849034 170 800 13 0
173 801 1472394849064 170 800 13 1
172 801 1472394849094 170 800 13 1
172 801 1472394849124 170 800 13 1
172 801 1472394849154 170 800 13 1
172 801 1472394849184 170 800 13 1
170 801 1472394849214 170 800 13 1
168 800 1472394849244 170 800 13 1
167 800 1472394849274 170 800 13 1
166 800 1472394849304 170 800 13 0
166 800 1472394849334 170 800 13 0
166 800 1472394849364 170 800 13 0
166 800 1472394849394 170 800 13 0
166 800 1472394849424 170 800 13 0
166 800 1472394849454 170 800 13 0
166 800 1472394849484 170 800 13 0
167 800 1472394849514 170 800 13 1
167 800 1472394849544 170 800 13 1
168 800 1472394849574 170 800 13 1
168 800 1472394849604 170 800 13 1
168 800 1472394849634 170 800 13 1
169 800 1472394849664 170 800 13 1
170 800 1472394849694 170 800 13 1
171 800 1472394849724 170 800 13 1
171 800 1472394849754 170 800 13 1
171 800 1472394849784 170 800 13 1
171 800 1472394849814 170 800 13 1
172 800 1472394849844 170 800 13 1
172 800 1472394849874 170 800 13 1
172 800 1472394849904 170 800 13 1
172 800 1472394849934 170 800 13 1
172 800 1472394849964 170 800 13 1
172 800 1472394849994 170 800 13 1
172 800 1472394850024 170 800 13 1
172 800 1472394850054 170 800 13 1
172 800 1472394850084 170 800 13 1
172 800 1472394850114 170 800 13 1
172 800 1472394850144 170 800 13 1
172 800 1472394850174 170 800 13 1
172 801 1472394850204 170 800 13 1
172 801 1472394850234 170 800 13 1
172 801 1472394850264 170 800 13 1
172 801 1472394850294 170 800 13 1
172 801 1472394850324 170 800 13 1
172 801 1472394850354 170 800 13 1
172 801 1472394850384 170 800 13 1
172 801 1472394850414 170 800 13 1
172 801 1472394850444 170 800 13 1
172 801 1472394850474 170 800 13 1
172 801 1472394850504 170 800 13 1
172 801 1472394850534 720 800 13 0
172 801 1472394850564 720 800 13 0
172 801 1472394850594 720 800 13 0
172 801 1472394850624 720 800 13 0
172 801 1472394850654 720 800 13 0
172 801 1472394850684 720 800 13 0
172 801 1472394850714 720 800 13 0
172 801 1472394850744 720 800 13 0
172 801 1472394850774 720 800 13 0
172 801 1472394850804 720 800 13 0
172 801 1472394850834 720 800 13 0
172 801 1472394850864 720 800 13 0
173 800 1472394850894 720 800 13 0
176 798 1472394850924 720 800 13 0
191 789 1472394850954 720 800 13 0
210 779 1472394850984 720 800 13 0
234 768 1472394851014 720 800 13 0
267 754 1472394851044 720 800 13 0
315 735 1472394851074 720 800 13 0
348 724 1472394851104 720 800 13 0
392 712 1472394851134 720 800 13 0
431 707 1472394851164 720 800 13 0
471 705 1472394851194 720 800 13 0
499 705 1472394851224 720 800 13 0
538 707 1472394851254 720 800 13 0
567 715 1472394851284 720 800 13 0
589 724 1472394851314 720 800 13 0
609 734 1472394851344 720 800 13 0
629 743 1472394851374 720 800 13 0
642 750 1472394851404 720 800 13 0
660 761 1472394851434 720 800 13 0
677 769 1472394851464 720 800 13 0
694 776 1472394851494 720 800 13 0
711 782 1472394851524 720 800 13 0
724 789 1472394851554 720 800 13 0
731 792 1472394851584 720 800 13 0
738 796 1472394851614 720 800 13 0
741 799 1472394851644 720 800 13 0
742 801 1472394851674 720 800 13 0
742 801 1472394851704 720 800 13 0
738 801 1472394851734 720 800 13 0
732 801 1472394851764 720 800 13 0
726 800 1472394851794 720 800 13 0
721 799 1472394851824 720 800 13 1
717 798 1472394851854 720 800 13 1
715 798 1472394851884 720 800 13 0
714 798 1472394851914 720 800 13 0
712 797 1472394851944 720 800 13 0
712 797 1472394851974 720 800 13 0
712 797 1472394852004 720 800 13 0
712 797 1472394852034 720 800 13 0
712 797 1472394852064 720 800 13 0
712 797 1472394852094 720 800 13 0
713 797 1472394852124 720 800 13 0
713 797 1472394852154 720 800 13 0
713 797 1472394852184 720 800 13 0
713 797 1472394852214 720 800 13 0
715 797 1472394852244 720 800 13 0
718 797 1472394852274 720 800 13 1
722 797 1472394852304 720 800 13 1
726 797 1472394852334 720 800 13 0
728 797 1472394852364 720 800 13 0
729 797 1472394852394 720 800 13 0
729 797 1472394852424 720 800 13 0
728 796 1472394852454 720 800 13 0
727 795 1472394852484 720 800 13 0
725 794 1472394852514 720 800 13 0
724 794 1472394852544 720 800 13 0
723 794 1472394852574 720 800 13 0
723 794 1472394852604 720 800 13 0
722 794 1472394852634 720 800 13 0
722 795 1472394852664 720 800 13 0
722 796 1472394852694 720 800 13 0
722 797 1472394852724 720 800 13 1
722 797 1472394852754 720 800 13 1
722 798 1472394852784 720 800 13 1
722 799 1472394852814 720 800 13 1
721 800 1472394852844 720 800 13 1
721 801 1472394852874 720 800 13 1
721 801 1472394852904 720 800 13 1
721 802 1472394852934 720 800 13 1
721 802 1472394852964 720 800 13 1
721 802 1472394852994 720 800 13 1
721 802 1472394853024 720 800 13 1
721 802 1472394853054 720 800 13 1
721 802 1472394853084 720 800 13 1
721 802 1472394853114 720 800 13 1
721 802 1472394853144 720 800 13 1
721 802 1472394853174 720 800 13 1
721 802 1472394853204 720 800 13 1
721 802 1472394853234 720 800 13 1
721 802 1472394853264 720 800 13 1
721 802 1472394853294 720 800 13 1
721 802 1472394853324 720 800 13 1
720 801 1472394853354 720 800 13 1
720 801 1472394853384 720 800 13 1
720 801 1472394853414 720 800 13 1
720 801 1472394853444 720 800 13 1
720 801 1472394853474 720 800 13 1
720 801 1472394853504 720 800 13 1
720 801 1472394853534 720 800 13 1
720 801 1472394853564 720 800 13 1
720 801 1472394853594 720 800 13 1
720 801 1472394853624 720 800 13 1
720 801 1472394853654 720 800 13 1
720 801 1472394853684 720 800 13 1
720 801 1472394853714 720 800 13 1
720 801 1472394853744 720 800 13 1
720 801 1472394853774 331 467 13 0
720 801 1472394853804 331 467 13 0
720 801 1472394853834 331 467 13 0
720 801 1472394853864 331 467 13 0
720 801 1472394853894 331 467 13 0
720 801 1472394853924 331 467 13 0
720 801 1472394853954 331 467 13 0
720 801 1472394853984 331 467 13 0
720 801 1472394854014 331 467 13 0
720 801 1472394854044 331 467 13 0
720 801 1472394854074 331 467 13 0
718 800 1472394854104 331 467 13 0
712 800 1472394854134 331 467 13 0
700 799 1472394854164 331 467 13 0
681 796 1472394854194 331 467 13 0
658 790 1472394854224 331 467 13 0
632 780 1472394854254 331 467 13 0
613 773 1472394854284 331 467 13 0
582 760 1472394854314 331 467 13 0
552 741 1472394854344 331 467 13 0
526 718 1472394854374 331 467 13 0
508 702 1472394854404 331 467 13 0
481 678 1472394854434 331 467 13 0
453 656 1472394854464 331 467 13 0
430 633 1472394854494 331 467 13 0
409 610 1472394854524 331 467 13 0
391 589 1472394854554 331 467 13 0
379 576 1472394854584 331 467 13 0
362 558 1472394854614 331 467 13 0
347 542 1472394854644 331 467 13 0
336 526 1472394854674 331 467 13 0
326 512 1472394854704 331 467 13 0
318 501 1472394854734 331 467 13 0
314 494 1472394854764 331 467 13 0
311 486 1472394854794 331 467 13 0
310 480 1472394854824 331 467 13 0
309 476 1472394854854 331 467 13 0
309 473 1472394854884 331 467 13 0
309 472 1472394854914 331 467 13 0
309 472 1472394854944 331 467 13 0
310 472 1472394854974 331 467 13 0
313 473 1472394855004 331 467 13 0
316 474 1472394855034 331 467 13 0
317 474 1472394855064 331 467 13 0
319 474 1472394855094 331 467 13 0
322 473 1472394855124 331 467 13 0
326 471 1472394855154 331 467 13 0
330 469 1472394855184 331 467 13 1
332 468 1472394855214 331 467 13 1
333 467 1472394855244 331 467 13 1
334 466 1472394855274 331 467 13 1
335 466 1472394855304 331 467 13 0
336 466 1472394855334 331 467 13 0
336 466 1472394855364 331 467 13 0
336 466 1472394855394 331 467 13 0
336 466 1472394855424 331 467 13 0
336 466 1472394855454 331 467 13 0
336 467 1472394855484 331 467 13 0
336 467 1472394855514 331 467 13 0
336 467 1472394855544 331 467 13 0
336 467 1472394855574 331 467 13 0
337 468 1472394855604 331 467 13 0
337 470 1472394855634 331 467 13 0
337 471 1472394855664 331 467 13 0
337 472 1472394855694 331 467 13 0
337 473 1472394855724 331 467 13 0
337 473 1472394855754 331 467 13 0
337 473 1472394855784 331 467 13 0
337 473 1472394855814 331 467 13 0
337 473 1472394855844 331 467 13 0
337 473 1472394855874 331 467 13 0
337 473 1472394855904 331 467 13 0
337 473 1472394855934 331 467 13 0
337 473 1472394855964 331 467 13 0
337 473 1472394855994 331 467 13 0
337 473 1472394856024 331 467 13 0
337 472 1472394856054 331 467 13 0
337 472 1472394856084 331 467 13 0
336 471 1472394856114 331 467 13 0
336 470 1472394856144 331 467 13 0
335 469 1472394856174 331 467 13 0
335 469 1472394856204 331 467 13 0
335 468 1472394856234 331 467 13 0
335 468 1472394856264 331 467 13 0
334 467 1472394856294 331 467 13 1
334 467 1472394856324 331 467 13 1
334 467 1472394856354 331 467 13 1
334 467 1472394856384 331 467 13 1
334 467 1472394856414 331 467 13 1
334 467 1472394856444 331 467 13 1
334 467 1472394856474 331 467 13 1
334 467 1472394856504 331 467 13 1
334 467 1472394856534 331 467 13 1
334 467 1472394856564 331 467 13 1
334 467 1472394856594 331 467 13 1
334 467 1472394856624 331 467 13 1
334 467 1472394856654 331 467 13 1
334 467 1472394856684 331 467 13 1
334 467 1472394856714 331 467 13 1
334 467 1472394856744 331 467 13 1
334 467 1472394856774 331 467 13 1
333 467 1472394856804 331 467 13 1
332 467 1472394856834 331 467 13 1
331 466 1472394856864 331 467 13 1
331 466 1472394856894 331 467 13 1
331 466 1472394856924 331 467 13 1
331 465 1472394856954 331 467 13 1
330 465 1472394856984 331 467 13 1
329 464 1472394857014 331 467 13 0
328 463 1472394857044 331 467 13 0
328 463 1472394857074 331 467 13 0
328 463 1472394857104 331 467 13 0
328 464 1472394857134 331 467 13 0
328 465 1472394857164 331 467 13 0
328 466 1472394857194 331 467 13 1
328 467 1472394857224 331 467 13 1
328 467 1472394857254 331 467 13 1
328 467 1472394857284 331 467 13 1
328 468 1472394857314 331 467 13 1
329 468 1472394857344 331 467 13 1
329 469 1472394857374 331 467 13 1
329 470 1472394857404 331 467 13 0
330 470 1472394857434 331 467 13 1
330 470 1472394857464 331 467 13 1
330 470 1472394857494 331 467 13 1
330 470 1472394857524 331 467 13 1
330 470 1472394857554 331 467 13 1
330 470 1472394857584 331 467 13 1
330 470 1472394857614 331 467 13 1
330 470 1472394857644 331 467 13 1
330 470 1472394857674 331 467 13 1
330 470 1472394857704 331 467 13 1
330 470 1472394857734 331 467 13 1
330 470 1472394857764 331 467 13 1
330 470 1472394857794 331 467 13 1
330 470 1472394857824 331 467 13 1
330 470 1472394857854 331 467 13 1
330 470 1472394857884 331 467 13 1
330 470 1472394857914 331 467 13 1
330 470 1472394857944 331 467 13 1
330 470 1472394857974 331 467 13 1
330 470 1472394858004 331 467 13 1
330 470 1472394858034 331 467 13 1
330 470 1472394858064 331 467 13 1
330 471 1472394858094 331 467 13 0
330 471 1472394858124 331 467 13 0
330 471 1472394858154 331 467 13 0
330 471 1472394858184 331 467 13 0
330 471 1472394858214 331 467 13 0
330 471 1472394858244 331 467 13 0
330 471 1472394858274 331 467 13 0
330 471 1472394858304 331 467 13 0
330 471 1472394858334 331 467 13 0
330 470 1472394858364 331 467 13 1
330 470 1472394858394 331 467 13 1
330 470 1472394858424 331 467 13 1
330 469 1472394858454 331 467 13 1
329 469 1472394858484 331 467 13 1
329 468 1472394858514 331 467 13 1
329 468 1472394858544 331 467 13 1
329 467 1472394858574 331 467 13 1
329 466 1472394858604 331 467 13 1
329 466 1472394858634 331 467 13 1
329 465 1472394858664 331 467 13 1
329 465 1472394858694 331 467 13 1
329 465 1472394858724 331 467 13 1
329 465 1472394858754 331 467 13 1
329 466 1472394858784 331 467 13 1
330 466 1472394858814 331 467 13 1
331 467 1472394858844 331 467 13 1
332 468 1472394858874 331 467 13 1
333 468 1472394858904 331 467 13 1
333 468 1472394858934 331 467 13 1
333 469 1472394858964 331 467 13 1
334 469 1472394858994 331 467 13 0
334 469 1472394859024 331 467 13 0
335 470 1472394859054 331 467 13 0
335 470 1472394859084 331 467 13 0
335 470 1472394859114 331 467 13 0
335 470 1472394859144 331 467 13 0
335 470 1472394859174 331 467 13 0
335 470 1472394859204 331 467 13 0
335 470 1472394859234 331 467 13 0
335 470 1472394859264 331 467 13 0
335 470 1472394859294 331 467 13 0
335 470 1472394859324 331 467 13 0
335 470 1472394859354 331 467 13 0
335 470 1472394859384 331 467 13 0
335 470 1472394859414 331 467 13 0
335 469 1472394859444 331 467 13 0
334 468 1472394859474 331 467 13 1
334 468 1472394859504 331 467 13 1
333 468 1472394859534 331 467 13 1
333 467 1472394859564 331 467 13 1
332 466 1472394859594 331 467 13 1
332 466 1472394859624 331 467 13 1
332 466 1472394859654 331 467 13 1
332 466 1472394859684 331 467 13 1
332 466 1472394859714 331 467 13 1
332 466 1472394859744 331 467 13 1
332 466 1472394859774 331 467 13 1
332 466 1472394859804 331 467 13 1
332 466 1472394859834 331 467 13 1
332 466 1472394859864 331 467 13 1
332 466 1472394859894 331 467 13 1
332 466 1472394859924 331 467 13 1
332 466 1472394859954 331 467 13 1
332 466 1472394859984 331 467 13 1
332 466 1472394860014 331 467 13 1
332 466 1472394860044 331 467 13 1
332 466 1472394860074 331 467 13 1
332 466 1472394860104 331 467 13 1
332 466 1472394860134 331 467 13 1
332 466 1472394860164 331 467 13 1
332 466 1472394860194 331 467 13 1
332 466 1472394860224 331 467 13 1
332 466 1472394860254 331 467 13 1
332 466 1472394860284 331 467 13 1
332 466 1472394860314 331 467 13 1
332 466 1472394860344 331 467 13 1
332 466 1472394860374 331 467 13 1
332 466 1472394860404 331 467 13 1
332 466 1472394860434 331 467 13 1
332 466 1472394860464 331 467 13 1
332 466 1472394860494 331 467 13 1
332 466 1472394860524 720 800 13 0
332 466 1472394860554 720 800 13 0
332 466 1472394860584 720 800 13 0
332 466 1472394860614 720 800 13 0
332 466 1472394860644 720 800 13 0
332 466 1472394860674 720 800 13 0
332 466 1472394860704 720 800 13 0
332 466 1472394860734 720 800 13 0
332 466 1472394860764 720 800 13 0
332 466 1472394860794 720 800 13 0
332 466 1472394860824 720 800 13 0
334 466 1472394860854 720 800 13 0
340 465 1472394860884 720 800 13 0
349 466 1472394860914 720 800 13 0
363 469 1472394860944 720 800 13 0
382 475 1472394860974 720 800 13 0
397 481 1472394861004 720 800 13 0
423 493 1472394861034 720 800 13 0
452 508 1472394861064 720 800 13 0
472 520 1472394861094 720 800 13 0
504 539 1472394861124 720 800 13 0
532 560 1472394861154 720 800 13 0
558 582 1472394861184 720 800 13 0
582 604 1472394861214 720 800 13 0
603 627 1472394861244 720 800 13 0
621 649 1472394861274 720 800 13 0
632 663 1472394861304 720 800 13 0
646 681 1472394861334 720 800 13 0
658 697 1472394861364 720 800 13 0
670 712 1472394861394 720 800 13 0
679 727 1472394861424 720 800 13 0
685 736 1472394861454 720 800 13 0
694 748 1472394861484 720 800 13 0
703 758 1472394861514 720 800 13 0
712 767 1472394861544 720 800 13 0
720 776 1472394861574 720 800 13 0
724 780 1472394861604 720 800 13 0
729 786 1472394861634 720 800 13 0
733 790 1472394861664 720 800 13 0
736 793 1472394861694 720 800 13 0
737 795 1472394861724 720 800 13 0
738 795 1472394861754 720 800 13 0
738 795 1472394861784 720 800 13 0
738 795 1472394861814 720 800 13 0
735 795 1472394861844 720 800 13 0
730 797 1472394861874 720 800 13 0
726 799 1472394861904 720 800 13 0
721 801 1472394861934 720 800 13 1
719 801 1472394861964 720 800 13 1
716 802 1472394861994 720 800 13 0
714 802 1472394862024 720 800 13 0
712 802 1472394862054 720 800 13 0
710 802 1472394862084 720 800 13 0
710 802 1472394862114 720 800 13 0
710 801 1472394862144 720 800 13 0
710 801 1472394862174 720 800 13 0
710 801 1472394862204 720 800 13 0
710 801 1472394862234 720 800 13 0
712 800 1472394862264 720 800 13 0
717 798 1472394862294 720 800 13 1
721 795 1472394862324 720 800 13 0
723 793 1472394862354 720 800 13 0
724 792 1472394862384 720 800 13 0
724 792 1472394862414 720 800 13 0
724 792 1472394862444 720 800 13 0
724 792 1472394862474 720 800 13 0
724 792 1472394862504 720 800 13 0
724 792 1472394862534 720 800 13 0
724 793 1472394862564 720 800 13 0
724 793 1472394862594 720 800 13 0
724 794 1472394862624 720 800 13 0
724 794 1472394862654 720 800 13 0
724 795 1472394862684 720 800 13 0
723 796 1472394862714 720 800 13 0
723 796 1472394862744 720 800 13 0
723 796 1472394862774 720 800 13 0
723 796 1472394862804 720 800 13 0
723 796 1472394862834 720 800 13 0
723 796 1472394862864 720 800 13 0
723 796 1472394862894 720 800 13 0
724 797 1472394862924 720 800 13 0
724 797 1472394862954 720 800 13 0
724 798 1472394862984 720 800 13 0
724 799 1472394863014 720 800 13 0
724 799 1472394863044 720 800 13 0
724 799 1472394863074 720 800 13 0
724 799 1472394863104 720 800 13 0
724 799 1472394863134 720 800 13 0
724 799 1472394863164 720 800 13 0
724 799 1472394863194 720 800 13 0
723 799 1472394863224 720 800 13 1
723 799 1472394863254 720 800 13 1
723 799 1472394863284 720 800 13 1
723 799 1472394863314 720 800 13 1
722 798 1472394863344 720 800 13 1
719 797 1472394863374 720 800 13 1
718 796 1472394863404 720 800 13 0
716 795 1472394863434 720 800 13 0
715 795 1472394863464 720 800 13 0
714 795 1472394863494 720 800 13 0
714 795 1472394863524 720 800 13 0
714 795 1472394863554 720 800 13 0
714 795 1472394863584 720 800 13 0
714 795 1472394863614 720 800 13 0
715 795 1472394863644 720 800 13 0
715 796 1472394863674 720 800 13 0
716 797 1472394863704 720 800 13 0
717 798 1472394863734 720 800 13 1
717 799 1472394863764 720 800 13 1
717 799 1472394863794 720 800 13 1
717 799 1472394863824 720 800 13 1
717 799 1472394863854 720 800 13 1
717 799 1472394863884 720 800 13 1
717 799 1472394863914 720 800 13 1
717 800 1472394863944 720 800 13 1
718 800 1472394863974 720 800 13 1
718 801 1472394864004 720 800 13 1
718 801 1472394864034 720 800 13 1
718 801 1472394864064 720 800 13 1
718 801 1472394864094 720 800 13 1
718 801 1472394864124 720 800 13 1
718 801 1472394864154 720 800 13 1
718 801 1472394864184 720 800 13 1
718 801 1472394864214 720 800 13 1
718 801 1472394864244 720 800 13 1
718 801 1472394864274 720 800 13 1
718 801 1472394864304 720 800 13 1
718 801 1472394864334 720 800 13 1
718 801 1472394864364 720 800 13 1
718 801 1472394864394 720 800 13 1
718 801 1472394864424 720 800 13 1
718 801 1472394864454 720 800 13 1
718 801 1472394864484 720 800 13 1
718 801 1472394864514 720 800 13 1
718 801 1472394864544 720 800 13 1
718 801 1472394864574 720 800 13 1
718 801 1472394864604 720 800 13 1
718 801 1472394864634 720 800 13 1
718 801 1472394864664 720 800 13 1
718 801 1472394864694 720 800 13 1
718 801 1472394864724 720 800 13 1
718 801 1472394864754 720 800 13 1
718 801 1472394864784 720 250 13 0
718 801 1472394864814 720 250 13 0
718 801 1472394864844 720 250 13 0
718 801 1472394864874 720 250 13 0
718 801 1472394864904 720 250 13 0
718 801 1472394864934 720 250 13 0
718 801 1472394864964 720 250 13 0
719 801 1472394864994 720 250 13 0
719 801 1472394865024 720 250 13 0
719 801 1472394865054 720 250 13 0
719 801 1472394865084 720 250 13 0
718 800 1472394865114 720 250 13 0
716 798 1472394865144 720 250 13 0
715 795 1472394865174 720 250 13 0
711 785 1472394865204 720 250 13 0
707 769 1472394865234 720 250 13 0
700 745 1472394865264 720 250 13 0
693 716 1472394865294 720 250 13 0
690 680 1472394865324 720 250 13 0
689 639 1472394865354 720 250 13 0
687 611 1472394865384 720 250 13 0
681 573 1472394865414 720 250 13 0
674 537 1472394865444 720 250 13 0
672 498 1472394865474 720 250 13 0
674 473 1472394865504 720 250 13 0
678 439 1472394865534 720 250 13 0
679 410 1472394865564 720 250 13 0
680 384 1472394865594 720 250 13 0
684 361 1472394865624 720 250 13 0
688 348 1472394865654 720 250 13 0
695 330 1472394865684 720 250 13 0
699 318 1472394865714 720 250 13 0
700 310 1472394865744 720 250 13 0
699 306 1472394865774 720 250 13 0
698 303 1472394865804 720 250 13 0
697 301 1472394865834 720 250 13 0
696 299 1472394865864 720 250 13 0
695 296 1472394865894 720 250 13 0
695 294 1472394865924 720 250 13 0
695 291 1472394865954 720 250 13 0
695 289 1472394865984 720 250 13 0
695 285 1472394866014 720 250 13 0
696 279 1472394866044 720 250 13 0
697 277 1472394866074 720 250 13 0
698 275 1472394866104 720 250 13 0
698 274 1472394866134 720 250 13 0
699 271 1472394866164 720 250 13 0
700 268 1472394866194 720 250 13 0
700 267 1472394866224 720 250 13 0
700 267 1472394866254 720 250 13 0
700 267 1472394866284 720 250 13 0
701 264 1472394866314 720 250 13 0
703 261 1472394866344 720 250 13 0
705 259 1472394866374 720 250 13 0
706 258 1472394866404 720 250 13 0
706 257 1472394866434 720 250 13 0
707 257 1472394866464 720 250 13 0
707 256 1472394866494 720 250 13 0
708 255 1472394866524 720 250 13 0
709 254 1472394866554 720 250 13 0
709 254 1472394866584 720 250 13 0
709 254 1472394866614 720 250 13 0
709 254 1472394866644 720 250 13 0
709 254 1472394866674 720 250 13 0
709 254 1472394866704 720 250 13 0
709 254 1472394866734 720 250 13 0
709 254 1472394866764 720 250 13 0
711 254 1472394866794 720 250 13 0
712 254 1472394866824 720 250 13 0
712 254 1472394866854 720 250 13 0
713 254 1472394866884 720 250 13 0
716 253 1472394866914 720 250 13 0
718 253 1472394866944 720 250 13 1
718 253 1472394866974 720 250 13 1
719 253 1472394867004 720 250 13 1
720 252 1472394867034 720 250 13 1
721 252 1472394867064 720 250 13 1
722 252 1472394867094 720 250 13 1
723 252 1472394867124 720 250 13 1
723 252 1472394867154 720 250 13 1
724 252 1472394867184 720 250 13 0
724 252 1472394867214 720 250 13 0
724 253 1472394867244 720 250 13 0
725 254 1472394867274 720 250 13 0
725 254 1472394867304 720 250 13 0
725 254 1472394867334 720 250 13 0
725 254 1472394867364 720 250 13 0
725 255 1472394867394 720 250 13 0
725 255 1472394867424 720 250 13 0
725 255 1472394867454 720 250 13 0
725 255 1472394867484 720 250 13 0
725 255 1472394867514 720 250 13 0
725 255 1472394867544 720 250 13 0
725 255 1472394867574 720 250 13 0
725 255 1472394867604 720 250 13 0
725 255 1472394867634 720 250 13 0
725 255 1472394867664 720 250 13 0
725 255 1472394867694 720 250 13 0
725 255 1472394867724 720 250 13 0
724 254 1472394867754 720 250 13 0
723 253 1472394867784 720 250 13 0
722 252 1472394867814 720 250 13 1
722 252 1472394867844 720 250 13 1
722 252 1472394867874 720 250 13 1
722 251 1472394867904 720 250 13 1
722 251 1472394867934 720 250 13 1
722 250 1472394867964 720 250 13 1
722 250 1472394867994 720 250 13 1
721 250 1472394868024 720 250 13 1
721 250 1472394868054 720 250 13 1
721 250 1472394868084 720 250 13 1
721 250 1472394868114 720 250 13 1
721 250 1472394868144 720 250 13 1
721 250 1472394868174 720 250 13 1
721 250 1472394868204 720 250 13 1
721 251 1472394868234 720 250 13 1
721 251 1472394868264 720 250 13 1
721 251 1472394868294 720 250 13 1
721 251 1472394868324 720 250 13 1
721 251 1472394868354 720 250 13 1
721 251 1472394868384 720 250 13 1
721 251 1472394868414 720 250 13 1
721 251 1472394868444 720 250 13 1
721 251 1472394868474 720 250 13 1
721 251 1472394868504 720 250 13 1
721 251 1472394868534 720 250 13 1
721 251 1472394868564 720 250 13 1
721 252 1472394868594 720 250 13 1
721 252 1472394868624 720 250 13 1
721 252 1472394868654 720 250 13 1
721 252 1472394868684 720 250 13 1
721 252 1472394868714 720 250 13 1
721 252 1472394868744 720 250 13 1
721 253 1472394868774 720 250 13 1
721 253 1472394868804 720 800 13 0
721 253 1472394868834 720 800 13 0
721 253 1472394868864 720 800 13 0
721 253 1472394868894 720 800 13 0
721 253 1472394868924 720 800 13 0
721 253 1472394868954 720 800 13 0
721 253 1472394868984 720 800 13 0
721 253 1472394869014 720 800 13 0
721 253 1472394869044 720 800 13 0
722 253 1472394869074 720 800 13 0
724 256 1472394869104 720 800 13 0
725 261 1472394869134 720 800 13 0
726 271 1472394869164 720 800 13 0
728 283 1472394869194 720 800 13 0
731 299 1472394869224 720 800 13 0
733 313 1472394869254 720 800 13 0
733 335 1472394869284 720 800 13 0
732 358 1472394869314 720 800 13 0
731 382 1472394869344 720 800 13 0
729 408 1472394869374 720 800 13 0
728 427 1472394869404 720 800 13 0
726 457 1472394869434 720 800 13 0
725 486 1472394869464 720 800 13 0
724 514 1472394869494 720 800 13 0
723 541 1472394869524 720 800 13 0
724 558 1472394869554 720 800 13 0
728 583 1472394869584 720 800 13 0
732 604 1472394869614 720 800 13 0
734 624 1472394869644 720 800 13 0
737 642 1472394869674 720 800 13 0
739 654 1472394869704 720 800 13 0
743 670 1472394869734 720 800 13 0
746 684 1472394869764 720 800 13 0
750 697 1472394869794 720 800 13 0
753 709 1472394869824 720 800 13 0
754 716 1472394869854 720 800 13 0
754 726 1472394869884 720 800 13 0
754 733 1472394869914 720 800 13 0
754 739 1472394869944 720 800 13 0
752 742 1472394869974 720 800 13 0
752 745 1472394870004 720 800 13 0
750 750 1472394870034 720 800 13 0
748 754 1472394870064 720 800 13 0
746 756 1472394870094 720 800 13 0
746 757 1472394870124 720 800 13 0
745 757 1472394870154 720 800 13 0
745 759 1472394870184 720 800 13 0
744 762 1472394870214 720 800 13 0
743 767 1472394870244 720 800 13 0
743 770 1472394870274 720 800 13 0
741 775 1472394870304 720 800 13 0
738 778 1472394870334 720 800 13 0
736 781 1472394870364 720 800 13 0
734 783 1472394870394 720 800 13 0
731 785 1472394870424 720 800 13 0
729 786 1472394870454 720 800 13 0
725 788 1472394870484 720 800 13 0
724 788 1472394870514 720 800 13 0
723 788 1472394870544 720 800 13 0
723 788 1472394870574 720 800 13 0
723 789 1472394870604 720 800 13 0
722 790 1472394870634 720 800 13 0
722 791 1472394870664 720 800 13 0
722 793 1472394870694 720 800 13 0
722 795 1472394870724 720 800 13 0
722 797 1472394870754 720 800 13 1
723 798 1472394870784 720 800 13 1
723 799 1472394870814 720 800 13 1
725 802 1472394870844 720 800 13 0
725 803 1472394870874 720 800 13 0
725 804 1472394870904 720 800 13 0
725 804 1472394870934 720 800 13 0
725 803 1472394870964 720 800 13 0
725 803 1472394870994 720 800 13 0
725 802 1472394871024 720 800 13 0
725 802 1472394871054 720 800 13 0
725 802 1472394871084 720 800 13 0
725 802 1472394871114 720 800 13 0
725 802 1472394871144 720 800 13 0
724 801 1472394871174 720 800 13 0
721 798 1472394871204 720 800 13 1
720 798 1472394871234 720 800 13 1
719 797 1472394871264 720 800 13 1
719 797 1472394871294 720 800 13 1
719 797 1472394871324 720 800 13 1
719 797 1472394871354 720 800 13 1
719 797 1472394871384 720 800 13 1
719 797 1472394871414 720 800 13 1
719 797 1472394871444 720 800 13 1
719 797 1472394871474 720 800 13 1
720 798 1472394871504 720 800 13 1
721 799 1472394871534 720 800 13 1
721 800 1472394871564 720 800 13 1
722 801 1472394871594 720 800 13 1
722 801 1472394871624 720 800 13 1
722 802 1472394871654 720 800 13 1
722 802 1472394871684 720 800 13 1
723 802 1472394871714 720 800 13 1
723 802 1472394871744 720 800 13 1
722 802 1472394871774 720 800 13 1
722 802 1472394871804 720 800 13 1
722 801 1472394871834 720 800 13 1
722 801 1472394871864 720 800 13 1
722 801 1472394871894 720 800 13 1
721 801 1472394871924 720 800 13 1
721 801 1472394871954 720 800 13 1
721 800 1472394871984 720 800 13 1
721 800 1472394872014 720 800 13 1
720 800 1472394872044 720 800 13 1
720 800 1472394872074 720 800 13 1
720 800 1472394872104 720 800 13 1
720 800 1472394872134 720 800 13 1
720 800 1472394872164 720 800 13 1
720 800 1472394872194 720 800 13 1
720 800 1472394872224 1109 467 13 0
720 800 1472394872254 1109 467 13 0
720 799 1472394872284 1109 467 13 0
720 799 1472394872314 1109 467 13 0
719 799 1472394872344 1109 467 13 0
719 799 1472394872374 1109 467 13 0
719 799 1472394872404 1109 467 13 0
719 799 1472394872434 1109 467 13 0
719 799 1472394872464 1109 467 13 0
718 798 1472394872494 1109 467 13 0
718 798 1472394872524 1109 467 13 0
718 798 1472394872554 1109 467 13 0
722 794 1472394872584 1109 467 13 0
728 787 1472394872614 1109 467 13 0
741 771 1472394872644 1109 467 13 0
755 753 1472394872674 1109 467 13 0
774 733 1472394872704 1109 467 13 0
785 718 1472394872734 1109 467 13 0
804 694 1472394872764 1109 467 13 0
823 668 1472394872794 1109 467 13 0
843 643 1472394872824 1109 467 13 0
863 620 1472394872854 1109 467 13 0
881 599 1472394872884 1109 467 13 0
895 582 1472394872914 1109 467 13 0
904 569 1472394872944 1109 467 13 0
919 551 1472394872974 1109 467 13 0
936 536 1472394873004 1109 467 13 0
949 525 1472394873034 1109 467 13 0
962 515 1472394873064 1109 467 13 0
973 509 1472394873094 1109 467 13 0
991 500 1472394873124 1109 467 13 0
1002 493 1472394873154 1109 467 13 0
1011 489 1472394873184 1109 467 13 0
1023 485 1472394873214 1109 467 13 0
1031 482 1472394873244 1109 467 13 0
1039 478 1472394873274 1109 467 13 0
1042 475 1472394873304 1109 467 13 0
1045 473 1472394873334 1109 467 13 0
1050 471 1472394873364 1109 467 13 0
1055 468 1472394873394 1109 467 13 0
1064 463 1472394873424 1109 467 13 0
1070 459 1472394873454 1109 467 13 0
1073 457 1472394873484 1109 467 13 0
1078 456 1472394873514 1109 467 13 0
1087 455 1472394873544 1109 467 13 0
1093 454 1472394873574 1109 467 13 0
1095 454 1472394873604 1109 467 13 0
1097 453 1472394873634 1109 467 13 0
1098 453 1472394873664 1109 467 13 0
1098 454 1472394873694 1109 467 13 0
1098 457 1472394873724 1109 467 13 0
1099 461 1472394873754 1109 467 13 0
1100 462 1472394873784 1109 467 13 0
1100 462 1472394873814 1109 467 13 0
1100 462 1472394873844 1109 467 13 0
1100 462 1472394873874 1109 467 13 0
1100 462 1472394873904 1109 467 13 0
1100 463 1472394873934 1109 467 13 0
1101 463 1472394873964 1109 467 13 0
1103 463 1472394873994 1109 467 13 0
1103 464 1472394874024 1109 467 13 0
1104 463 1472394874054 1109 467 13 0
1105 463 1472394874084 1109 467 13 0
1107 462 1472394874114 1109 467 13 0
1108 462 1472394874144 1109 467 13 0
1108 462 1472394874174 1109 467 13 0
1112 461 1472394874204 1109 467 13 0
1114 461 1472394874234 1109 467 13 0
1114 461 1472394874264 1109 467 13 0
1114 461 1472394874294 1109 467 13 0
1114 461 1472394874324 1109 467 13 0
1113 463 1472394874354 1109 467 13 0
1113 464 1472394874384 1109 467 13 0
1113 464 1472394874414 1109 467 13 0
1113 464 1472394874444 1109 467 13 0
1113 464 1472394874474 1109 467 13 0
1112 465 1472394874504 1109 467 13 0
1112 465 1472394874534 1109 467 13 0
1112 466 1472394874564 1109 467 13 1
1111 466 1472394874594 1109 467 13 1
1111 467 1472394874624 1109 467 13 1
1111 467 1472394874654 1109 467 13 1
1111 467 1472394874684 1109 467 13 1
1111 467 1472394874714 1109 467 13 1
1111 467 1472394874744 1109 467 13 1
1111 467 1472394874774 1109 467 13 1
1111 467 1472394874804 1109 467 13 1
1111 467 1472394874834 1109 467 13 1
1111 467 1472394874864 1109 467 13 1
1111 467 1472394874894 1109 467 13 1
1111 467 1472394874924 1109 467 13 1
1111 467 1472394874954 1109 467 13 1
1111 467 1472394874984 1109 467 13 1
1111 467 1472394875014 1109 467 13 1
1111 467 1472394875044 1109 467 13 1
1111 467 1472394875074 1109 467 13 1
1111 467 1472394875104 1109 467 13 1
1111 467 1472394875134 1109 467 13 1
1111 467 1472394875164 1109 467 13 1
1111 467 1472394875194 1109 467 13 1
1111 467 1472394875224 1109 467 13 1
1111 467 1472394875254 1109 467 13 1
1111 467 1472394875284 1109 467 13 1
1111 467 1472394875314 1109 467 13 1
1111 467 1472394875344 1109 467 13 1
1111 467 1472394875374 1109 467 13 1
1111 467 1472394875404 1109 467 13 1
1111 467 1472394875434 1109 467 13 1
1111 467 1472394875464 1109 467 13 1
1111 467 1472394875494 1109 467 13 1
1111 467 1472394875524 1109 467 13 1
1111 467 1472394875554 1109 467 13 1
1111 467 1472394875584 1109 467 13 1
1111 467 1472394875614 720 800 13 0
1111 467 1472394875644 720 800 13 0
1111 467 1472394875674 720 800 13 0
1111 467 1472394875704 720 800 13 0
1111 467 1472394875734 720 800 13 0
1111 467 1472394875764 720 800 13 0
1111 467 1472394875794 720 800 13 0
1111 467 1472394875824 720 800 13 0
1111 467 1472394875854 720 800 13 0
1108 468 1472394875884 720 800 13 0
1098 470 1472394875914 720 800 13 0
1085 474 1472394875944 720 800 13 0
1076 478 1472394875974 720 800 13 0
1061 489 1472394876004 720 800 13 0
1041 505 1472394876034 720 800 13 0
1021 526 1472394876064 720 800 13 0
999 544 1472394876094 720 800 13 0
975 560 1472394876124 720 800 13 0
958 576 1472394876154 720 800 13 0
950 587 1472394876184 720 800 13 0
938 602 1472394876214 720 800 13 0
927 614 1472394876244 720 800 13 0
913 624 1472394876274 720 800 13 0
902 631 1472394876304 720 800 13 0
889 641 1472394876334 720 800 13 0
881 652 1472394876364 720 800 13 0
871 663 1472394876394 720 800 13 0
856 676 1472394876424 720 800 13 0
835 691 1472394876454 720 800 13 0
825 700 1472394876484 720 800 13 0
814 713 1472394876514 720 800 13 0
807 725 1472394876544 720 800 13 0
802 735 1472394876574 720 800 13 0
800 739 1472394876604 720 800 13 0
798 745 1472394876634 720 800 13 0
795 752 1472394876664 720 800 13 0
791 760 1472394876694 720 800 13 0
786 766 1472394876724 720 800 13 0
782 770 1472394876754 720 800 13 0
777 773 1472394876784 720 800 13 0
772 776 1472394876814 720 800 13 0
766 778 1472394876844 720 800 13 0
758 778 1472394876874 720 800 13 0
754 776 1472394876904 720 800 13 0
753 776 1472394876934 720 800 13 0
752 776 1472394876964 720 800 13 0
749 779 1472394876994 720 800 13 0
746 784 1472394877024 720 800 13 0
740 790 1472394877054 720 800 13 0
735 794 1472394877084 720 800 13 0
734 795 1472394877114 720 800 13 0
734 797 1472394877144 720 800 13 0
734 798 1472394877174 720 800 13 0
735 798 1472394877204 720 800 13 0
734 800 1472394877234 720 800 13 0
732 804 1472394877264 720 800 13 0
730 808 1472394877294 720 800 13 0
730 808 1472394877324 720 800 13 0
732 807 1472394877354 720 800 13 0
732 806 1472394877384 720 800 13 0
732 806 1472394877414 720 800 13 0
732 806 1472394877444 720 800 13 0
730 804 1472394877474 720 800 13 0
729 800 1472394877504 720 800 13 0
727 797 1472394877534 720 800 13 0
726 796 1472394877564 720 800 13 0
725 796 1472394877594 720 800 13 0
725 795 1472394877624 720 800 13 0
725 795 1472394877654 720 800 13 0
725 796 1472394877684 720 800 13 0
725 797 1472394877714 720 800 13 0
724 798 1472394877744 720 800 13 0
724 798 1472394877774 720 800 13 0
724 798 1472394877804 720 800 13 0
724 798 1472394877834 720 800 13 0
724 799 1472394877864 720 800 13 0
724 800 1472394877894 720 800 13 0
724 802 1472394877924 720 800 13 0
724 802 1472394877954 720 800 13 0
724 802 1472394877984 720 800 13 0
724 802 1472394878014 720 800 13 0
724 802 1472394878044 720 800 13 0
722 802 1472394878074 720 800 13 1
719 802 1472394878104 720 800 13 1
718 802 1472394878134 720 800 13 1
717 802 1472394878164 720 800 13 0
716 802 1472394878194 720 800 13 0
716 802 1472394878224 720 800 13 0
717 802 1472394878254 720 800 13 0
717 801 1472394878284 720 800 13 1
717 801 1472394878314 720 800 13 1
717 800 1472394878344 720 800 13 1
717 800 1472394878374 720 800 13 1
717 800 1472394878404 720 800 13 1
717 800 1472394878434 720 800 13 1
717 799 1472394878464 720 800 13 1
718 799 1472394878494 720 800 13 1
719 798 1472394878524 720 800 13 1
719 798 1472394878554 720 800 13 1
719 798 1472394878584 720 800 13 1
719 798 1472394878614 720 800 13 1
720 798 1472394878644 720 800 13 1
720 797 1472394878674 720 800 13 1
721 796 1472394878704 720 800 13 0
722 796 1472394878734 720 800 13 0
722 796 1472394878764 720 800 13 0
722 796 1472394878794 720 800 13 0
722 795 1472394878824 720 800 13 0
723 795 1472394878854 720 800 13 0
723 795 1472394878884 720 800 13 0
723 795 1472394878914 720 800 13 0
723 795 1472394878944 720 800 13 0
723 795 1472394878974 720 800 13 0
723 795 1472394879004 720 800 13 0
723 795 1472394879034 720 800 13 0
723 795 1472394879064 720 800 13 0
723 795 1472394879094 720 800 13 0
723 795 1472394879124 720 800 13 0
723 795 1472394879154 720 800 13 0
724 795 1472394879184 720 800 13 0
724 796 1472394879214 720 800 13 0
725 796 1472394879244 720 800 13 0
725 796 1472394879274 720 800 13 0
725 796 1472394879304 720 800 13 0
725 797 1472394879334 720 800 13 0
725 797 1472394879364 720 800 13 0
725 797 1472394879394 720 800 13 0
725 797 1472394879424 720 800 13 0
725 797 1472394879454 720 800 13 0
725 797 1472394879484 720 800 13 0
725 797 1472394879514 720 800 13 0
725 797 1472394879544 720 800 13 0
725 797 1472394879574 720 800 13 0
724 797 1472394879604 720 800 13 0
723 797 1472394879634 720 800 13 0
723 797 1472394879664 720 800 13 0
723 797 1472394879694 720 800 13 0
722 797 1472394879724 720 800 13 0
721 797 1472394879754 720 800 13 1
719 797 1472394879784 720 800 13 1
718 797 1472394879814 720 800 13 0
717 798 1472394879844 720 800 13 0
716 798 1472394879874 720 800 13 0
716 798 1472394879904 720 800 13 0
716 798 1472394879934 720 800 13 0
717 798 1472394879964 720 800 13 0
717 798 1472394879994 720 800 13 0
717 798 1472394880024 720 800 13 0
717 798 1472394880054 720 800 13 0
717 798 1472394880084 720 800 13 0
717 799 1472394880114 720 800 13 1
717 799 1472394880144 720 800 13 1
718 799 1472394880174 720 800 13 1
719 799 1472394880204 720 800 13 1
721 799 1472394880234 720 800 13 1
723 799 1472394880264 720 800 13 1
724 799 1472394880294 720 800 13 0
724 799 1472394880324 720 800 13 0
724 799 1472394880354 720 800 13 0
724 799 1472394880384 720 800 13 0
724 799 1472394880414 720 800 13 0
724 799 1472394880444 720 800 13 0
724 799 1472394880474 720 800 13 0
724 799 1472394880504 720 800 13 0
724 799 1472394880534 720 800 13 0
724 799 1472394880564 720 800 13 0
724 799 1472394880594 720 800 13 0
724 800 1472394880624 720 800 13 0
724 800 1472394880654 720 800 13 0
724 800 1472394880684 720 800 13 0
723 800 1472394880714 720 800 13 1
723 800 1472394880744 720 800 13 1
723 800 1472394880774 720 800 13 1
723 801 1472394880804 720 800 13 1
723 801 1472394880834 720 800 13 1
723 802 1472394880864 720 800 13 0
722 802 1472394880894 720 800 13 1
722 802 1472394880924 720 800 13 1
722 802 1472394880954 720 800 13 1
722 803 1472394880984 720 800 13 0
721 803 1472394881014 720 800 13 1
720 803 1472394881044 720 800 13 1
720 803 1472394881074 720 800 13 1
720 802 1472394881104 720 800 13 1
720 802 1472394881134 720 800 13 1
720 802 1472394881164 720 800 13 1
720 802 1472394881194 720 800 13 1
720 802 1472394881224 720 800 13 1
720 802 1472394881254 720 800 13 1
720 802 1472394881284 720 800 13 1
720 801 1472394881314 720 800 13 1
720 801 1472394881344 720 800 13 1
720 801 1472394881374 720 800 13 1
720 801 1472394881404 720 800 13 1
720 801 1472394881434 720 800 13 1
720 801 1472394881464 720 800 13 1
720 801 1472394881494 720 800 13 1
720 801 1472394881524 720 800 13 1
720 801 1472394881554 720 800 13 1
720 801 1472394881584 720 800 13 1
720 801 1472394881614 720 800 13 1
720 801 1472394881644 720 800 13 1
720 801 1472394881674 720 800 13 1
720 801 1472394881704 720 800 13 1
720 801 1472394881734 720 800 13 1
720 801 1472394881764 720 800 13 1
720 801 1472394881794 720 800 13 1
720 801 1472394881824 720 800 13 1
720 801 1472394881854 720 800 13 1
720 801 1472394881884 720 800 13 1
720 801 1472394881914 720 800 13 1
720 801 1472394881944 720 800 13 1
720 801 1472394881974 720 800 13 1
720 801 1472394882004 720 800 13 1
720 801 1472394882034 1270 800 13 0
720 801 1472394882064 1270 800 13 0
720 801 1472394882094 1270 800 13 0
720 801 1472394882124 1270 800 13 0
720 801 1472394882154 1270 800 13 0
720 801 1472394882184 1270 800 13 0
720 801 1472394882214 1270 800 13 0
720 801 1472394882244 1270 800 13 0
720 800 1472394882274 1270 800 13 0
720 799 1472394882304 1270 800 13 0
722 794 1472394882334 1270 800 13 0
727 784 1472394882364 1270 800 13 0
741 769 1472394882394 1270 800 13 0
765 750 1472394882424 1270 800 13 0
788 733 1472394882454 1270 800 13 0
831 704 1472394882484 1270 800 13 0
869 684 1472394882514 1270 800 13 0
890 676 1472394882544 1270 800 13 0
900 674 1472394882574 1270 800 13 0
918 669 1472394882604 1270 800 13 0
943 665 1472394882634 1270 800 13 0
969 661 1472394882664 1270 800 13 0
993 658 1472394882694 1270 800 13 0
1023 656 1472394882724 1270 800 13 0
1042 655 1472394882754 1270 800 13 0
1068 655 1472394882784 1270 800 13 0
1086 657 1472394882814 1270 800 13 0
1094 661 1472394882844 1270 800 13 0
1099 666 1472394882874 1270 800 13 0
1106 670 1472394882904 1270 800 13 0
1110 672 1472394882934 1270 800 13 0
1115 677 1472394882964 1270 800 13 0
1120 683 1472394882994 1270 800 13 0
1127 691 1472394883024 1270 800 13 0
1133 698 1472394883054 1270 800 13 0
1140 708 1472394883084 1270 800 13 0
1146 719 1472394883114 1270 800 13 0
1153 728 1472394883144 1270 800 13 0
1160 736 1472394883174 1270 800 13 0
1167 743 1472394883204 1270 800 13 0
1172 747 1472394883234 1270 800 13 0
1179 754 1472394883264 1270 800 13 0
1190 758 1472394883294 1270 800 13 0
1201 760 1472394883324 1270 800 13 0
1214 760 1472394883354 1270 800 13 0
1223 759 1472394883384 1270 800 13 0
1226 759 1472394883414 1270 800 13 0
1227 760 1472394883444 1270 800 13 0
1232 760 1472394883474 1270 800 13 0
1234 760 1472394883504 1270 800 13 0
1234 760 1472394883534 1270 800 13 0
1234 762 1472394883564 1270 800 13 0
1234 766 1472394883594 1270 800 13 0
1234 769 1472394883624 1270 800 13 0
1236 773 1472394883654 1270 800 13 0
1236 776 1472394883684 1270 800 13 0
1238 779 1472394883714 1270 800 13 0
1239 781 1472394883744 1270 800 13 0
1239 782 1472394883774 1270 800 13 0
1239 783 1472394883804 1270 800 13 0
1240 785 1472394883834 1270 800 13 0
1241 788 1472394883864 1270 800 13 0
1244 789 1472394883894 1270 800 13 0
1251 790 1472394883924 1270 800 13 0
1256 790 1472394883954 1270 800 13 0
1258 790 1472394883984 1270 800 13 0
1258 790 1472394884014 1270 800 13 0
1259 790 1472394884044 1270 800 13 0
1261 790 1472394884074 1270 800 13 0
1263 790 1472394884104 1270 800 13 0
1263 790 1472394884134 1270 800 13 0
1264 790 1472394884164 1270 800 13 0
1264 790 1472394884194 1270 800 13 0
1264 790 1472394884224 1270 800 13 0
1265 791 1472394884254 1270 800 13 0
1266 792 1472394884284 1270 800 13 0
1267 792 1472394884314 1270 800 13 0
1267 792 1472394884344 1270 800 13 0
1267 793 1472394884374 1270 800 13 0
1266 796 1472394884404 1270 800 13 0
1265 799 1472394884434 1270 800 13 0
1264 802 1472394884464 1270 800 13 0
1264 803 1472394884494 1270 800 13 0
1264 804 1472394884524 1270 800 13 0
1264 805 1472394884554 1270 800 13 0
1264 805 1472394884584 1270 800 13 0
1264 805 1472394884614 1270 800 13 0
1264 805 1472394884644 1270 800 13 0
1264 805 1472394884674 1270 800 13 0
1264 805 1472394884704 1270 800 13 0
1264 805 1472394884734 1270 800 13 0
1264 805 1472394884764 1270 800 13 0
1264 803 1472394884794 1270 800 13 0
1266 801 1472394884824 1270 800 13 0
1267 799 1472394884854 1270 800 13 1
1268 799 1472394884884 1270 800 13 1
1268 799 1472394884914 1270 800 13 1
1268 799 1472394884944 1270 800 13 1
1268 799 1472394884974 1270 800 13 1
1268 799 1472394885004 1270 800 13 1
1268 799 1472394885034 1270 800 13 1
1268 799 1472394885064 1270 800 13 1
1268 799 1472394885094 1270 800 13 1
1268 799 1472394885124 1270 800 13 1
1267 799 1472394885154 1270 800 13 1
1267 800 1472394885184 1270 800 13 1
1267 800 1472394885214 1270 800 13 1
1267 800 1472394885244 1270 800 13 1
1267 800 1472394885274 1270 800 13 1
1267 800 1472394885304 1270 800 13 1
1267 800 1472394885334 1270 800 13 1
1267 800 1472394885364 1270 800 13 1
1267 800 1472394885394 1270 800 13 1
1267 800 1472394885424 1270 800 13 1
1267 800 1472394885454 1270 800 13 1
1267 800 1472394885484 1270 800 13 1
1267 800 1472394885514 1270 800 13 1
1267 800 1472394885544 1270 800 13 1
1267 800 1472394885574 1270 800 13 1
1267 800 1472394885604 1270 800 13 1
1267 800 1472394885634 1270 800 13 1
1267 800 1472394885664 1270 800 13 1
1267 800 1472394885694 1270 800 13 1
1267 800 1472394885724 1270 800 13 1
1267 800 1472394885754 1270 800 13 1
1267 800 1472394885784 1270 800 13 1
1267 800 1472394885814 1270 800 13 1
1267 800 1472394885844 720 800 13 0
1267 800 1472394885874 720 800 13 0
1267 800 1472394885904 720 800 13 0
1267 800 1472394885934 720 800 13 0
1267 800 1472394885964 720 800 13 0
1267 800 1472394885994 720 800 13 0
1267 800 1472394886024 720 800 13 0
1267 800 1472394886054 720 800 13 0
1267 800 1472394886084 720 800 13 0
1267 800 1472394886114 720 800 13 0
1267 800 1472394886144 720 800 13 0
1267 800 1472394886174 720 800 13 0
1267 800 1472394886204 720 800 13 0
1262 799 1472394886234 720 800 13 0
1246 796 1472394886264 720 800 13 0
1224 793 1472394886294 720 800 13 0
1206 792 1472394886324 720 800 13 0
1174 793 1472394886354 720 800 13 0
1138 797 1472394886384 720 800 13 0
1111 804 1472394886414 720 800 13 0
1103 807 1472394886444 720 800 13 0
1091 812 1472394886474 720 800 13 0
1068 818 1472394886504 720 800 13 0
1039 826 1472394886534 720 800 13 0
1016 831 1472394886564 720 800 13 0
1002 833 1472394886594 720 800 13 0
981 834 1472394886624 720 800 13 0
956 838 1472394886654 720 800 13 0
927 843 1472394886684 720 800 13 0
911 845 1472394886714 720 800 13 0
891 847 1472394886744 720 800 13 0
873 849 1472394886774 720 800 13 0
860 850 1472394886804 720 800 13 0
852 849 1472394886834 720 800 13 0
845 849 1472394886864 720 800 13 0
831 850 1472394886894 720 800 13 0
819 849 1472394886924 720 800 13 0
807 845 1472394886954 720 800 13 0
790 845 1472394886984 720 800 13 0
778 845 1472394887014 720 800 13 0
765 841 1472394887044 720 800 13 0
755 836 1472394887074 720 800 13 0
747 832 1472394887104 720 800 13 0
741 828 1472394887134 720 800 13 0
737 825 1472394887164 720 800 13 0
736 823 1472394887194 720 800 13 0
733 820 1472394887224 720 800 13 0
731 817 1472394887254 720 800 13 0
729 815 1472394887284 720 800 13 0
725 815 1472394887314 720 800 13 0
720 817 1472394887344 720 800 13 0
715 817 1472394887374 720 800 13 0
711 816 1472394887404 720 800 13 0
710 814 1472394887434 720 800 13 0
710 814 1472394887464 720 800 13 0
710 813 1472394887494 720 800 13 0
711 812 1472394887524 720 800 13 0
711 810 1472394887554 720 800 13 0
711 807 1472394887584 720 800 13 0
711 807 1472394887614 720 800 13 0
711 806 1472394887644 720 800 13 0
712 805 1472394887674 720 800 13 0
714 803 1472394887704 720 800 13 0
717 800 1472394887734 720 800 13 1
720 798 1472394887764 720 800 13 1
721 798 1472394887794 720 800 13 1
721 798 1472394887824 720 800 13 1
721 798 1472394887854 720 800 13 1
721 798 1472394887884 720 800 13 1
721 799 1472394887914 720 800 13 1
721 800 1472394887944 720 800 13 1
721 800 1472394887974 720 800 13 1
721 800 1472394888004 720 800 13 1
721 800 1472394888034 720 800 13 1
721 801 1472394888064 720 800 13 1
720 801 1472394888094 720 800 13 1
720 801 1472394888124 720 800 13 1
720 801 1472394888154 720 800 13 1
720 801 1472394888184 720 800 13 1
720 801 1472394888214 720 800 13 1
720 801 1472394888244 720 800 13 1
720 801 1472394888274 720 800 13 1
720 801 1472394888304 720 800 13 1
720 801 1472394888334 720 800 13 1
720 801 1472394888364 720 800 13 1
720 801 1472394888394 720 800 13 1
720 801 1472394888424 720 800 13 1
720 801 1472394888454 720 800 13 1
720 801 1472394888484 720 800 13 1
720 801 1472394888514 720 800 13 1
720 801 1472394888544 720 800 13 1
720 801 1472394888574 720 800 13 1
720 801 1472394888604 720 800 13 1
720 801 1472394888634 720 800 13 1
720 801 1472394888664 720 800 13 1
720 801 1472394888694 720 800 13 1
720 801 1472394888724 720 800 13 1
720 801 1472394888754 320 800 33 0
720 801 1472394888784 320 800 33 0
720 801 1472394888814 320 800 33 0
720 801 1472394888844 320 800 33 0
720 801 1472394888874 320 800 33 0
720 801 1472394888904 320 800 33 0
720 801 1472394888934 320 800 33 0
720 801 1472394888964 320 800 33 0
720 801 1472394888994 320 800 33 0
720 801 1472394889024 320 800 33 0
718 800 1472394889054 320 800 33 0
712 798 1472394889084 320 800 33 0
698 798 1472394889114 320 800 33 0
677 801 1472394889144 320 800 33 0
655 805 1472394889174 320 800 33 0
635 811 1472394889204 320 800 33 0
623 815 1472394889234 320 800 33 0
606 823 1472394889264 320 800 33 0
593 830 1472394889294 320 800 33 0
582 837 1472394889324 320 800 33 0
571 846 1472394889354 320 800 33 0
560 853 1472394889384 320 800 33 0
556 856 1472394889414 320 800 33 0
553 856 1472394889444 320 800 33 0
550 855 1472394889474 320 800 33 0
544 853 1472394889504 320 800 33 0
540 850 1472394889534 320 800 33 0
535 844 1472394889564 320 800 33 0
525 841 1472394889594 320 800 33 0
507 842 1472394889624 320 800 33 0
489 841 1472394889654 320 800 33 0
473 837 1472394889684 320 800 33 0
463 834 1472394889714 320 800 33 0
445 832 1472394889744 320 800 33 0
427 831 1472394889774 320 800 33 0
410 827 1472394889804 320 800 33 0
399 824 1472394889834 320 800 33 0
383 821 1472394889864 320 800 33 0
371 817 1472394889894 320 800 33 0
360 814 1472394889924 320 800 33 0
349 811 1472394889954 320 800 33 0
340 809 1472394889984 320 800 33 1
335 807 1472394890014 320 800 33 1
330 804 1472394890044 320 800 33 1
326 803 1472394890074 320 800 33 1
322 802 1472394890104 320 800 33 1
320 802 1472394890134 320 800 33 1
319 802 1472394890164 320 800 33 1
319 802 1472394890194 320 800 33 1
319 802 1472394890224 320 800 33 1
319 802 1472394890254 320 800 33 1
319 802 1472394890284 320 800 33 1
319 802 1472394890314 320 800 33 1
319 802 1472394890344 320 800 33 1
319 802 1472394890374 320 800 33 1
319 802 1472394890404 320 800 33 1
319 802 1472394890434 320 800 33 1
319 802 1472394890464 320 800 33 1
319 802 1472394890494 320 800 33 1
319 802 1472394890524 320 800 33 1
319 802 1472394890554 320 800 33 1
319 802 1472394890584 320 800 33 1
319 802 1472394890614 320 800 33 1
319 802 1472394890644 320 800 33 1
319 802 1472394890674 320 800 33 1
319 802 1472394890704 320 800 33 1
319 802 1472394890734 320 800 33 1
319 802 1472394890764 320 800 33 1
319 802 1472394890794 320 800 33 1
319 802 1472394890824 320 800 33 1
319 802 1472394890854 320 800 33 1
319 802 1472394890884 320 800 33 1
319 802 1472394890914 320 800 33 1
319 802 1472394890944 320 800 33 1
319 802 1472394890974 320 800 33 1
319 802 1472394891004 720 800 36 0
319 802 1472394891034 720 800 36 0
319 802 1472394891064 720 800 36 0
319 802 1472394891094 720 800 36 0
319 802 1472394891124 720 800 36 0
319 802 1472394891154 720 800 36 0
319 802 1472394891184 720 800 36 0
319 802 1472394891214 720 800 36 0
321 800 1472394891244 720 800 36 0
328 794 1472394891274 720 800 36 0
341 784 1472394891304 720 800 36 0
353 776 1472394891334 720 800 36 0
374 762 1472394891364 720 800 36 0
399 749 1472394891394 720 800 36 0
427 737 1472394891424 720 800 36 0
448 730 1472394891454 720 800 36 0
479 722 1472394891484 720 800 36 0
503 721 1472394891514 720 800 36 0
522 722 1472394891544 720 800 36 0
541 725 1472394891574 720 800 36 0
562 728 1472394891604 720 800 36 0
575 731 1472394891634 720 800 36 0
595 736 1472394891664 720 800 36 0
611 739 1472394891694 720 800 36 0
632 741 1472394891724 720 800 36 0
652 743 1472394891754 720 800 36 0
672 747 1472394891784 720 800 36 0
685 750 1472394891814 720 800 36 0
704 752 1472394891844 720 800 36 0
721 755 1472394891874 720 800 36 0
731 758 1472394891904 720 800 36 0
735 761 1472394891934 720 800 36 0
738 764 1472394891964 720 800 36 0
736 767 1472394891994 720 800 36 0
730 771 1472394892024 720 800 36 0
723 774 1472394892054 720 800 36 1
719 777 1472394892084 720 800 36 1
718 779 1472394892114 720 800 36 1
718 780 1472394892144 720 800 36 1
718 781 1472394892174 720 800 36 1
720 784 1472394892204 720 800 36 1
722 786 1472394892234 720 800 36 1
724 787 1472394892264 720 800 36 1
726 788 1472394892294 720 800 36 1
726 788 1472394892324 720 800 36 1
727 789 1472394892354 720 800 36 1
727 789 1472394892384 720 800 36 1
727 789 1472394892414 720 800 36 1
727 789 1472394892444 720 800 36 1
727 788 1472394892474 720 800 36 1
727 788 1472394892504 720 800 36 1
727 788 1472394892534 720 800 36 1
727 788 1472394892564 720 800 36 1
727 788 1472394892594 720 800 36 1
727 788 1472394892624 720 800 36 1
727 788 1472394892654 720 800 36 1
727 788 1472394892684 720 800 36 1
727 788 1472394892714 720 800 36 1
727 788 1472394892744 720 800 36 1
727 788 1472394892774 720 800 36 1
727 788 1472394892804 720 800 36 1
727 788 1472394892834 720 800 36 1
726 788 1472394892864 720 800 36 1
726 788 1472394892894 720 800 36 1
726 787 1472394892924 720 800 36 1
726 787 1472394892954 720 800 36 1
726 787 1472394892984 720 800 36 1
726 787 1472394893014 720 800 36 1
726 787 1472394893044 720 800 36 1
726 787 1472394893074 720 800 36 1
726 787 1472394893104 437 517 31 0
725 787 1472394893134 437 517 31 0
725 787 1472394893164 437 517 31 0
725 787 1472394893194 437 517 31 0
725 786 1472394893224 437 517 31 0
725 786 1472394893254 437 517 31 0
725 786 1472394893284 437 517 31 0
725 786 1472394893314 437 517 31 0
725 786 1472394893344 437 517 31 0
724 785 1472394893374 437 517 31 0
720 781 1472394893404 437 517 31 0
715 776 1472394893434 437 517 31 0
707 769 1472394893464 437 517 31 0
697 759 1472394893494 437 517 31 0
685 749 1472394893524 437 517 31 0
676 741 1472394893554 437 517 31 0
661 730 1472394893584 437 517 31 0
645 716 1472394893614 437 517 31 0
630 703 1472394893644 437 517 31 0
614 690 1472394893674 437 517 31 0
598 678 1472394893704 437 517 31 0
586 670 1472394893734 437 517 31 0
567 658 1472394893764 437 517 31 0
550 647 1472394893794 437 517 31 0
533 635 1472394893824 437 517 31 0
522 628 1472394893854 437 517 31 0
505 618 1472394893884 437 517 31 0
488 608 1472394893914 437 517 31 0
472 598 1472394893944 437 517 31 0
459 588 1472394893974 437 517 31 0
450 580 1472394894004 437 517 31 0
445 574 1472394894034 437 517 31 0
440 565 1472394894064 437 517 31 0
437 557 1472394894094 437 517 31 0
435 548 1472394894124 437 517 31 0
435 543 1472394894154 437 517 31 0
436 535 1472394894184 437 517 31 1
438 527 1472394894214 437 517 31 1
438 521 1472394894244 437 517 31 1
438 517 1472394894274 437 517 31 1
438 516 1472394894304 437 517 31 1
439 516 1472394894334 437 517 31 1
440 517 1472394894364 437 517 31 1
440 517 1472394894394 437 517 31 1
441 518 1472394894424 437 517 31 1
441 518 1472394894454 437 517 31 1
442 518 1472394894484 437 517 31 1
442 518 1472394894514 437 517 31 1
442 518 1472394894544 437 517 31 1
442 518 1472394894574 437 517 31 1
442 519 1472394894604 437 517 31 1
442 519 1472394894634 437 517 31 1
442 519 1472394894664 437 517 31 1
442 519 1472394894694 437 517 31 1
442 519 1472394894724 437 517 31 1
442 519 1472394894754 437 517 31 1
442 519 1472394894784 437 517 31 1
442 519 1472394894814 437 517 31 1
442 519 1472394894844 437 517 31 1
442 519 1472394894874 437 517 31 1
442 519 1472394894904 437 517 31 1
442 519 1472394894934 437 517 31 1
442 519 1472394894964 437 517 31 1
442 519 1472394894994 437 517 31 1
442 519 1472394895024 437 517 31 1
442 519 1472394895054 437 517 31 1
442 519 1472394895084 437 517 31 1
442 519 1472394895114 437 517 31 1
442 519 1472394895144 437 517 31 1
442 519 1472394895174 437 517 31 1
442 519 1472394895204 720 800 37 0
442 519 1472394895234 720 800 37 0
442 519 1472394895264 720 800 37 0
442 519 1472394895294 720 800 37 0
442 519 1472394895324 720 800 37 0
442 519 1472394895354 720 800 37 0
442 519 1472394895384 720 800 37 0
442 519 1472394895414 720 800 37 0
442 519 1472394895444 720 800 37 0
443 519 1472394895474 720 800 37 0
446 520 1472394895504 720 800 37 0
454 520 1472394895534 720 800 37 0
468 520 1472394895564 720 800 37 0
480 520 1472394895594 720 800 37 0
500 524 1472394895624 720 800 37 0
524 533 1472394895654 720 800 37 0
550 545 1472394895684 720 800 37 0
575 562 1472394895714 720 800 37 0
596 581 1472394895744 720 800 37 0
607 595 1472394895774 720 800 37 0
623 617 1472394895804 720 800 37 0
637 641 1472394895834 720 800 37 0
650 664 1472394895864 720 800 37 0
664 684 1472394895894 720 800 37 0
679 701 1472394895924 720 800 37 0
690 711 1472394895954 720 800 37 0
706 724 1472394895984 720 800 37 0
722 736 1472394896014 720 800 37 0
735 748 1472394896044 720 800 37 0
742 755 1472394896074 720 800 37 0
748 763 1472394896104 720 800 37 0
749 770 1472394896134 720 800 37 0
748 776 1472394896164 720 800 37 0
746 780 1472394896194 720 800 37 0
742 784 1472394896224 720 800 37 1
739 787 1472394896254 720 800 37 1
733 790 1472394896284 720 800 37 1
728 792 1472394896314 720 800 37 1
724 792 1472394896344 720 800 37 1
723 792 1472394896374 720 800 37 1
723 793 1472394896404 720 800 37 1
724 793 1472394896434 720 800 37 1
724 793 1472394896464 720 800 37 1
724 793 1472394896494 720 800 37 1
724 793 1472394896524 720 800 37 1
724 793 1472394896554 720 800 37 1
724 793 1472394896584 720 800 37 1
724 793 1472394896614 720 800 37 1
724 792 1472394896644 720 800 37 1
723 792 1472394896674 720 800 37 1
723 792 1472394896704 720 800 37 1
723 792 1472394896734 720 800 37 1
723 792 1472394896764 720 800 37 1
723 792 1472394896794 720 800 37 1
723 792 1472394896824 720 800 37 1
723 792 1472394896854 720 800 37 1
723 792 1472394896884 720 800 37 1
723 792 1472394896914 720 800 37 1
723 792 1472394896944 720 800 37 1
723 792 1472394896974 720 800 37 1
723 791 1472394897004 720 800 37 1
722 791 1472394897034 720 800 37 1
722 791 1472394897064 720 800 37 1
721 791 1472394897094 720 800 37 1
720 791 1472394897124 720 800 37 1
720 791 1472394897154 720 800 37 1
719 790 1472394897184 720 800 37 1
718 790 1472394897214 720 800 37 1
717 790 1472394897244 720 800 37 1
717 789 1472394897274 720 400 32 0
716 789 1472394897304 720 400 32 0
715 788 1472394897334 720 400 32 0
715 788 1472394897364 720 400 32 0
714 787 1472394897394 720 400 32 0
714 787 1472394897424 720 400 32 0
713 787 1472394897454 720 400 32 0
713 786 1472394897484 720 400 32 0
712 785 1472394897514 720 400 32 0
712 780 1472394897544 720 400 32 0
711 770 1472394897574 720 400 32 0
708 755 1472394897604 720 400 32 0
705 742 1472394897634 720 400 32 0
703 714 1472394897664 720 400 32 0
707 681 1472394897694 720 400 32 0
710 646 1472394897724 720 400 32 0
711 611 1472394897754 720 400 32 0
710 577 1472394897784 720 400 32 0
709 555 1472394897814 720 400 32 0
707 525 1472394897844 720 400 32 0
708 497 1472394897874 720 400 32 0
709 473 1472394897904 720 400 32 0
710 452 1472394897934 720 400 32 0
709 434 1472394897964 720 400 32 0
710 423 1472394897994 720 400 32 0
712 411 1472394898024 720 400 32 1
715 402 1472394898054 720 400 32 1
718 396 1472394898084 720 400 32 1
719 393 1472394898114 720 400 32 1
720 389 1472394898144 720 400 32 1
720 389 1472394898174 720 400 32 1
721 389 1472394898204 720 400 32 1
722 389 1472394898234 720 400 32 1
722 390 1472394898264 720 400 32 1
722 391 1472394898294 720 400 32 1
722 391 1472394898324 720 400 32 1
722 392 1472394898354 720 400 32 1
722 394 1472394898384 720 400 32 1
722 394 1472394898414 720 400 32 1
722 395 1472394898444 720 400 32 1
722 395 1472394898474 720 400 32 1
722 395 1472394898504 720 400 32 1
722 396 1472394898534 720 400 32 1
722 396 1472394898564 720 400 32 1
722 396 1472394898594 720 400 32 1
722 397 1472394898624 720 400 32 1
722 397 1472394898654 720 400 32 1
722 397 1472394898684 720 400 32 1
722 397 1472394898714 720 400 32 1
722 398 1472394898744 720 400 32 1
721 398 1472394898774 720 400 32 1
721 399 1472394898804 720 400 32 1
721 399 1472394898834 720 400 32 1
721 399 1472394898864 720 400 32 1
721 399 1472394898894 720 400 32 1
721 399 1472394898924 720 400 32 1
721 399 1472394898954 720 400 32 1
721 399 1472394898984 720 400 32 1
721 399 1472394899014 720 400 32 1
721 399 1472394899044 720 800 36 0
721 399 1472394899074 720 800 36 0
721 399 1472394899104 720 800 36 0
721 399 1472394899134 720 800 36 0
721 399 1472394899164 720 800 36 0
721 399 1472394899194 720 800 36 0
721 399 1472394899224 720 800 36 0
721 399 1472394899254 720 800 36 0
721 400 1472394899284 720 800 36 0
722 401 1472394899314 720 800 36 0
726 405 1472394899344 720 800 36 0
729 415 1472394899374 720 800 36 0
730 428 1472394899404 720 800 36 0
732 445 1472394899434 720 800 36 0
732 468 1472394899464 720 800 36 0
730 484 1472394899494 720 800 36 0
727 509 1472394899524 720 800 36 0
725 534 1472394899554 720 800 36 0
726 561 1472394899584 720 800 36 0
728 591 1472394899614 720 800 36 0
731 621 1472394899644 720 800 36 0
732 641 1472394899674 720 800 36 0
735 670 1472394899704 720 800 36 0
741 697 1472394899734 720 800 36 0
746 722 1472394899764 720 800 36 0
750 744 1472394899794 720 800 36 0
751 756 1472394899824 720 800 36 0
753 771 1472394899854 720 800 36 0
753 783 1472394899884 720 800 36 0
752 790 1472394899914 720 800 36 0
752 791 1472394899944 720 800 36 0
752 792 1472394899974 720 800 36 0
751 792 1472394900004 720 800 36 0
749 790 1472394900034 720 800 36 0
746 787 1472394900064 720 800 36 0
743 786 1472394900094 720 800 36 0
739 785 1472394900124 720 800 36 1
738 785 1472394900154 720 800 36 1
737 786 1472394900184 720 800 36 1
736 788 1472394900214 720 800 36 1
734 789 1472394900244 720 800 36 1
734 790 1472394900274 720 800 36 1
733 790 1472394900304 720 800 36 1
733 792 1472394900334 720 800 36 1
733 794 1472394900364 720 800 36 1
732 794 1472394900394 720 800 36 1
732 794 1472394900424 720 800 36 1
732 794 1472394900454 720 800 36 1
732 794 1472394900484 720 800 36 1
732 794 1472394900514 720 800 36 1
732 794 1472394900544 720 800 36 1
732 794 1472394900574 720 800 36 1
732 794 1472394900604 720 800 36 1
732 794 1472394900634 720 800 36 1
732 794 1472394900664 720 800 36 1
731 794 1472394900694 720 800 36 1
731 794 1472394900724 720 800 36 1
730 794 1472394900754 720 800 36 1
729 794 1472394900784 720 800 36 1
728 794 1472394900814 720 800 36 1
728 794 1472394900844 720 800 36 1
728 794 1472394900874 720 800 36 1
727 794 1472394900904 720 800 36 1
727 794 1472394900934 720 800 36 1
727 794 1472394900964 720 800 36 1
727 794 1472394900994 720 800 36 1
727 794 1472394901024 720 800 36 1
727 794 1472394901054 720 800 36 1
726 794 1472394901084 720 800 36 1
726 794 1472394901114 720 800 36 1
726 794 1472394901144 1003 517 34 0
726 794 1472394901174 1003 517 34 0
726 794 1472394901204 1003 517 34 0
726 794 1472394901234 1003 517 34 0
726 794 1472394901264 1003 517 34 0
726 794 1472394901294 1003 517 34 0
726 794 1472394901324 1003 517 34 0
726 794 1472394901354 1003 517 34 0
727 792 1472394901384 1003 517 34 0
728 788 1472394901414 1003 517 34 0
733 777 1472394901444 1003 517 34 0
742 762 1472394901474 1003 517 34 0
754 740 1472394901504 1003 517 34 0
770 713 1472394901534 1003 517 34 0
787 679 1472394901564 1003 517 34 0
799 657 1472394901594 1003 517 34 0
819 622 1472394901624 1003 517 34 0
839 591 1472394901654 1003 517 34 0
856 563 1472394901684 1003 517 34 0
865 547 1472394901714 1003 517 34 0
879 526 1472394901744 1003 517 34 0
894 508 1472394901774 1003 517 34 0
906 495 1472394901804 1003 517 34 0
915 486 1472394901834 1003 517 34 0
926 479 1472394901864 1003 517 34 0
935 476 1472394901894 1003 517 34 0
948 473 1472394901924 1003 517 34 0
958 474 1472394901954 1003 517 34 0
962 476 1472394901984 1003 517 34 0
965 478 1472394902014 1003 517 34 0
969 482 1472394902044 1003 517 34 0
972 486 1472394902074 1003 517 34 0
977 491 1472394902104 1003 517 34 0
981 497 1472394902134 1003 517 34 0
983 502 1472394902164 1003 517 34 0
985 505 1472394902194 1003 517 34 1
989 510 1472394902224 1003 517 34 1
992 515 1472394902254 1003 517 34 1
994 519 1472394902284 1003 517 34 1
995 521 1472394902314 1003 517 34 1
995 522 1472394902344 1003 517 34 1
995 522 1472394902374 1003 517 34 1
995 522 1472394902404 1003 517 34 1
995 522 1472394902434 1003 517 34 1
995 522 1472394902464 1003 517 34 1
995 522 1472394902494 1003 517 34 1
995 522 1472394902524 1003 517 34 1
995 522 1472394902554 1003 517 34 1
995 522 1472394902584 1003 517 34 1
995 522 1472394902614 1003 517 34 1
995 522 1472394902644 1003 517 34 1
995 522 1472394902674 1003 517 34 1
995 520 1472394902704 1003 517 34 1
995 519 1472394902734 1003 517 34 1
995 518 1472394902764 1003 517 34 1
994 518 1472394902794 1003 517 34 1
994 517 1472394902824 1003 517 34 1
993 516 1472394902854 1003 517 34 1
993 516 1472394902884 1003 517 34 1
992 516 1472394902914 1003 517 34 1
992 515 1472394902944 1003 517 34 1
991 514 1472394902974 1003 517 34 1
990 513 1472394903004 1003 517 34 1
990 513 1472394903034 1003 517 34 1
990 512 1472394903064 1003 517 34 1
990 511 1472394903094 1003 517 34 1
989 510 1472394903124 1003 517 34 1
989 509 1472394903154 1003 517 34 1
989 509 1472394903184 1003 517 34 1
989 509 1472394903214 720 800 34 0
989 509 1472394903244 720 800 34 0
988 508 1472394903274 720 800 34 0
988 507 1472394903304 720 800 34 0
988 507 1472394903334 720 800 34 0
988 507 1472394903364 720 800 34 0
988 507 1472394903394 720 800 34 0
988 507 1472394903424 720 800 34 0
988 507 1472394903454 720 800 34 0
986 508 1472394903484 720 800 34 0
981 509 1472394903514 720 800 34 0
969 514 1472394903544 720 800 34 0
956 519 1472394903574 720 800 34 0
944 526 1472394903604 720 800 34 0
929 537 1472394903634 720 800 34 0
912 551 1472394903664 720 800 34 0
899 562 1472394903694 720 800 34 0
878 577 1472394903724 720 800 34 0
857 593 1472394903754 720 800 34 0
835 610 1472394903784 720 800 34 0
822 624 1472394903814 720 800 34 0
804 646 1472394903844 720 800 34 0
788 668 1472394903874 720 800 34 0
773 686 1472394903904 720 800 34 0
764 701 1472394903934 720 800 34 0
756 716 1472394903964 720 800 34 0
751 725 1472394903994 720 800 34 0
742 740 1472394904024 720 800 34 0
734 754 1472394904054 720 800 34 0
731 764 1472394904084 720 800 34 0
732 772 1472394904114 720 800 34 0
733 777 1472394904144 720 800 34 0
735 785 1472394904174 720 800 34 1
736 792 1472394904204 720 800 34 1
736 798 1472394904234 720 800 34 1
736 805 1472394904264 720 800 34 1
737 809 1472394904294 720 800 34 1
738 814 1472394904324 720 800 34 1
738 815 1472394904354 720 800 34 1
738 814 1472394904384 720 800 34 1
738 812 1472394904414 720 800 34 1
737 809 1472394904444 720 800 34 1
736 807 1472394904474 720 800 34 1
735 803 1472394904504 720 800 34 1
733 800 1472394904534 720 800 34 1
729 798 1472394904564 720 800 34 1
727 798 1472394904594 720 800 34 1
723 798 1472394904624 720 800 34 1
720 798 1472394904654 720 800 34 1
717 799 1472394904684 720 800 34 1
717 800 1472394904714 720 800 34 1
717 801 1472394904744 720 800 34 1
717 802 1472394904774 720 800 34 1
717 802 1472394904804 720 800 34 1
717 802 1472394904834 720 800 34 1
717 803 1472394904864 720 800 34 1
717 803 1472394904894 720 800 34 1
717 803 1472394904924 720 800 34 1
717 803 1472394904954 720 800 34 1
717 803 1472394904984 720 800 34 1
717 803 1472394905014 720 800 34 1
717 803 1472394905044 720 800 34 1
717 803 1472394905074 720 800 34 1
717 804 1472394905104 720 800 34 1
717 804 1472394905134 720 800 34 1
717 804 1472394905164 1120 800 36 0
717 804 1472394905194 1120 800 36 0
717 804 1472394905224 1120 800 36 0
717 804 1472394905254 1120 800 36 0
717 804 1472394905284 1120 800 36 0
717 804 1472394905314 1120 800 36 0
717 804 1472394905344 1120 800 36 0
717 803 1472394905374 1120 800 36 0
723 796 1472394905404 1120 800 36 0
732 787 1472394905434 1120 800 36 0
752 769 1472394905464 1120 800 36 0
773 749 1472394905494 1120 800 36 0
796 728 1472394905524 1120 800 36 0
817 713 1472394905554 1120 800 36 0
869 690 1472394905584 1120 800 36 0
892 684 1472394905614 1120 800 36 0
913 684 1472394905644 1120 800 36 0
927 691 1472394905674 1120 800 36 0
943 699 1472394905704 1120 800 36 0
956 705 1472394905734 1120 800 36 0
979 714 1472394905764 1120 800 36 0
1001 723 1472394905794 1120 800 36 0
1019 733 1472394905824 1120 800 36 0
1033 743 1472394905854 1120 800 36 0
1047 753 1472394905884 1120 800 36 0
1057 760 1472394905914 1120 800 36 0
1072 771 1472394905944 1120 800 36 0
1087 780 1472394905974 1120 800 36 0
1099 787 1472394906004 1120 800 36 1
1107 791 1472394906034 1120 800 36 1
1118 796 1472394906064 1120 800 36 1
1128 800 1472394906094 1120 800 36 1
1137 803 1472394906124 1120 800 36 1
1141 805 1472394906154 1120 800 36 1
1141 805 1472394906184 1120 800 36 1
1141 805 1472394906214 1120 800 36 1
1141 805 1472394906244 1120 800 36 1
1141 805 1472394906274 1120 800 36 1
1140 805 1472394906304 1120 800 36 1
1137 805 1472394906334 1120 800 36 1
1135 804 1472394906364 1120 800 36 1
1135 803 1472394906394 1120 800 36 1
1135 803 1472394906424 1120 800 36 1
1134 803 1472394906454 1120 800 36 1
1134 803 1472394906484 1120 800 36 1
1134 803 1472394906514 1120 800 36 1
1134 803 1472394906544 1120 800 36 1
1134 803 1472394906574 1120 800 36 1
1134 803 1472394906604 1120 800 36 1
1134 803 1472394906634 1120 800 36 1
1134 803 1472394906664 1120 800 36 1
1134 803 1472394906694 1120 800 36 1
1134 802 1472394906724 1120 800 36 1
1134 802 1472394906754 1120 800 36 1
1133 802 1472394906784 1120 800 36 1
1133 802 1472394906814 1120 800 36 1
1133 802 1472394906844 1120 800 36 1
1133 802 1472394906874 1120 800 36 1
1133 802 1472394906904 1120 800 36 1
1133 802 1472394906934 1120 800 36 1
1133 802 1472394906964 1120 800 36 1
1133 802 1472394906994 1120 800 36 1
1133 802 1472394907024 720 800 32 0
1133 801 1472394907054 720 800 32 0
1133 801 1472394907084 720 800 32 0
1133 801 1472394907114 720 800 32 0
1133 801 1472394907144 720 800 32 0
1133 801 1472394907174 720 800 32 0
1133 801 1472394907204 720 800 32 0
1132 800 1472394907234 720 800 32 0
1127 796 1472394907264 720 800 32 0
1116 787 1472394907294 720 800 32 0
1099 775 1472394907324 720 800 32 0
1083 767 1472394907354 720 800 32 0
1056 757 1472394907384 720 800 32 0
1022 748 1472394907414 720 800 32 0
985 743 1472394907444 720 800 32 0
948 739 1472394907474 720 800 32 0
911 739 1472394907504 720 800 32 0
886 740 1472394907534 720 800 32 0
852 745 1472394907564 720 800 32 0
825 752 1472394907594 720 800 32 0
805 759 1472394907624 720 800 32 0
791 767 1472394907654 720 800 32 0
779 776 1472394907684 720 800 32 0
769 781 1472394907714 720 800 32 0
754 789 1472394907744 720 800 32 0
743 796 1472394907774 720 800 32 0
738 801 1472394907804 720 800 32 1
736 805 1472394907834 720 800 32 1
734 809 1472394907864 720 800 32 1
733 811 1472394907894 720 800 32 1
733 812 1472394907924 720 800 32 1
732 812 1472394907954 720 800 32 1
732 813 1472394907984 720 800 32 1
732 813 1472394908014 720 800 32 1
732 813 1472394908044 720 800 32 1
732 813 1472394908074 720 800 32 1
732 813 1472394908104 720 800 32 1
732 813 1472394908134 720 800 32 1
732 813 1472394908164 720 800 32 1
732 813 1472394908194 720 800 32 1
731 813 1472394908224 720 800 32 1
731 812 1472394908254 720 800 32 1
731 812 1472394908284 720 800 32 1
731 812 1472394908314 720 800 32 1
731 812 1472394908344 720 800 32 1
731 812 1472394908374 720 800 32 1
731 812 1472394908404 720 800 32 1
731 812 1472394908434 720 800 32 1
731 812 1472394908464 720 800 32 1
730 812 1472394908494 720 800 32 1
730 812 1472394908524 720 800 32 1
730 812 1472394908554 720 800 32 1
729 812 1472394908584 720 800 32 1
729 812 1472394908614 720 800 32 1
729 811 1472394908644 720 800 32 1
729 811 1472394908674 720 800 32 1
729 811 1472394908704 720 800 32 1
728 811 1472394908734 720 800 32 1
728 811 1472394908764 720 800 32 1
728 811 1472394908794 720 800 32 1
728 811 1472394908824 320 800 17 0
728 811 1472394908854 320 800 17 0
728 811 1472394908884 320 800 17 0
728 811 1472394908914 320 800 17 0
728 811 1472394908944 320 800 17 0
728 811 1472394908974 320 800 17 0
728 811 1472394909004 320 800 17 0
728 811 1472394909034 320 800 17 0
728 811 1472394909064 320 800 17 0
728 811 1472394909094 320 800 17 0
728 810 1472394909124 320 800 17 0
726 809 1472394909154 320 800 17 0
721 806 1472394909184 320 800 17 0
710 803 1472394909214 320 800 17 0
689 802 1472394909244 320 800 17 0
669 803 1472394909274 320 800 17 0
634 808 1472394909304 320 800 17 0
597 812 1472394909334 320 800 17 0
560 816 1472394909364 320 800 17 0
535 820 1472394909394 320 800 17 0
501 825 1472394909424 320 800 17 0
474 828 1472394909454 320 800 17 0
452 829 1472394909484 320 800 17 0
435 829 1472394909514 320 800 17 0
422 827 1472394909544 320 800 17 0
414 825 1472394909574 320 800 17 0
403 821 1472394909604 320 800 17 0
392 816 1472394909634 320 800 17 0
382 811 1472394909664 320 800 17 0
374 808 1472394909694 320 800 17 0
361 803 1472394909724 320 800 17 0
348 798 1472394909754 320 800 17 0
335 794 1472394909784 320 800 17 0
324 791 1472394909814 320 800 17 0
316 788 1472394909844 320 800 17 0
312 787 1472394909874 320 800 17 0
309 787 1472394909904 320 800 17 0
308 787 1472394909934 320 800 17 0
308 787 1472394909964 320 800 17 0
309 788 1472394909994 320 800 17 0
311 790 1472394910024 320 800 17 0
313 792 1472394910054 320 800 17 0
317 794 1472394910084 320 800 17 1
320 797 1472394910114 320 800 17 1
322 798 1472394910144 320 800 17 1
324 800 1472394910174 320 800 17 1
325 801 1472394910204 320 800 17 1
325 801 1472394910234 320 800 17 1
326 801 1472394910264 320 800 17 1
326 802 1472394910294 320 800 17 1
327 802 1472394910324 320 800 17 1
327 802 1472394910354 320 800 17 1
327 802 1472394910384 320 800 17 1
328 802 1472394910414 320 800 17 0
328 802 1472394910444 320 800 17 0
328 802 1472394910474 320 800 17 0
328 802 1472394910504 320 800 17 0
328 802 1472394910534 320 800 17 0
328 802 1472394910564 320 800 17 0
328 802 1472394910594 320 800 17 0
328 802 1472394910624 320 800 17 0
328 802 1472394910654 320 800 17 0
328 802 1472394910684 320 800 17 0
328 802 1472394910714 320 800 17 0
328 802 1472394910744 320 800 17 0
328 802 1472394910774 320 800 17 0
328 801 1472394910804 320 800 17 0
328 801 1472394910834 320 800 17 0
327 800 1472394910864 320 800 17 1
327 800 1472394910894 320 800 17 1
327 799 1472394910924 320 800 17 1
327 799 1472394910954 320 800 17 1
327 799 1472394910984 320 800 17 1
326 799 1472394911014 320 800 17 1
326 798 1472394911044 320 800 17 1
325 797 1472394911074 320 800 17 1
325 797 1472394911104 320 800 17 1
325 797 1472394911134 320 800 17 1
325 796 1472394911164 320 800 17 1
325 796 1472394911194 320 800 17 1
325 796 1472394911224 320 800 17 1
325 796 1472394911254 320 800 17 1
325 796 1472394911284 320 800 17 1
325 796 1472394911314 320 800 17 1
325 796 1472394911344 320 800 17 1
325 796 1472394911374 320 800 17 1
325 796 1472394911404 320 800 17 1
325 796 1472394911434 320 800 17 1
325 796 1472394911464 320 800 17 1
325 796 1472394911494 320 800 17 1
324 796 1472394911524 320 800 17 1
323 796 1472394911554 320 800 17 1
323 796 1472394911584 320 800 17 1
323 796 1472394911614 320 800 17 1
323 797 1472394911644 320 800 17 1
323 797 1472394911674 320 800 17 1
323 798 1472394911704 320 800 17 1
323 799 1472394911734 320 800 17 1
323 800 1472394911764 320 800 17 1
323 800 1472394911794 320 800 17 1
323 800 1472394911824 320 800 17 1
323 800 1472394911854 320 800 17 1
323 800 1472394911884 320 800 17 1
323 800 1472394911914 720 800 18 0
323 800 1472394911944 720 800 18 0
323 800 1472394911974 720 800 18 0
323 800 1472394912004 720 800 18 0
323 800 1472394912034 720 800 18 0
323 800 1472394912064 720 800 18 0
323 800 1472394912094 720 800 18 0
323 800 1472394912124 720 800 18 0
323 800 1472394912154 720 800 18 0
323 800 1472394912184 720 800 18 0
323 800 1472394912214 720 800 18 0
323 800 1472394912244 720 800 18 0
323 799 1472394912274 720 800 18 0
328 794 1472394912304 720 800 18 0
341 784 1472394912334 720 800 18 0
356 774 1472394912364 720 800 18 0
368 767 1472394912394 720 800 18 0
390 754 1472394912424 720 800 18 0
423 735 1472394912454 720 800 18 0
461 717 1472394912484 720 800 18 0
498 702 1472394912514 720 800 18 0
530 693 1472394912544 720 800 18 0
549 689 1472394912574 720 800 18 0
579 687 1472394912604 720 800 18 0
607 686 1472394912634 720 800 18 0
628 689 1472394912664 720 800 18 0
639 692 1472394912694 720 800 18 0
653 698 1472394912724 720 800 18 0
666 705 1472394912754 720 800 18 0
678 713 1472394912784 720 800 18 0
688 722 1472394912814 720 800 18 0
699 730 1472394912844 720 800 18 0
707 736 1472394912874 720 800 18 0
720 745 1472394912904 720 800 18 0
730 755 1472394912934 720 800 18 0
738 763 1472394912964 720 800 18 0
742 768 1472394912994 720 800 18 0
745 775 1472394913024 720 800 18 0
747 779 1472394913054 720 800 18 0
747 783 1472394913084 720 800 18 0
747 785 1472394913114 720 800 18 0
744 786 1472394913144 720 800 18 0
739 786 1472394913174 720 800 18 0
732 787 1472394913204 720 800 18 0
728 787 1472394913234 720 800 18 0
723 788 1472394913264 720 800 18 0
721 788 1472394913294 720 800 18 0
720 788 1472394913324 720 800 18 0
720 789 1472394913354 720 800 18 0
720 789 1472394913384 720 800 18 0
720 789 1472394913414 720 800 18 0
720 789 1472394913444 720 800 18 0
721 790 1472394913474 720 800 18 0
722 791 1472394913504 720 800 18 0
722 791 1472394913534 720 800 18 0
722 792 1472394913564 720 800 18 1
722 793 1472394913594 720 800 18 1
721 795 1472394913624 720 800 18 1
720 797 1472394913654 720 800 18 1
720 799 1472394913684 720 800 18 1
720 800 1472394913714 720 800 18 1
720 801 1472394913744 720 800 18 1
720 801 1472394913774 720 800 18 1
720 801 1472394913804 720 800 18 1
720 802 1472394913834 720 800 18 1
720 802 1472394913864 720 800 18 1
720 802 1472394913894 720 800 18 1
720 801 1472394913924 720 800 18 1
720 801 1472394913954 720 800 18 1
720 801 1472394913984 720 800 18 1
720 801 1472394914014 720 800 18 1
719 800 1472394914044 720 800 18 1
719 800 1472394914074 720 800 18 1
719 800 1472394914104 720 800 18 1
719 800 1472394914134 720 800 18 1
719 800 1472394914164 720 800 18 1
719 800 1472394914194 720 800 18 1
719 800 1472394914224 720 800 18 1
719 800 1472394914254 720 800 18 1
719 800 1472394914284 720 800 18 1
719 800 1472394914314 720 800 18 1
719 800 1472394914344 720 800 18 1
719 800 1472394914374 720 800 18 1
719 800 1472394914404 720 800 18 1
719 800 1472394914434 720 800 18 1
719 800 1472394914464 720 800 18 1
719 800 1472394914494 720 800 18 1
719 800 1472394914524 720 800 18 1
719 800 1472394914554 720 800 18 1
719 800 1472394914584 437 517 17 0
719 800 1472394914614 437 517 17 0
719 800 1472394914644 437 517 17 0
719 800 1472394914674 437 517 17 0
719 800 1472394914704 437 517 17 0
719 800 1472394914734 437 517 17 0
719 800 1472394914764 437 517 17 0
719 800 1472394914794 437 517 17 0
715 797 1472394914824 437 517 17 0
709 795 1472394914854 437 517 17 0
696 790 1472394914884 437 517 17 0
679 783 1472394914914 437 517 17 0
660 772 1472394914944 437 517 17 0
640 760 1472394914974 437 517 17 0
619 747 1472394915004 437 517 17 0
605 738 1472394915034 437 517 17 0
585 722 1472394915064 437 517 17 0
566 703 1472394915094 437 517 17 0
549 683 1472394915124 437 517 17 0
533 665 1472394915154 437 517 17 0
517 647 1472394915184 437 517 17 0
507 636 1472394915214 437 517 17 0
492 620 1472394915244 437 517 17 0
480 603 1472394915274 437 517 17 0
470 588 1472394915304 437 517 17 0
462 574 1472394915334 437 517 17 0
455 562 1472394915364 437 517 17 0
450 554 1472394915394 437 517 17 0
445 542 1472394915424 437 517 17 0
441 530 1472394915454 437 517 17 0
439 521 1472394915484 437 517 17 1
438 517 1472394915514 437 517 17 1
437 512 1472394915544 437 517 17 1
437 511 1472394915574 437 517 17 1
436 510 1472394915604 437 517 17 1
436 510 1472394915634 437 517 17 1
436 511 1472394915664 437 517 17 1
436 512 1472394915694 437 517 17 1
437 513 1472394915724 437 517 17 1
438 515 1472394915754 437 517 17 1
438 516 1472394915784 437 517 17 1
439 517 1472394915814 437 517 17 1
439 519 1472394915844 437 517 17 1
440 520 1472394915874 437 517 17 1
441 522 1472394915904 437 517 17 1
442 523 1472394915934 437 517 17 0
442 523 1472394915964 437 517 17 0
442 524 1472394915994 437 517 17 0
442 524 1472394916024 437 517 17 0
442 524 1472394916054 437 517 17 0
442 524 1472394916084 437 517 17 0
442 524 1472394916114 437 517 17 0
442 524 1472394916144 437 517 17 0
442 524 1472394916174 437 517 17 0
442 524 1472394916204 437 517 17 0
442 524 1472394916234 437 517 17 0
442 524 1472394916264 437 517 17 0
442 523 1472394916294 437 517 17 0
442 523 1472394916324 437 517 17 0
441 523 1472394916354 437 517 17 1
441 522 1472394916384 437 517 17 1
441 522 1472394916414 437 517 17 1
441 521 1472394916444 437 517 17 1
440 521 1472394916474 437 517 17 1
440 520 1472394916504 437 517 17 1
440 520 1472394916534 437 517 17 1
440 520 1472394916564 437 517 17 1
440 519 1472394916594 437 517 17 1
439 519 1472394916624 437 517 17 1
439 519 1472394916654 437 517 17 1
439 519 1472394916684 437 517 17 1
439 519 1472394916714 437 517 17 1
439 519 1472394916744 437 517 17 1
439 519 1472394916774 437 517 17 1
439 519 1472394916804 437 517 17 1
439 519 1472394916834 437 517 17 1
439 519 1472394916864 437 517 17 1
439 519 1472394916894 437 517 17 1
439 519 1472394916924 437 517 17 1
439 519 1472394916954 437 517 17 1
439 519 1472394916984 437 517 17 1
439 519 1472394917014 437 517 17 1
439 519 1472394917044 437 517 17 1
439 519 1472394917074 437 517 17 1
439 519 1472394917104 437 517 17 1
439 519 1472394917134 437 517 17 1
440 519 1472394917164 437 517 17 1
440 519 1472394917194 437 517 17 1
440 519 1472394917224 437 517 17 1
440 519 1472394917254 437 517 17 1
440 519 1472394917284 437 517 17 1
440 519 1472394917314 437 517 17 1
440 519 1472394917344 437 517 17 1
440 519 1472394917374 720 800 18 0
440 519 1472394917404 720 800 18 0
440 519 1472394917434 720 800 18 0
440 519 1472394917464 720 800 18 0
440 519 1472394917494 720 800 18 0
440 519 1472394917524 720 800 18 0
440 519 1472394917554 720 800 18 0
440 519 1472394917584 720 800 18 0
440 518 1472394917614 720 800 18 0
444 516 1472394917644 720 800 18 0
450 513 1472394917674 720 800 18 0
464 507 1472394917704 720 800 18 0
480 502 1472394917734 720 800 18 0
497 499 1472394917764 720 800 18 0
510 498 1472394917794 720 800 18 0
533 502 1472394917824 720 800 18 0
556 510 1472394917854 720 800 18 0
576 523 1472394917884 720 800 18 0
594 538 1472394917914 720 800 18 0
608 555 1472394917944 720 800 18 0
616 566 1472394917974 720 800 18 0
625 585 1472394918004 720 800 18 0
634 605 1472394918034 720 800 18 0
642 625 1472394918064 720 800 18 0
652 643 1472394918094 720 800 18 0
660 661 1472394918124 720 800 18 0
666 672 1472394918154 720 800 18 0
675 687 1472394918184 720 800 18 0
684 701 1472394918214 720 800 18 0
694 715 1472394918244 720 800 18 0
702 727 1472394918274 720 800 18 0
708 737 1472394918304 720 800 18 0
711 743 1472394918334 720 800 18 0
716 751 1472394918364 720 800 18 0
719 758 1472394918394 720 800 18 0
720 765 1472394918424 720 800 18 0
721 769 1472394918454 720 800 18 0
722 773 1472394918484 720 800 18 0
723 778 1472394918514 720 800 18 0
723 782 1472394918544 720 800 18 0
723 786 1472394918574 720 800 18 0
724 790 1472394918604 720 800 18 0
724 793 1472394918634 720 800 18 1
724 796 1472394918664 720 800 18 1
724 797 1472394918694 720 800 18 1
724 797 1472394918724 720 800 18 1
724 797 1472394918754 720 800 18 1
724 797 1472394918784 720 800 18 1
724 797 1472394918814 720 800 18 1
724 797 1472394918844 720 800 18 1
722 796 1472394918874 720 800 18 1
720 795 1472394918904 720 800 18 1
719 795 1472394918934 720 800 18 1
718 796 1472394918964 720 800 18 1
718 796 1472394918994 720 800 18 1
718 796 1472394919024 720 800 18 1
718 796 1472394919054 720 800 18 1
718 797 1472394919084 720 800 18 1
718 797 1472394919114 720 800 18 1
718 797 1472394919144 720 800 18 1
718 797 1472394919174 720 800 18 1
718 798 1472394919204 720 800 18 1
719 799 1472394919234 720 800 18 1
720 801 1472394919264 720 800 18 1
720 802 1472394919294 720 800 18 1
720 803 1472394919324 720 800 18 1
720 803 1472394919354 720 800 18 1
720 803 1472394919384 720 800 18 1
720 803 1472394919414 720 800 18 1
720 803 1472394919444 720 800 18 1
720 803 1472394919474 720 800 18 1
720 803 1472394919504 720 800 18 1
720 803 1472394919534 720 800 18 1
720 803 1472394919564 720 800 18 1
720 803 1472394919594 720 800 18 1
720 802 1472394919624 720 800 18 1
720 802 1472394919654 720 400 17 0
720 802 1472394919684 720 400 17 0
720 802 1472394919714 720 400 17 0
720 802 1472394919744 720 400 17 0
720 802 1472394919774 720 400 17 0
720 802 1472394919804 720 400 17 0
720 802 1472394919834 720 400 17 0
720 802 1472394919864 720 400 17 0
720 802 1472394919894 720 400 17 0
720 801 1472394919924 720 400 17 0
718 797 1472394919954 720 400 17 0
715 789 1472394919984 720 400 17 0
711 776 1472394920014 720 400 17 0
706 758 1472394920044 720 400 17 0
702 742 1472394920074 720 400 17 0
698 717 1472394920104 720 400 17 0
694 690 1472394920134 720 400 17 0
690 661 1472394920164 720 400 17 0
688 641 1472394920194 720 400 17 0
688 612 1472394920224 720 400 17 0
688 582 1472394920254 720 400 17 0
690 556 1472394920284 720 400 17 0
692 530 1472394920314 720 400 17 0
696 505 1472394920344 720 400 17 0
698 490 1472394920374 720 400 17 0
702 469 1472394920404 720 400 17 0
706 453 1472394920434 720 400 17 0
710 438 1472394920464 720 400 17 0
715 425 1472394920494 720 400 17 0
718 415 1472394920524 720 400 17 0
720 408 1472394920554 720 400 17 0
722 401 1472394920584 720 400 17 1
723 396 1472394920614 720 400 17 1
724 394 1472394920644 720 400 17 1
724 394 1472394920674 720 400 17 1
725 393 1472394920704 720 400 17 0
725 393 1472394920734 720 400 17 0
725 393 1472394920764 720 400 17 0
725 394 1472394920794 720 400 17 1
725 396 1472394920824 720 400 17 1
725 397 1472394920854 720 400 17 1
725 398 1472394920884 720 400 17 1
725 399 1472394920914 720 400 17 1
724 401 1472394920944 720 400 17 1
723 404 1472394920974 720 400 17 1
723 406 1472394921004 720 400 17 1
722 407 1472394921034 720 400 17 1
721 409 1472394921064 720 400 17 0
720 410 1472394921094 720 400 17 0
720 410 1472394921124 720 400 17 0
719 410 1472394921154 720 400 17 0
718 409 1472394921184 720 400 17 0
717 408 1472394921214 720 400 17 0
716 407 1472394921244 720 400 17 0
715 406 1472394921274 720 400 17 1
715 406 1472394921304 720 400 17 1
715 406 1472394921334 720 400 17 1
715 406 1472394921364 720 400 17 1
715 406 1472394921394 720 400 17 1
715 406 1472394921424 720 400 17 1
715 406 1472394921454 720 400 17 1
715 407 1472394921484 720 400 17 0
715 407 1472394921514 720 400 17 0
715 407 1472394921544 720 400 17 0
715 408 1472394921574 720 400 17 0
715 408 1472394921604 720 400 17 0
716 408 1472394921634 720 400 17 0
716 408 1472394921664 720 400 17 0
716 408 1472394921694 720 400 17 0
716 408 1472394921724 720 400 17 0
716 407 1472394921754 720 400 17 0
716 407 1472394921784 720 400 17 0
716 406 1472394921814 720 400 17 1
716 406 1472394921844 720 400 17 1
716 406 1472394921874 720 400 17 1
716 406 1472394921904 720 400 17 1
716 405 1472394921934 720 400 17 1
716 404 1472394921964 720 400 17 1
716 404 1472394921994 720 400 17 1
716 404 1472394922024 720 400 17 1
716 404 1472394922054 720 400 17 1
716 404 1472394922084 720 400 17 1
716 404 1472394922114 720 400 17 1
716 404 1472394922144 720 400 17 1
716 404 1472394922174 720 400 17 1
716 404 1472394922204 720 400 17 1
716 404 1472394922234 720 400 17 1
716 404 1472394922264 720 400 17 1
716 404 1472394922294 720 400 17 1
716 404 1472394922324 720 400 17 1
716 404 1472394922354 720 400 17 1
716 404 1472394922384 720 400 17 1
716 404 1472394922414 720 400 17 1
716 404 1472394922444 720 400 17 1
716 404 1472394922474 720 400 17 1
716 404 1472394922504 720 400 17 1
716 404 1472394922534 720 400 17 1
716 404 1472394922564 720 400 17 1
716 404 1472394922594 720 400 17 1
716 404 1472394922624 720 400 17 1
716 404 1472394922654 720 400 17 1
716 404 1472394922684 720 400 17 1
716 404 1472394922714 720 400 17 1
716 404 1472394922744 720 400 17 1
716 404 1472394922774 720 400 17 1
716 404 1472394922804 720 400 17 1
716 404 1472394922834 720 400 17 1
716 404 1472394922864 720 800 18 0
716 404 1472394922894 720 800 18 0
716 404 1472394922924 720 800 18 0
716 404 1472394922954 720 800 18 0
716 403 1472394922984 720 800 18 0
716 402 1472394923014 720 800 18 0
716 402 1472394923044 720 800 18 0
716 402 1472394923074 720 800 18 0
716 402 1472394923104 720 800 18 0
716 402 1472394923134 720 800 18 0
716 402 1472394923164 720 800 18 0
716 405 1472394923194 720 800 18 0
716 411 1472394923224 720 800 18 0
716 417 1472394923254 720 800 18 0
716 428 1472394923284 720 800 18 0
715 443 1472394923314 720 800 18 0
714 464 1472394923344 720 800 18 0
713 486 1472394923374 720 800 18 0
712 509 1472394923404 720 800 18 0
712 525 1472394923434 720 800 18 0
713 550 1472394923464 720 800 18 0
715 575 1472394923494 720 800 18 0
717 599 1472394923524 720 800 18 0
719 622 1472394923554 720 800 18 0
719 644 1472394923584 720 800 18 0
720 659 1472394923614 720 800 18 0
721 680 1472394923644 720 800 18 0
723 701 1472394923674 720 800 18 0
726 722 1472394923704 720 800 18 0
726 741 1472394923734 720 800 18 0
725 755 1472394923764 720 800 18 0
725 763 1472394923794 720 800 18 0
724 774 1472394923824 720 800 18 0
723 783 1472394923854 720 800 18 0
722 789 1472394923884 720 800 18 0
721 792 1472394923914 720 800 18 1
721 794 1472394923944 720 800 18 1
720 796 1472394923974 720 800 18 1
720 797 1472394924004 720 800 18 1
720 798 1472394924034 720 800 18 1
721 801 1472394924064 720 800 18 1
721 802 1472394924094 720 800 18 1
722 803 1472394924124 720 800 18 1
722 803 1472394924154 720 800 18 1
722 803 1472394924184 720 800 18 1
722 803 1472394924214 720 800 18 1
722 803 1472394924244 720 800 18 1
722 803 1472394924274 720 800 18 1
722 803 1472394924304 720 800 18 1
722 802 1472394924334 720 800 18 1
722 802 1472394924364 720 800 18 1
722 802 1472394924394 720 800 18 1
722 802 1472394924424 720 800 18 1
721 802 1472394924454 720 800 18 1
721 802 1472394924484 720 800 18 1
721 802 1472394924514 720 800 18 1
721 802 1472394924544 720 800 18 1
721 802 1472394924574 720 800 18 1
721 802 1472394924604 720 800 18 1
721 802 1472394924634 720 800 18 1
721 802 1472394924664 720 800 18 1
721 802 1472394924694 720 800 18 1
721 802 1472394924724 720 800 18 1
721 802 1472394924754 720 800 18 1
721 802 1472394924784 720 800 18 1
721 802 1472394924814 720 800 18 1
721 802 1472394924844 720 800 18 1
721 802 1472394924874 720 800 18 1
721 802 1472394924904 720 800 18 1
721 801 1472394924934 720 800 18 1
720 801 1472394924964 1003 517 18 0
720 801 1472394924994 1003 517 18 0
720 801 1472394925024 1003 517 18 0
720 801 1472394925054 1003 517 18 0
720 801 1472394925084 1003 517 18 0
720 801 1472394925114 1003 517 18 0
720 801 1472394925144 1003 517 18 0
720 801 1472394925174 1003 517 18 0
720 801 1472394925204 1003 517 18 0
719 800 1472394925234 1003 517 18 0
718 796 1472394925264 1003 517 18 0
718 791 1472394925294 1003 517 18 0
720 780 1472394925324 1003 517 18 0
728 763 1472394925354 1003 517 18 0
740 740 1472394925384 1003 517 18 0
754 714 1472394925414 1003 517 18 0
773 684 1472394925444 1003 517 18 0
789 663 1472394925474 1003 517 18 0
815 631 1472394925504 1003 517 18 0
841 600 1472394925534 1003 517 18 0
864 572 1472394925564 1003 517 18 0
878 556 1472394925594 1003 517 18 0
899 534 1472394925624 1003 517 18 0
915 518 1472394925654 1003 517 18 0
926 506 1472394925684 1003 517 18 0
933 498 1472394925714 1003 517 18 0
939 493 1472394925744 1003 517 18 0
941 491 1472394925774 1003 517 18 0
944 489 1472394925804 1003 517 18 0
950 489 1472394925834 1003 517 18 0
959 488 1472394925864 1003 517 18 0
963 488 1472394925894 1003 517 18 0
967 490 1472394925924 1003 517 18 0
970 492 1472394925954 1003 517 18 0
974 494 1472394925984 1003 517 18 0
976 496 1472394926014 1003 517 18 0
978 498 1472394926044 1003 517 18 0
979 499 1472394926074 1003 517 18 0
981 500 1472394926104 1003 517 18 0
984 501 1472394926134 1003 517 18 0
986 502 1472394926164 1003 517 18 0
987 502 1472394926194 1003 517 18 0
989 503 1472394926224 1003 517 18 0
990 503 1472394926254 1003 517 18 0
991 503 1472394926284 1003 517 18 0
993 504 1472394926314 1003 517 18 0
995 504 1472394926344 1003 517 18 0
996 505 1472394926374 1003 517 18 0
997 505 1472394926404 1003 517 18 0
997 505 1472394926434 1003 517 18 0
998 506 1472394926464 1003 517 18 0
998 507 1472394926494 1003 517 18 0
998 508 1472394926524 1003 517 18 0
998 508 1472394926554 1003 517 18 0
997 511 1472394926584 1003 517 18 0
996 514 1472394926614 1003 517 18 1
995 516 1472394926644 1003 517 18 1
995 518 1472394926674 1003 517 18 1
995 519 1472394926704 1003 517 18 1
995 519 1472394926734 1003 517 18 1
995 520 1472394926764 1003 517 18 0
995 520 1472394926794 1003 517 18 0
995 520 1472394926824 1003 517 18 0
995 520 1472394926854 1003 517 18 0
995 519 1472394926884 1003 517 18 1
996 519 1472394926914 1003 517 18 1
998 517 1472394926944 1003 517 18 1
998 516 1472394926974 1003 517 18 1
999 515 1472394927004 1003 517 18 1
1000 514 1472394927034 1003 517 18 1
1001 512 1472394927064 1003 517 18 1
1001 511 1472394927094 1003 517 18 1
1001 509 1472394927124 1003 517 18 1
1001 509 1472394927154 1003 517 18 1
1002 509 1472394927184 1003 517 18 1
1002 509 1472394927214 1003 517 18 1
1002 509 1472394927244 1003 517 18 1
1002 510 1472394927274 1003 517 18 1
1001 511 1472394927304 1003 517 18 1
1001 511 1472394927334 1003 517 18 1
1001 511 1472394927364 1003 517 18 1
1001 512 1472394927394 1003 517 18 1
1001 512 1472394927424 1003 517 18 1
1001 512 1472394927454 1003 517 18 1
1001 513 1472394927484 1003 517 18 1
1001 514 1472394927514 1003 517 18 1
1001 515 1472394927544 1003 517 18 1
1001 515 1472394927574 1003 517 18 1
1001 515 1472394927604 1003 517 18 1
1001 515 1472394927634 1003 517 18 1
1001 515 1472394927664 1003 517 18 1
1001 515 1472394927694 1003 517 18 1
1001 515 1472394927724 1003 517 18 1
1001 515 1472394927754 1003 517 18 1
1001 515 1472394927784 1003 517 18 1
1001 515 1472394927814 1003 517 18 1
1001 515 1472394927844 1003 517 18 1
1001 515 1472394927874 1003 517 18 1
1001 515 1472394927904 720 800 18 0
1001 515 1472394927934 720 800 18 0
1001 515 1472394927964 720 800 18 0
1001 515 1472394927994 720 800 18 0
1001 515 1472394928024 720 800 18 0
1001 515 1472394928054 720 800 18 0
1001 515 1472394928084 720 800 18 0
1001 515 1472394928114 720 800 18 0
1001 515 1472394928144 720 800 18 0
1000 515 1472394928174 720 800 18 0
994 515 1472394928204 720 800 18 0
979 517 1472394928234 720 800 18 0
959 522 1472394928264 720 800 18 0
947 526 1472394928294 720 800 18 0
928 536 1472394928324 720 800 18 0
905 552 1472394928354 720 800 18 0
883 569 1472394928384 720 800 18 0
869 581 1472394928414 720 800 18 0
850 599 1472394928444 720 800 18 0
835 619 1472394928474 720 800 18 0
826 639 1472394928504 720 800 18 0
817 658 1472394928534 720 800 18 0
808 676 1472394928564 720 800 18 0
801 687 1472394928594 720 800 18 0
792 703 1472394928624 720 800 18 0
784 717 1472394928654 720 800 18 0
774 730 1472394928684 720 800 18 0
768 738 1472394928714 720 800 18 0
758 751 1472394928744 720 800 18 0
746 763 1472394928774 720 800 18 0
735 773 1472394928804 720 800 18 0
729 779 1472394928834 720 800 18 0
727 785 1472394928864 720 800 18 0
726 788 1472394928894 720 800 18 0
726 791 1472394928924 720 800 18 0
726 793 1472394928954 720 800 18 0
726 794 1472394928984 720 800 18 0
726 796 1472394929014 720 800 18 1
727 797 1472394929044 720 800 18 1
727 798 1472394929074 720 800 18 1
727 799 1472394929104 720 800 18 1
727 800 1472394929134 720 800 18 1
727 800 1472394929164 720 800 18 1
727 801 1472394929194 720 800 18 1
727 801 1472394929224 720 800 18 1
727 801 1472394929254 720 800 18 1
727 801 1472394929284 720 800 18 1
725 800 1472394929314 720 800 18 1
722 799 1472394929344 720 800 18 1
720 799 1472394929374 720 800 18 1
717 799 1472394929404 720 800 18 1
716 798 1472394929434 720 800 18 1
716 798 1472394929464 720 800 18 1
716 798 1472394929494 720 800 18 1
716 798 1472394929524 720 800 18 1
716 798 1472394929554 720 800 18 1
716 798 1472394929584 720 800 18 1
716 798 1472394929614 720 800 18 1
716 798 1472394929644 720 800 18 1
716 798 1472394929674 720 800 18 1
717 799 1472394929704 720 800 18 1
717 799 1472394929734 720 800 18 1
718 799 1472394929764 720 800 18 1
718 800 1472394929794 720 800 18 1
718 800 1472394929824 720 800 18 1
718 800 1472394929854 720 800 18 1
718 800 1472394929884 720 800 18 1
718 800 1472394929914 720 800 18 1
718 800 1472394929944 720 800 18 1
718 800 1472394929974 720 800 18 1
718 800 1472394930004 1120 800 18 0
718 800 1472394930034 1120 800 18 0
718 800 1472394930064 1120 800 18 0
718 799 1472394930094 1120 800 18 0
718 799 1472394930124 1120 800 18 0
718 799 1472394930154 1120 800 18 0
718 799 1472394930184 1120 800 18 0
718 799 1472394930214 1120 800 18 0
718 799 1472394930244 1120 800 18 0
718 799 1472394930274 1120 800 18 0
719 798 1472394930304 1120 800 18 0
731 791 1472394930334 1120 800 18 0
751 779 1472394930364 1120 800 18 0
765 770 1472394930394 1120 800 18 0
788 756 1472394930424 1120 800 18 0
816 741 1472394930454 1120 800 18 0
850 728 1472394930484 1120 800 18 0
875 720 1472394930514 1120 800 18 0
917 713 1472394930544 1120 800 18 0
934 713 1472394930574 1120 800 18 0
956 717 1472394930604 1120 800 18 0
981 722 1472394930634 1120 800 18 0
1005 728 1472394930664 1120 800 18 0
1018 732 1472394930694 1120 800 18 0
1034 740 1472394930724 1120 800 18 0
1048 748 1472394930754 1120 800 18 0
1061 756 1472394930784 1120 800 18 0
1068 761 1472394930814 1120 800 18 0
1077 770 1472394930844 1120 800 18 0
1084 778 1472394930874 1120 800 18 0
1091 787 1472394930904 1120 800 18 0
1096 794 1472394930934 1120 800 18 0
1100 801 1472394930964 1120 800 18 0
1102 806 1472394930994 1120 800 18 0
1105 811 1472394931024 1120 800 18 0
1108 813 1472394931054 1120 800 18 0
1110 814 1472394931084 1120 800 18 0
1111 814 1472394931114 1120 800 18 0
1114 811 1472394931144 1120 800 18 0
1117 807 1472394931174 1120 800 18 1
1119 801 1472394931204 1120 800 18 1
1122 797 1472394931234 1120 800 18 1
1123 793 1472394931264 1120 800 18 1
1123 792 1472394931294 1120 800 18 1
1123 792 1472394931324 1120 800 18 1
1123 792 1472394931354 1120 800 18 1
1123 791 1472394931384 1120 800 18 0
1123 791 1472394931414 1120 800 18 0
1123 792 1472394931444 1120 800 18 1
1122 793 1472394931474 1120 800 18 1
1122 794 1472394931504 1120 800 18 1
1122 795 1472394931534 1120 800 18 1
1122 797 1472394931564 1120 800 18 1
1123 798 1472394931594 1120 800 18 1
1123 798 1472394931624 1120 800 18 1
1123 799 1472394931654 1120 800 18 1
1123 799 1472394931684 1120 800 18 1
1123 799 1472394931714 1120 800 18 1
1123 799 1472394931744 1120 800 18 1
1123 799 1472394931774 1120 800 18 1
1123 799 1472394931804 1120 800 18 1
1123 799 1472394931834 1120 800 18 1
1123 799 1472394931864 1120 800 18 1
1123 799 1472394931894 1120 800 18 1
1123 799 1472394931924 1120 800 18 1
1123 799 1472394931954 1120 800 18 1
1123 799 1472394931984 1120 800 18 1
1123 799 1472394932014 1120 800 18 1
1123 799 1472394932044 1120 800 18 1
1123 799 1472394932074 1120 800 18 1
1123 799 1472394932104 1120 800 18 1
1123 799 1472394932134 1120 800 18 1
1123 799 1472394932164 1120 800 18 1
1123 799 1472394932194 1120 800 18 1
1123 799 1472394932224 1120 800 18 1
1122 799 1472394932254 1120 800 18 1
1122 800 1472394932284 1120 800 18 1
1122 800 1472394932314 1120 800 18 1
1122 800 1472394932344 1120 800 18 1
1122 800 1472394932374 1120 800 18 1
1122 800 1472394932404 1120 800 18 1
1122 800 1472394932434 1120 800 18 1
1122 800 1472394932464 1120 800 18 1
1122 800 1472394932494 720 800 17 0
1122 800 1472394932524 720 800 17 0
1122 800 1472394932554 720 800 17 0
1121 800 1472394932584 720 800 17 0
1121 800 1472394932614 720 800 17 0
1121 800 1472394932644 720 800 17 0
1121 800 1472394932674 720 800 17 0
1121 800 1472394932704 720 800 17 0
1121 800 1472394932734 720 800 17 0
1119 800 1472394932764 720 800 17 0
1110 799 1472394932794 720 800 17 0
1093 797 1472394932824 720 800 17 0
1067 794 1472394932854 720 800 17 0
1038 789 1472394932884 720 800 17 0
1017 785 1472394932914 720 800 17 0
979 782 1472394932944 720 800 17 0
934 781 1472394932974 720 800 17 0
886 784 1472394933004 720 800 17 0
857 786 1472394933034 720 800 17 0
818 789 1472394933064 720 800 17 0
789 792 1472394933094 720 800 17 0
771 794 1472394933124 720 800 17 0
759 795 1472394933154 720 800 17 0
750 796 1472394933184 720 800 17 0
746 797 1472394933214 720 800 17 0
740 798 1472394933244 720 800 17 0
736 799 1472394933274 720 800 17 0
732 801 1472394933304 720 800 17 0
729 803 1472394933334 720 800 17 0
724 805 1472394933364 720 800 17 1
722 805 1472394933394 720 800 17 1
720 806 1472394933424 720 800 17 1
718 806 1472394933454 720 800 17 1
718 805 1472394933484 720 800 17 1
718 803 1472394933514 720 800 17 1
720 801 1472394933544 720 800 17 1
721 800 1472394933574 720 800 17 1
722 800 1472394933604 720 800 17 1
723 799 1472394933634 720 800 17 1
723 798 1472394933664 720 800 17 1
723 798 1472394933694 720 800 17 1
723 798 1472394933724 720 800 17 1
723 798 1472394933754 720 800 17 1
723 798 1472394933784 720 800 17 1
723 798 1472394933814 720 800 17 1
723 798 1472394933844 720 800 17 1
723 798 1472394933874 720 800 17 1
723 798 1472394933904 720 800 17 1
723 798 1472394933934 720 800 17 1
723 798 1472394933964 720 800 17 1
723 798 1472394933994 720 800 17 1
723 798 1472394934024 720 800 17 1
723 798 1472394934054 720 800 17 1
723 798 1472394934084 720 800 17 1
723 798 1472394934114 720 800 17 1
723 798 1472394934144 720 800 17 1
723 798 1472394934174 720 800 17 1
723 798 1472394934204 720 800 17 1
723 798 1472394934234 720 800 17 1
723 798 1472394934264 720 800 17 1
723 798 1472394934294 720 800 17 1
723 798 1472394934324 720 800 17 1
723 798 1472394934354 320 800 12 0
723 798 1472394934384 320 800 12 0
723 798 1472394934414 320 800 12 0
723 798 1472394934444 320 800 12 0
723 798 1472394934474 320 800 12 0
723 798 1472394934504 320 800 12 0
723 798 1472394934534 320 800 12 0
723 798 1472394934564 320 800 12 0
723 798 1472394934594 320 800 12 0
723 798 1472394934624 320 800 12 0
721 797 1472394934654 320 800 12 0
716 795 1472394934684 320 800 12 0
707 795 1472394934714 320 800 12 0
691 796 1472394934744 320 800 12 0
677 799 1472394934774 320 800 12 0
650 804 1472394934804 320 800 12 0
621 809 1472394934834 320 800 12 0
590 813 1472394934864 320 800 12 0
569 815 1472394934894 320 800 12 0
540 817 1472394934924 320 800 12 0
516 818 1472394934954 320 800 12 0
499 816 1472394934984 320 800 12 0
486 813 1472394935014 320 800 12 0
475 809 1472394935044 320 800 12 0
468 807 1472394935074 320 800 12 0
458 802 1472394935104 320 800 12 0
450 798 1472394935134 320 800 12 0
440 796 1472394935164 320 800 12 0
431 794 1472394935194 320 800 12 0
417 792 1472394935224 320 800 12 0
404 790 1472394935254 320 800 12 0
391 788 1472394935284 320 800 12 0
379 786 1472394935314 320 800 12 0
366 784 1472394935344 320 800 12 0
359 782 1472394935374 320 800 12 0
348 781 1472394935404 320 800 12 0
341 780 1472394935434 320 800 12 0
335 780 1472394935464 320 800 12 0
332 781 1472394935494 320 800 12 0
330 781 1472394935524 320 800 12 0
328 783 1472394935554 320 800 12 0
326 785 1472394935584 320 800 12 0
325 787 1472394935614 320 800 12 0
324 790 1472394935644 320 800 12 0
324 792 1472394935674 320 800 12 0
324 793 1472394935704 320 800 12 0
325 794 1472394935734 320 800 12 0
325 794 1472394935764 320 800 12 0
325 795 1472394935794 320 800 12 0
326 796 1472394935824 320 800 12 0
327 797 1472394935854 320 800 12 0
328 798 1472394935884 320 800 12 0
328 798 1472394935914 320 800 12 0
328 798 1472394935944 320 800 12 0
329 798 1472394935974 320 800 12 0
329 798 1472394936004 320 800 12 0
329 798 1472394936034 320 800 12 0
329 798 1472394936064 320 800 12 0
329 798 1472394936094 320 800 12 0
329 798 1472394936124 320 800 12 0
329 798 1472394936154 320 800 12 0
328 798 1472394936184 320 800 12 0
328 798 1472394936214 320 800 12 0
327 798 1472394936244 320 800 12 0
326 798 1472394936274 320 800 12 0
325 798 1472394936304 320 800 12 0
325 798 1472394936334 320 800 12 0
325 798 1472394936364 320 800 12 0
325 798 1472394936394 320 800 12 0
325 798 1472394936424 320 800 12 0
325 798 1472394936454 320 800 12 0
325 798 1472394936484 320 800 12 0
325 798 1472394936514 320 800 12 0
325 798 1472394936544 320 800 12 0
325 799 1472394936574 320 800 12 0
325 799 1472394936604 320 800 12 0
325 799 1472394936634 320 800 12 0
325 799 1472394936664 320 800 12 0
324 800 1472394936694 320 800 12 0
323 801 1472394936724 320 800 12 0
323 801 1472394936754 320 800 12 0
323 801 1472394936784 320 800 12 0
323 802 1472394936814 320 800 12 0
323 803 1472394936844 320 800 12 0
323 803 1472394936874 320 800 12 0
323 803 1472394936904 320 800 12 0
323 803 1472394936934 320 800 12 0
323 803 1472394936964 320 800 12 0
323 803 1472394936994 320 800 12 0
323 803 1472394937024 320 800 12 0
322 803 1472394937054 320 800 12 0
322 802 1472394937084 320 800 12 0
322 802 1472394937114 320 800 12 0
322 802 1472394937144 320 800 12 0
321 800 1472394937174 320 800 12 1
320 799 1472394937204 320 800 12 1
319 798 1472394937234 320 800 12 1
319 797 1472394937264 320 800 12 0
319 797 1472394937294 320 800 12 0
319 797 1472394937324 320 800 12 0
319 797 1472394937354 320 800 12 0
319 798 1472394937384 320 800 12 1
319 799 1472394937414 320 800 12 1
319 800 1472394937444 320 800 12 1
319 800 1472394937474 320 800 12 1
319 801 1472394937504 320 800 12 1
319 802 1472394937534 320 800 12 1
319 802 1472394937564 320 800 12 1
319 802 1472394937594 320 800 12 1
319 802 1472394937624 320 800 12 1
319 802 1472394937654 320 800 12 1
319 802 1472394937684 320 800 12 1
319 802 1472394937714 320 800 12 1
319 802 1472394937744 320 800 12 1
319 802 1472394937774 320 800 12 1
319 802 1472394937804 320 800 12 1
319 802 1472394937834 320 800 12 1
319 802 1472394937864 320 800 12 1
319 802 1472394937894 320 800 12 1
319 802 1472394937924 320 800 12 1
319 802 1472394937954 320 800 12 1
319 801 1472394937984 320 800 12 1
319 800 1472394938014 320 800 12 1
319 799 1472394938044 320 800 12 1
319 799 1472394938074 320 800 12 1
319 799 1472394938104 320 800 12 1
319 799 1472394938134 320 800 12 1
319 799 1472394938164 320 800 12 1
319 799 1472394938194 320 800 12 1
319 799 1472394938224 320 800 12 1
319 799 1472394938254 320 800 12 1
319 799 1472394938284 320 800 12 1
319 799 1472394938314 320 800 12 1
319 799 1472394938344 320 800 12 1
319 799 1472394938374 320 800 12 1
320 799 1472394938404 320 800 12 1
320 800 1472394938434 720 800 12 0
320 800 1472394938464 720 800 12 0
321 800 1472394938494 720 800 12 0
321 800 1472394938524 720 800 12 0
321 800 1472394938554 720 800 12 0
321 801 1472394938584 720 800 12 0
322 801 1472394938614 720 800 12 0
322 801 1472394938644 720 800 12 0
322 801 1472394938674 720 800 12 0
322 801 1472394938704 720 800 12 0
322 801 1472394938734 720 800 12 0
322 801 1472394938764 720 800 12 0
322 801 1472394938794 720 800 12 0
322 801 1472394938824 720 800 12 0
325 799 1472394938854 720 800 12 0
338 790 1472394938884 720 800 12 0
354 778 1472394938914 720 800 12 0
371 766 1472394938944 720 800 12 0
395 751 1472394938974 720 800 12 0
430 733 1472394939004 720 800 12 0
455 723 1472394939034 720 800 12 0
488 711 1472394939064 720 800 12 0
519 703 1472394939094 720 800 12 0
550 696 1472394939124 720 800 12 0
579 692 1472394939154 720 800 12 0
603 691 1472394939184 720 800 12 0
617 692 1472394939214 720 800 12 0
635 694 1472394939244 720 800 12 0
649 697 1472394939274 720 800 12 0
661 701 1472394939304 720 800 12 0
672 707 1472394939334 720 800 12 0
682 714 1472394939364 720 800 12 0
688 719 1472394939394 720 800 12 0
696 726 1472394939424 720 800 12 0
704 734 1472394939454 720 800 12 0
712 741 1472394939484 720 800 12 0
716 746 1472394939514 720 800 12 0
722 754 1472394939544 720 800 12 0
726 760 1472394939574 720 800 12 0
729 766 1472394939604 720 800 12 0
730 772 1472394939634 720 800 12 0
731 776 1472394939664 720 800 12 0
732 778 1472394939694 720 800 12 0
732 780 1472394939724 720 800 12 0
732 782 1472394939754 720 800 12 0
731 784 1472394939784 720 800 12 0
730 785 1472394939814 720 800 12 0
729 787 1472394939844 720 800 12 0
728 788 1472394939874 720 800 12 0
727 790 1472394939904 720 800 12 0
725 791 1472394939934 720 800 12 0
724 791 1472394939964 720 800 12 0
723 792 1472394939994 720 800 12 0
721 793 1472394940024 720 800 12 0
720 793 1472394940054 720 800 12 0
719 793 1472394940084 720 800 12 0
719 794 1472394940114 720 800 12 0
719 794 1472394940144 720 800 12 0
719 794 1472394940174 720 800 12 0
719 794 1472394940204 720 800 12 0
719 794 1472394940234 720 800 12 0
719 794 1472394940264 720 800 12 0
719 794 1472394940294 720 800 12 0
719 795 1472394940324 720 800 12 0
719 796 1472394940354 720 800 12 0
720 797 1472394940384 720 800 12 0
720 797 1472394940414 720 800 12 0
720 797 1472394940444 720 800 12 0
720 798 1472394940474 720 800 12 1
720 799 1472394940504 720 800 12 1
720 800 1472394940534 720 800 12 1
720 801 1472394940564 720 800 12 1
720 802 1472394940594 720 800 12 1
720 802 1472394940624 720 800 12 1
720 802 1472394940654 720 800 12 1
720 802 1472394940684 720 800 12 1
720 802 1472394940714 720 800 12 1
720 802 1472394940744 720 800 12 1
720 802 1472394940774 720 800 12 1
720 801 1472394940804 720 800 12 1
719 801 1472394940834 720 800 12 1
719 801 1472394940864 720 800 12 1
719 801 1472394940894 720 800 12 1
719 801 1472394940924 720 800 12 1
719 800 1472394940954 720 800 12 1
719 799 1472394940984 720 800 12 1
718 798 1472394941014 720 800 12 0
717 795 1472394941044 720 800 12 0
717 793 1472394941074 720 800 12 0
716 792 1472394941104 720 800 12 0
716 792 1472394941134 720 800 12 0
716 792 1472394941164 720 800 12 0
716 792 1472394941194 720 800 12 0
716 792 1472394941224 720 800 12 0
717 793 1472394941254 720 800 12 0
717 795 1472394941284 720 800 12 0
717 796 1472394941314 720 800 12 0
718 796 1472394941344 720 800 12 0
718 797 1472394941374 720 800 12 0
718 797 1472394941404 720 800 12 0
718 798 1472394941434 720 800 12 0
718 798 1472394941464 720 800 12 0
718 798 1472394941494 720 800 12 0
718 798 1472394941524 720 800 12 0
718 798 1472394941554 720 800 12 0
718 798 1472394941584 720 800 12 0
719 798 1472394941614 720 800 12 1
719 798 1472394941644 720 800 12 1
719 798 1472394941674 720 800 12 1
719 798 1472394941704 720 800 12 1
719 798 1472394941734 720 800 12 1
719 798 1472394941764 720 800 12 1
719 798 1472394941794 720 800 12 1
719 798 1472394941824 720 800 12 1
719 798 1472394941854 720 800 12 1
719 798 1472394941884 720 800 12 1
719 798 1472394941914 720 800 12 1
719 798 1472394941944 720 800 12 1
719 799 1472394941974 720 800 12 1
719 799 1472394942004 720 800 12 1
719 799 1472394942034 720 800 12 1
719 799 1472394942064 720 800 12 1
719 799 1472394942094 720 800 12 1
719 799 1472394942124 720 800 12 1
719 799 1472394942154 720 800 12 1
719 800 1472394942184 720 800 12 1
719 800 1472394942214 720 800 12 1
719 800 1472394942244 720 800 12 1
719 801 1472394942274 720 800 12 1
719 801 1472394942304 720 800 12 1
719 801 1472394942334 720 800 12 1
719 801 1472394942364 720 800 12 1
719 801 1472394942394 720 800 12 1
719 801 1472394942424 720 800 12 1
719 801 1472394942454 720 800 12 1
719 801 1472394942484 720 800 12 1
719 801 1472394942514 720 800 12 1
719 801 1472394942544 720 800 12 1
719 801 1472394942574 720 800 12 1
719 801 1472394942604 720 800 12 1
719 801 1472394942635 437 517 12 0
719 801 1472394942664 437 517 12 0
719 801 1472394942694 437 517 12 0
719 801 1472394942724 437 517 12 0
719 801 1472394942754 437 517 12 0
719 801 1472394942784 437 517 12 0
719 801 1472394942814 437 517 12 0
719 801 1472394942844 437 517 12 0
719 801 1472394942874 437 517 12 0
718 801 1472394942904 437 517 12 0
718 800 1472394942934 437 517 12 0
714 798 1472394942964 437 517 12 0
707 794 1472394942994 437 517 12 0
696 790 1472394943024 437 517 12 0
687 786 1472394943054 437 517 12 0
669 778 1472394943084 437 517 12 0
647 769 1472394943114 437 517 12 0
622 758 1472394943144 437 517 12 0
596 747 1472394943174 437 517 12 0
571 735 1472394943204 437 517 12 0
556 725 1472394943234 437 517 12 0
538 708 1472394943264 437 517 12 0
524 688 1472394943294 437 517 12 0
510 669 1472394943324 437 517 12 0
498 652 1472394943354 437 517 12 0
488 634 1472394943384 437 517 12 0
482 622 1472394943414 437 517 12 0
474 605 1472394943444 437 517 12 0
467 590 1472394943474 437 517 12 0
459 576 1472394943504 437 517 12 0
451 564 1472394943534 437 517 12 0
446 554 1472394943564 437 517 12 0
444 548 1472394943594 437 517 12 0
441 542 1472394943624 437 517 12 0
440 537 1472394943654 437 517 12 0
439 533 1472394943684 437 517 12 0
438 531 1472394943714 437 517 12 0
437 530 1472394943744 437 517 12 0
437 529 1472394943774 437 517 12 0
437 529 1472394943804 437 517 12 0
437 529 1472394943834 437 517 12 0
437 528 1472394943864 437 517 12 0
437 527 1472394943894 437 517 12 0
437 527 1472394943924 437 517 12 0
437 527 1472394943954 437 517 12 0
437 527 1472394943984 437 517 12 0
437 527 1472394944014 437 517 12 0
437 527 1472394944044 437 517 12 0
437 527 1472394944074 437 517 12 0
437 527 1472394944104 437 517 12 0
437 526 1472394944134 437 517 12 0
437 525 1472394944164 437 517 12 0
437 523 1472394944194 437 517 12 0
437 521 1472394944224 437 517 12 0
437 520 1472394944254 437 517 12 0
437 518 1472394944284 437 517 12 1
437 517 1472394944314 437 517 12 1
437 517 1472394944344 437 517 12 1
437 517 1472394944374 437 517 12 1
437 516 1472394944404 437 517 12 1
437 516 1472394944434 437 517 12 1
437 516 1472394944464 437 517 12 1
437 516 1472394944494 437 517 12 1
437 516 1472394944524 437 517 12 1
437 516 1472394944554 437 517 12 1
438 516 1472394944584 437 517 12 1
438 517 1472394944614 437 517 12 1
438 517 1472394944644 437 517 12 1
438 517 1472394944674 437 517 12 1
438 517 1472394944704 437 517 12 1
438 518 1472394944734 437 517 12 1
439 518 1472394944764 437 517 12 1
439 519 1472394944794 437 517 12 0
439 519 1472394944824 437 517 12 0
439 519 1472394944854 437 517 12 0
439 519 1472394944884 437 517 12 0
439 519 1472394944914 437 517 12 0
439 519 1472394944944 437 517 12 0
439 519 1472394944974 437 517 12 0
439 519 1472394945004 437 517 12 0
439 519 1472394945034 437 517 12 0
439 519 1472394945064 437 517 12 0
439 519 1472394945094 437 517 12 0
439 519 1472394945124 437 517 12 0
439 519 1472394945154 437 517 12 0
439 519 1472394945184 437 517 12 0
439 519 1472394945214 437 517 12 0
439 519 1472394945244 437 517 12 0
439 519 1472394945274 437 517 12 0
439 519 1472394945304 437 517 12 0
439 519 1472394945334 437 517 12 0
439 518 1472394945364 437 517 12 1
438 518 1472394945394 437 517 12 1
437 517 1472394945424 437 517 12 1
437 517 1472394945454 437 517 12 1
437 517 1472394945484 437 517 12 1
437 517 1472394945514 437 517 12 1
437 517 1472394945544 437 517 12 1
437 517 1472394945574 437 517 12 1
437 517 1472394945604 437 517 12 1
437 517 1472394945634 437 517 12 1
437 517 1472394945664 437 517 12 1
437 517 1472394945694 437 517 12 1
437 517 1472394945724 437 517 12 1
437 517 1472394945754 437 517 12 1
437 517 1472394945784 437 517 12 1
437 517 1472394945814 437 517 12 1
437 518 1472394945844 437 517 12 1
437 518 1472394945874 437 517 12 1
437 518 1472394945904 437 517 12 1
437 518 1472394945934 437 517 12 1
437 518 1472394945964 437 517 12 1
437 518 1472394945994 437 517 12 1
437 518 1472394946024 437 517 12 1
437 518 1472394946054 437 517 12 1
437 518 1472394946084 437 517 12 1
438 518 1472394946114 437 517 12 1
438 518 1472394946144 437 517 12 1
438 518 1472394946174 437 517 12 1
438 518 1472394946204 437 517 12 1
438 518 1472394946234 437 517 12 1
438 518 1472394946264 437 517 12 1
438 518 1472394946294 437 517 12 1
438 518 1472394946324 437 517 12 1
438 518 1472394946354 437 517 12 1
438 518 1472394946384 720 800 12 0
438 518 1472394946414 720 800 12 0
438 518 1472394946444 720 800 12 0
438 518 1472394946474 720 800 12 0
438 518 1472394946504 720 800 12 0
438 518 1472394946534 720 800 12 0
438 518 1472394946564 720 800 12 0
438 518 1472394946594 720 800 12 0
438 518 1472394946624 720 800 12 0
438 518 1472394946654 720 800 12 0
439 518 1472394946684 720 800 12 0
442 518 1472394946714 720 800 12 0
451 515 1472394946744 720 800 12 0
462 511 1472394946774 720 800 12 0
482 505 1472394946804 720 800 12 0
499 504 1472394946834 720 800 12 0
516 508 1472394946864 720 800 12 0
534 516 1472394946894 720 800 12 0
553 527 1472394946924 720 800 12 0
566 538 1472394946954 720 800 12 0
583 557 1472394946984 720 800 12 0
597 577 1472394947014 720 800 12 0
610 598 1472394947044 720 800 12 0
621 618 1472394947074 720 800 12 0
631 638 1472394947104 720 800 12 0
638 650 1472394947134 720 800 12 0
649 666 1472394947164 720 800 12 0
660 681 1472394947194 720 800 12 0
672 694 1472394947224 720 800 12 0
683 708 1472394947254 720 800 12 0
694 720 1472394947284 720 800 12 0
701 728 1472394947314 720 800 12 0
711 740 1472394947344 720 800 12 0
719 752 1472394947374 720 800 12 0
724 761 1472394947404 720 800 12 0
726 766 1472394947434 720 800 12 0
726 772 1472394947464 720 800 12 0
725 778 1472394947494 720 800 12 0
724 783 1472394947524 720 800 12 0
723 787 1472394947554 720 800 12 0
723 791 1472394947584 720 800 12 0
723 792 1472394947614 720 800 12 0
722 792 1472394947644 720 800 12 0
722 792 1472394947674 720 800 12 0
722 793 1472394947704 720 800 12 0
722 793 1472394947734 720 800 12 0
722 794 1472394947764 720 800 12 0
721 794 1472394947794 720 800 12 0
721 794 1472394947824 720 800 12 0
721 794 1472394947854 720 800 12 0
721 795 1472394947884 720 800 12 0
721 795 1472394947914 720 800 12 0
721 795 1472394947944 720 800 12 0
720 795 1472394947974 720 800 12 0
720 796 1472394948004 720 800 12 0
719 797 1472394948034 720 800 12 0
719 797 1472394948064 720 800 12 0
719 798 1472394948094 720 800 12 1
718 799 1472394948124 720 800 12 1
718 800 1472394948154 720 800 12 1
717 800 1472394948184 720 800 12 0
717 800 1472394948214 720 800 12 0
717 800 1472394948244 720 800 12 0
717 800 1472394948274 720 800 12 0
717 800 1472394948304 720 800 12 0
717 800 1472394948334 720 800 12 0
717 800 1472394948364 720 800 12 0
717 800 1472394948394 720 800 12 0
717 800 1472394948424 720 800 12 0
717 800 1472394948454 720 800 12 0
717 798 1472394948484 720 800 12 0
718 798 1472394948514 720 800 12 0
718 797 1472394948544 720 800 12 0
718 797 1472394948574 720 800 12 0
718 796 1472394948604 720 800 12 0
718 796 1472394948634 720 800 12 0
718 796 1472394948664 720 800 12 0
719 796 1472394948694 720 800 12 0
719 796 1472394948724 720 800 12 0
719 796 1472394948754 720 800 12 0
719 796 1472394948784 720 800 12 0
719 797 1472394948814 720 800 12 0
719 797 1472394948844 720 800 12 0
719 797 1472394948874 720 800 12 0
719 799 1472394948904 720 800 12 1
719 800 1472394948934 720 800 12 1
719 800 1472394948964 720 800 12 1
719 800 1472394948994 720 800 12 1
719 800 1472394949024 720 800 12 1
719 800 1472394949054 720 800 12 1
719 800 1472394949084 720 800 12 1
719 800 1472394949114 720 800 12 1
720 800 1472394949144 720 800 12 1
720 800 1472394949174 720 800 12 1
720 800 1472394949204 720 800 12 1
720 800 1472394949234 720 800 12 1
720 800 1472394949264 720 800 12 1
720 800 1472394949294 720 800 12 1
720 800 1472394949324 720 800 12 1
720 800 1472394949354 720 800 12 1
720 800 1472394949384 720 800 12 1
720 800 1472394949414 720 800 12 1
720 800 1472394949444 720 800 12 1
720 800 1472394949474 720 800 12 1
720 800 1472394949504 720 800 12 1
720 800 1472394949534 720 800 12 1
720 800 1472394949564 720 800 12 1
720 800 1472394949594 720 800 12 1
720 800 1472394949624 720 800 12 1
720 800 1472394949654 720 800 12 1
719 800 1472394949684 720 800 12 1
719 800 1472394949714 720 800 12 1
719 800 1472394949744 720 800 12 1
719 800 1472394949774 720 800 12 1
719 799 1472394949804 720 800 12 1
719 799 1472394949834 720 800 12 1
719 799 1472394949864 720 800 12 1
719 799 1472394949894 720 400 12 0
719 799 1472394949924 720 400 12 0
719 799 1472394949954 720 400 12 0
719 799 1472394949984 720 400 12 0
719 799 1472394950014 720 400 12 0
719 799 1472394950044 720 400 12 0
719 799 1472394950074 720 400 12 0
719 799 1472394950104 720 400 12 0
719 799 1472394950134 720 400 12 0
718 798 1472394950164 720 400 12 0
716 795 1472394950194 720 400 12 0
712 787 1472394950224 720 400 12 0
709 780 1472394950254 720 400 12 0
703 764 1472394950284 720 400 12 0
699 741 1472394950314 720 400 12 0
699 713 1472394950344 720 400 12 0
698 684 1472394950374 720 400 12 0
696 654 1472394950404 720 400 12 0
695 635 1472394950434 720 400 12 0
694 605 1472394950464 720 400 12 0
696 577 1472394950494 720 400 12 0
701 552 1472394950524 720 400 12 0
704 538 1472394950554 720 400 12 0
707 518 1472394950584 720 400 12 0
710 500 1472394950614 720 400 12 0
712 484 1472394950644 720 400 12 0
715 470 1472394950674 720 400 12 0
716 458 1472394950704 720 400 12 0
718 451 1472394950734 720 400 12 0
720 441 1472394950764 720 400 12 0
720 433 1472394950794 720 400 12 0
719 426 1472394950824 720 400 12 0
719 423 1472394950854 720 400 12 0
719 419 1472394950884 720 400 12 0
719 416 1472394950914 720 400 12 0
719 412 1472394950944 720 400 12 0
718 409 1472394950974 720 400 12 0
718 406 1472394951004 720 400 12 0
718 406 1472394951034 720 400 12 0
718 405 1472394951064 720 400 12 0
718 404 1472394951094 720 400 12 0
718 404 1472394951124 720 400 12 0
718 404 1472394951154 720 400 12 0
718 403 1472394951184 720 400 12 0
718 403 1472394951214 720 400 12 0
718 402 1472394951244 720 400 12 0
718 401 1472394951274 720 400 12 1
718 400 1472394951304 720 400 12 1
718 400 1472394951334 720 400 12 1
718 400 1472394951364 720 400 12 1
718 400 1472394951394 720 400 12 1
718 400 1472394951424 720 400 12 1
718 400 1472394951454 720 400 12 1
718 400 1472394951484 720 400 12 1
718 400 1472394951514 720 400 12 1
718 400 1472394951544 720 400 12 1
718 400 1472394951574 720 400 12 1
719 400 1472394951604 720 400 12 1
720 400 1472394951634 720 400 12 1
720 401 1472394951664 720 400 12 1
721 402 1472394951694 720 400 12 1
722 403 1472394951724 720 400 12 0
722 404 1472394951754 720 400 12 0
722 404 1472394951784 720 400 12 0
722 404 1472394951814 720 400 12 0
722 404 1472394951844 720 400 12 0
722 404 1472394951874 720 400 12 0
722 404 1472394951904 720 400 12 0
722 404 1472394951934 720 400 12 0
722 404 1472394951964 720 400 12 0
722 404 1472394951994 720 400 12 0
722 404 1472394952024 720 400 12 0
722 404 1472394952054 720 400 12 0
722 404 1472394952084 720 400 12 0
722 404 1472394952114 720 400 12 0
722 404 1472394952144 720 400 12 0
722 403 1472394952174 720 400 12 0
722 403 1472394952204 720 400 12 0
721 402 1472394952234 720 400 12 1
721 402 1472394952264 720 400 12 1
721 401 1472394952294 720 400 12 1
720 400 1472394952324 720 400 12 1
720 400 1472394952354 720 400 12 1
719 399 1472394952384 720 400 12 1
719 398 1472394952414 720 400 12 1
719 398 1472394952444 720 400 12 1
719 398 1472394952474 720 400 12 1
719 398 1472394952504 720 400 12 1
719 398 1472394952534 720 400 12 1
719 398 1472394952564 720 400 12 1
719 398 1472394952594 720 400 12 1
719 399 1472394952624 720 400 12 1
719 400 1472394952654 720 400 12 1
719 401 1472394952684 720 400 12 1
720 402 1472394952714 720 400 12 1
720 403 1472394952744 720 400 12 0
721 404 1472394952774 720 400 12 0
721 404 1472394952804 720 400 12 0
721 404 1472394952834 720 400 12 0
721 404 1472394952864 720 400 12 0
721 404 1472394952894 720 400 12 0
721 404 1472394952924 720 400 12 0
721 403 1472394952954 720 400 12 0
721 403 1472394952984 720 400 12 0
721 402 1472394953014 720 400 12 1
721 402 1472394953044 720 400 12 1
721 401 1472394953074 720 400 12 1
721 400 1472394953104 720 400 12 1
721 400 1472394953134 720 400 12 1
721 399 1472394953164 720 400 12 1
720 399 1472394953194 720 400 12 1
720 399 1472394953224 720 400 12 1
720 399 1472394953254 720 400 12 1
720 399 1472394953284 720 400 12 1
720 399 1472394953314 720 400 12 1
720 399 1472394953344 720 400 12 1
720 399 1472394953374 720 400 12 1
720 399 1472394953404 720 400 12 1
720 399 1472394953434 720 400 12 1
720 399 1472394953464 720 400 12 1
720 399 1472394953494 720 400 12 1
720 399 1472394953524 720 400 12 1
720 399 1472394953554 720 400 12 1
720 399 1472394953584 720 400 12 1
720 399 1472394953614 720 400 12 1
720 399 1472394953644 720 400 12 1
720 399 1472394953674 720 400 12 1
720 399 1472394953704 720 400 12 1
720 399 1472394953734 720 400 12 1
720 399 1472394953764 720 400 12 1
720 399 1472394953794 720 400 12 1
720 399 1472394953824 720 400 12 1
720 399 1472394953854 720 400 12 1
720 399 1472394953884 720 400 12 1
720 399 1472394953914 720 400 12 1
720 399 1472394953944 720 400 12 1
720 399 1472394953974 720 400 12 1
720 399 1472394954004 720 800 12 0
720 399 1472394954034 720 800 12 0
720 399 1472394954064 720 800 12 0
720 399 1472394954094 720 800 12 0
720 399 1472394954124 720 800 12 0
720 399 1472394954154 720 800 12 0
720 399 1472394954184 720 800 12 0
720 399 1472394954214 720 800 12 0
720 399 1472394954244 720 800 12 0
720 399 1472394954274 720 800 12 0
720 399 1472394954304 720 800 12 0
720 400 1472394954334 720 800 12 0
721 401 1472394954364 720 800 12 0
721 402 1472394954394 720 800 12 0
723 407 1472394954424 720 800 12 0
726 417 1472394954454 720 800 12 0
729 432 1472394954484 720 800 12 0
732 453 1472394954514 720 800 12 0
732 478 1472394954544 720 800 12 0
730 495 1472394954574 720 800 12 0
728 520 1472394954604 720 800 12 0
731 544 1472394954634 720 800 12 0
738 565 1472394954664 720 800 12 0
743 576 1472394954694 720 800 12 0
749 591 1472394954724 720 800 12 0
755 604 1472394954754 720 800 12 0
760 618 1472394954784 720 800 12 0
764 633 1472394954814 720 800 12 0
765 648 1472394954844 720 800 12 0
766 657 1472394954874 720 800 12 0
766 671 1472394954904 720 800 12 0
763 685 1472394954934 720 800 12 0
761 697 1472394954964 720 800 12 0
758 707 1472394954994 720 800 12 0
753 715 1472394955024 720 800 12 0
749 720 1472394955054 720 800 12 0
741 725 1472394955084 720 800 12 0
735 731 1472394955114 720 800 12 0
732 738 1472394955144 720 800 12 0
729 742 1472394955174 720 800 12 0
725 747 1472394955204 720 800 12 0
724 752 1472394955234 720 800 12 0
727 757 1472394955264 720 800 12 0
730 762 1472394955294 720 800 12 0
732 764 1472394955324 720 800 12 0
734 765 1472394955354 720 800 12 0
736 768 1472394955384 720 800 12 0
738 772 1472394955414 720 800 12 0
738 776 1472394955444 720 800 12 0
738 780 1472394955474 720 800 12 0
738 784 1472394955504 720 800 12 0
738 789 1472394955534 720 800 12 0
737 791 1472394955564 720 800 12 0
736 791 1472394955594 720 800 12 0
733 791 1472394955624 720 800 12 0
732 792 1472394955654 720 800 12 0
729 792 1472394955684 720 800 12 0
728 792 1472394955714 720 800 12 0
727 793 1472394955744 720 800 12 0
726 795 1472394955774 720 800 12 0
725 797 1472394955804 720 800 12 0
723 798 1472394955834 720 800 12 0
722 799 1472394955864 720 800 12 1
722 799 1472394955894 720 800 12 1
722 799 1472394955924 720 800 12 1
722 799 1472394955954 720 800 12 1
722 799 1472394955984 720 800 12 1
722 799 1472394956014 720 800 12 1
722 799 1472394956044 720 800 12 1
722 799 1472394956074 720 800 12 1
722 800 1472394956104 720 800 12 1
722 800 1472394956134 720 800 12 1
721 802 1472394956164 720 800 12 1
721 802 1472394956194 720 800 12 1
721 802 1472394956224 720 800 12 1
720 802 1472394956254 720 800 12 1
720 802 1472394956284 720 800 12 1
719 801 1472394956314 720 800 12 1
719 801 1472394956344 720 800 12 1
719 800 1472394956374 720 800 12 1
719 800 1472394956404 720 800 12 1
718 800 1472394956434 720 800 12 1
718 799 1472394956464 720 800 12 1
717 798 1472394956494 720 800 12 0
716 796 1472394956524 720 800 12 0
715 795 1472394956554 720 800 12 0
715 795 1472394956584 720 800 12 0
715 795 1472394956614 720 800 12 0
715 795 1472394956644 720 800 12 0
715 795 1472394956674 720 800 12 0
716 795 1472394956704 720 800 12 0
717 796 1472394956734 720 800 12 0
718 797 1472394956764 720 800 12 0
718 798 1472394956794 720 800 12 0
719 798 1472394956824 720 800 12 1
719 799 1472394956854 720 800 12 1
719 799 1472394956884 720 800 12 1
719 799 1472394956914 720 800 12 1
719 799 1472394956944 720 800 12 1
719 799 1472394956974 720 800 12 1
719 799 1472394957004 720 800 12 1
719 799 1472394957034 720 800 12 1
719 799 1472394957064 720 800 12 1
719 799 1472394957094 720 800 12 1
719 799 1472394957124 720 800 12 1
719 799 1472394957154 720 800 12 1
719 799 1472394957184 720 800 12 1
720 799 1472394957214 720 800 12 1
720 799 1472394957244 720 800 12 1
720 799 1472394957274 720 800 12 1
720 799 1472394957304 720 800 12 1
720 799 1472394957334 720 800 12 1
720 799 1472394957364 720 800 12 1
720 799 1472394957394 720 800 12 1
720 799 1472394957424 720 800 12 1
720 799 1472394957454 720 800 12 1
720 799 1472394957484 720 800 12 1
720 799 1472394957514 720 800 12 1
720 799 1472394957544 720 800 12 1
720 799 1472394957574 720 800 12 1
720 799 1472394957604 720 800 12 1
720 799 1472394957634 720 800 12 1
720 799 1472394957664 720 800 12 1
720 799 1472394957694 720 800 12 1
720 799 1472394957724 720 800 12 1
720 799 1472394957754 720 800 12 1
720 799 1472394957784 720 800 12 1
720 799 1472394957814 720 800 12 1
720 800 1472394957844 1003 517 12 0
720 800 1472394957874 1003 517 12 0
720 800 1472394957904 1003 517 12 0
720 800 1472394957934 1003 517 12 0
720 801 1472394957964 1003 517 12 0
720 801 1472394957994 1003 517 12 0
720 801 1472394958024 1003 517 12 0
720 801 1472394958054 1003 517 12 0
720 801 1472394958084 1003 517 12 0
720 801 1472394958114 1003 517 12 0
720 801 1472394958144 1003 517 12 0
720 801 1472394958174 1003 517 12 0
721 797 1472394958204 1003 517 12 0
725 788 1472394958234 1003 517 12 0
730 772 1472394958264 1003 517 12 0
734 758 1472394958294 1003 517 12 0
744 735 1472394958324 1003 517 12 0
759 713 1472394958354 1003 517 12 0
770 695 1472394958384 1003 517 12 0
772 682 1472394958414 1003 517 12 0
773 671 1472394958444 1003 517 12 0
776 663 1472394958474 1003 517 12 0
785 651 1472394958504 1003 517 12 0
793 643 1472394958534 1003 517 12 0
809 633 1472394958564 1003 517 12 0
829 622 1472394958594 1003 517 12 0
844 614 1472394958624 1003 517 12 0
850 610 1472394958654 1003 517 12 0
857 604 1472394958684 1003 517 12 0
865 598 1472394958714 1003 517 12 0
871 592 1472394958744 1003 517 12 0
878 585 1472394958774 1003 517 12 0
888 575 1472394958804 1003 517 12 0
896 567 1472394958834 1003 517 12 0
906 554 1472394958864 1003 517 12 0
916 542 1472394958894 1003 517 12 0
930 530 1472394958924 1003 517 12 0
939 523 1472394958954 1003 517 12 0
950 514 1472394958984 1003 517 12 0
957 507 1472394959014 1003 517 12 0
962 501 1472394959044 1003 517 12 0
968 495 1472394959074 1003 517 12 0
977 491 1472394959104 1003 517 12 0
983 487 1472394959134 1003 517 12 0
992 483 1472394959164 1003 517 12 0
996 480 1472394959194 1003 517 12 0
997 480 1472394959224 1003 517 12 0
999 481 1472394959254 1003 517 12 0
1001 483 1472394959284 1003 517 12 0
1003 484 1472394959314 1003 517 12 0
1004 485 1472394959344 1003 517 12 0
1004 486 1472394959374 1003 517 12 0
1004 488 1472394959404 1003 517 12 0
1003 490 1472394959434 1003 517 12 0
1002 494 1472394959464 1003 517 12 0
1002 499 1472394959494 1003 517 12 0
1002 501 1472394959524 1003 517 12 0
1002 502 1472394959554 1003 517 12 0
1002 502 1472394959584 1003 517 12 0
1002 502 1472394959614 1003 517 12 0
1002 502 1472394959644 1003 517 12 0
1002 502 1472394959674 1003 517 12 0
1002 502 1472394959704 1003 517 12 0
1002 502 1472394959734 1003 517 12 0
1003 503 1472394959764 1003 517 12 0
1003 504 1472394959794 1003 517 12 0
1004 505 1472394959824 1003 517 12 0
1005 506 1472394959854 1003 517 12 0
1005 508 1472394959884 1003 517 12 0
1005 509 1472394959914 1003 517 12 0
1005 510 1472394959944 1003 517 12 0
1005 511 1472394959974 1003 517 12 0
1005 513 1472394960004 1003 517 12 0
1005 515 1472394960034 1003 517 12 0
1004 517 1472394960064 1003 517 12 1
1003 517 1472394960094 1003 517 12 1
1003 517 1472394960124 1003 517 12 1
1003 517 1472394960154 1003 517 12 1
1003 517 1472394960184 1003 517 12 1
1003 517 1472394960214 1003 517 12 1
1003 516 1472394960244 1003 517 12 1
1002 516 1472394960274 1003 517 12 1
1002 516 1472394960304 1003 517 12 1
1002 516 1472394960334 1003 517 12 1
1002 516 1472394960364 1003 517 12 1
1002 515 1472394960394 1003 517 12 1
1002 515 1472394960424 1003 517 12 1
1002 515 1472394960454 1003 517 12 1
1002 515 1472394960484 1003 517 12 1
1002 515 1472394960514 1003 517 12 1
1002 515 1472394960544 1003 517 12 1
1002 515 1472394960574 1003 517 12 1
1002 515 1472394960604 1003 517 12 1
1002 515 1472394960634 1003 517 12 1
1002 515 1472394960664 1003 517 12 1
1002 515 1472394960694 1003 517 12 1
1001 515 1472394960724 1003 517 12 0
1001 515 1472394960754 1003 517 12 0
1001 515 1472394960784 1003 517 12 0
1001 515 1472394960814 1003 517 12 0
1001 515 1472394960844 1003 517 12 0
1001 515 1472394960874 1003 517 12 0
1001 515 1472394960904 1003 517 12 0
1001 515 1472394960934 1003 517 12 0
1001 515 1472394960964 1003 517 12 0
1001 515 1472394960994 1003 517 12 0
1001 515 1472394961024 1003 517 12 0
1001 515 1472394961054 1003 517 12 0
1001 515 1472394961084 1003 517 12 0
1001 515 1472394961114 1003 517 12 0
1001 515 1472394961144 1003 517 12 0
1001 515 1472394961174 1003 517 12 0
1001 515 1472394961204 1003 517 12 0
1001 515 1472394961234 1003 517 12 0
1001 514 1472394961264 1003 517 12 0
1001 514 1472394961294 1003 517 12 0
1001 514 1472394961324 1003 517 12 0
1001 514 1472394961354 1003 517 12 0
1001 514 1472394961384 1003 517 12 0
1001 514 1472394961414 1003 517 12 0
1001 514 1472394961444 1003 517 12 0
1001 514 1472394961474 1003 517 12 0
1001 514 1472394961504 1003 517 12 0
1001 514 1472394961534 1003 517 12 0
1001 514 1472394961564 1003 517 12 0
1001 514 1472394961594 1003 517 12 0
1001 514 1472394961624 1003 517 12 0
1001 514 1472394961654 1003 517 12 0
1001 514 1472394961684 1003 517 12 0
1001 514 1472394961714 1003 517 12 0
1001 515 1472394961744 1003 517 12 0
1001 515 1472394961774 1003 517 12 0
1001 516 1472394961804 1003 517 12 1
1001 516 1472394961834 1003 517 12 1
1001 516 1472394961864 1003 517 12 1
1001 516 1472394961894 1003 517 12 1
1001 516 1472394961924 1003 517 12 1
1001 516 1472394961954 1003 517 12 1
1001 516 1472394961984 1003 517 12 1
1001 516 1472394962014 1003 517 12 1
1001 516 1472394962044 1003 517 12 1
1001 516 1472394962074 1003 517 12 1
1001 516 1472394962104 1003 517 12 1
1001 516 1472394962134 1003 517 12 1
1001 516 1472394962164 1003 517 12 1
1001 516 1472394962194 1003 517 12 1
1002 515 1472394962224 1003 517 12 1
1002 515 1472394962254 1003 517 12 1
1002 515 1472394962284 1003 517 12 1
1002 515 1472394962314 1003 517 12 1
1003 515 1472394962344 1003 517 12 1
1003 514 1472394962374 1003 517 12 0
1004 513 1472394962404 1003 517 12 0
1004 512 1472394962434 1003 517 12 0
1004 511 1472394962464 1003 517 12 0
1004 511 1472394962494 1003 517 12 0
1005 512 1472394962524 1003 517 12 0
1005 514 1472394962554 1003 517 12 0
1005 515 1472394962584 1003 517 12 0
1005 517 1472394962614 1003 517 12 1
1005 518 1472394962644 1003 517 12 1
1005 518 1472394962674 1003 517 12 1
1005 518 1472394962704 1003 517 12 1
1005 518 1472394962734 1003 517 12 1
1005 519 1472394962764 1003 517 12 0
1004 519 1472394962794 1003 517 12 1
1003 519 1472394962824 1003 517 12 1
1003 519 1472394962854 1003 517 12 1
1003 519 1472394962884 1003 517 12 1
1003 519 1472394962914 1003 517 12 1
1003 519 1472394962944 1003 517 12 1
1003 518 1472394962974 1003 517 12 1
1002 518 1472394963004 1003 517 12 1
1002 517 1472394963034 1003 517 12 1
1001 517 1472394963064 1003 517 12 1
1001 517 1472394963094 1003 517 12 1
1001 517 1472394963124 1003 517 12 1
1001 517 1472394963154 1003 517 12 1
1001 517 1472394963184 1003 517 12 1
1001 517 1472394963214 1003 517 12 1
1001 517 1472394963244 1003 517 12 1
1001 517 1472394963274 1003 517 12 1
1001 517 1472394963304 1003 517 12 1
1001 517 1472394963334 1003 517 12 1
1001 517 1472394963364 1003 517 12 1
1001 517 1472394963394 1003 517 12 1
1001 517 1472394963424 1003 517 12 1
1002 517 1472394963454 1003 517 12 1
1002 517 1472394963484 1003 517 12 1
1003 518 1472394963514 1003 517 12 1
1003 518 1472394963544 1003 517 12 1
1004 518 1472394963574 1003 517 12 1
1004 518 1472394963604 1003 517 12 1
1004 518 1472394963634 1003 517 12 1
1004 518 1472394963664 1003 517 12 1
1004 518 1472394963694 1003 517 12 1
1004 518 1472394963724 1003 517 12 1
1004 518 1472394963754 1003 517 12 1
1004 518 1472394963784 1003 517 12 1
1004 518 1472394963814 720 800 12 0
1004 518 1472394963844 720 800 12 0
1004 518 1472394963874 720 800 12 0
1004 517 1472394963904 720 800 12 0
1004 517 1472394963934 720 800 12 0
1004 516 1472394963964 720 800 12 0
1004 516 1472394963994 720 800 12 0
1004 516 1472394964024 720 800 12 0
1004 516 1472394964054 720 800 12 0
1004 516 1472394964084 720 800 12 0
1004 516 1472394964114 720 800 12 0
1004 516 1472394964144 720 800 12 0
1004 516 1472394964174 720 800 12 0
1004 516 1472394964204 720 800 12 0
1000 519 1472394964234 720 800 12 0
989 525 1472394964264 720 800 12 0
977 533 1472394964294 720 800 12 0
969 541 1472394964324 720 800 12 0
964 547 1472394964354 720 800 12 0
957 558 1472394964384 720 800 12 0
951 571 1472394964414 720 800 12 0
946 579 1472394964444 720 800 12 0
935 594 1472394964474 720 800 12 0
915 610 1472394964504 720 800 12 0
890 629 1472394964534 720 800 12 0
872 648 1472394964564 720 800 12 0
862 665 1472394964594 720 800 12 0
855 680 1472394964624 720 800 12 0
850 688 1472394964654 720 800 12 0
841 699 1472394964684 720 800 12 0
830 708 1472394964714 720 800 12 0
818 718 1472394964744 720 800 12 0
811 724 1472394964774 720 800 12 0
805 733 1472394964804 720 800 12 0
798 743 1472394964834 720 800 12 0
788 754 1472394964864 720 800 12 0
774 763 1472394964894 720 800 12 0
767 771 1472394964924 720 800 12 0
767 773 1472394964954 720 800 12 0
767 776 1472394964984 720 800 12 0
765 778 1472394965014 720 800 12 0
761 781 1472394965044 720 800 12 0
752 786 1472394965074 720 800 12 0
747 789 1472394965104 720 800 12 0
744 791 1472394965134 720 800 12 0
744 792 1472394965164 720 800 12 0
741 793 1472394965194 720 800 12 0
737 794 1472394965224 720 800 12 0
732 796 1472394965254 720 800 12 0
727 799 1472394965284 720 800 12 0
725 800 1472394965314 720 800 12 0
724 801 1472394965344 720 800 12 0
724 801 1472394965374 720 800 12 0
722 802 1472394965404 720 800 12 0
721 803 1472394965434 720 800 12 0
721 803 1472394965464 720 800 12 0
721 803 1472394965494 720 800 12 0
721 803 1472394965524 720 800 12 0
722 802 1472394965554 720 800 12 0
722 802 1472394965584 720 800 12 0
722 802 1472394965614 720 800 12 0
722 801 1472394965644 720 800 12 1
722 801 1472394965674 720 800 12 1
722 800 1472394965704 720 800 12 1
722 799 1472394965734 720 800 12 1
722 798 1472394965764 720 800 12 0
721 797 1472394965794 720 800 12 0
721 796 1472394965824 720 800 12 0
721 795 1472394965854 720 800 12 0
721 793 1472394965884 720 800 12 0
721 793 1472394965914 720 800 12 0
721 793 1472394965944 720 800 12 0
721 793 1472394965974 720 800 12 0
721 793 1472394966004 720 800 12 0
722 795 1472394966034 720 800 12 0
722 797 1472394966064 720 800 12 0
721 799 1472394966094 720 800 12 1
721 800 1472394966124 720 800 12 1
721 800 1472394966154 720 800 12 1
721 800 1472394966184 720 800 12 1
721 800 1472394966214 720 800 12 1
721 800 1472394966244 720 800 12 1
720 799 1472394966274 720 800 12 1
720 799 1472394966304 720 800 12 1
720 799 1472394966334 720 800 12 1
719 798 1472394966364 720 800 12 1
718 797 1472394966394 720 800 12 0
718 797 1472394966424 720 800 12 0
717 797 1472394966454 720 800 12 0
717 796 1472394966484 720 800 12 0
717 796 1472394966514 720 800 12 0
717 796 1472394966544 720 800 12 0
717 796 1472394966574 720 800 12 0
717 796 1472394966604 720 800 12 0
717 796 1472394966634 720 800 12 0
718 797 1472394966664 720 800 12 0
719 797 1472394966694 720 800 12 0
719 798 1472394966724 720 800 12 1
720 799 1472394966754 720 800 12 1
721 799 1472394966784 720 800 12 1
722 799 1472394966814 720 800 12 1
723 799 1472394966844 720 800 12 0
723 799 1472394966874 720 800 12 0
724 799 1472394966904 720 800 12 0
724 799 1472394966934 720 800 12 0
724 799 1472394966964 720 800 12 0
724 799 1472394966994 720 800 12 0
724 799 1472394967024 720 800 12 0
724 799 1472394967054 720 800 12 0
724 799 1472394967084 720 800 12 0
724 799 1472394967114 720 800 12 0
724 799 1472394967144 720 800 12 0
724 800 1472394967174 720 800 12 0
724 800 1472394967204 720 800 12 0
723 800 1472394967234 720 800 12 0
722 799 1472394967264 720 800 12 1
721 799 1472394967294 720 800 12 1
720 799 1472394967324 720 800 12 1
720 799 1472394967354 720 800 12 1
719 799 1472394967384 720 800 12 1
719 799 1472394967414 720 800 12 1
719 799 1472394967444 720 800 12 1
719 799 1472394967474 720 800 12 1
719 800 1472394967504 720 800 12 1
718 800 1472394967534 720 800 12 1
718 800 1472394967564 720 800 12 1
718 800 1472394967594 720 800 12 1
718 800 1472394967624 720 800 12 1
718 800 1472394967654 720 800 12 1
718 800 1472394967684 720 800 12 1
719 800 1472394967714 720 800 12 1
719 800 1472394967744 720 800 12 1
719 800 1472394967774 720 800 12 1
719 800 1472394967804 720 800 12 1
719 800 1472394967834 720 800 12 1
719 800 1472394967864 720 800 12 1
719 799 1472394967894 720 800 12 1
719 799 1472394967924 720 800 12 1
719 799 1472394967954 720 800 12 1
719 799 1472394967984 720 800 12 1
719 799 1472394968014 720 800 12 1
719 799 1472394968044 720 800 12 1
719 799 1472394968074 720 800 12 1
719 799 1472394968104 720 800 12 1
719 799 1472394968134 720 800 12 1
719 799 1472394968164 720 800 12 1
719 799 1472394968194 720 800 12 1
719 799 1472394968224 720 800 12 1
719 799 1472394968254 720 800 12 1
719 799 1472394968284 1120 800 12 0
719 799 1472394968314 1120 800 12 0
719 799 1472394968344 1120 800 12 0
719 799 1472394968374 1120 800 12 0
719 799 1472394968404 1120 800 12 0
719 799 1472394968434 1120 800 12 0
719 799 1472394968464 1120 800 12 0
719 799 1472394968494 1120 800 12 0
719 799 1472394968524 1120 800 12 0
719 798 1472394968554 1120 800 12 0
721 796 1472394968584 1120 800 12 0
723 793 1472394968614 1120 800 12 0
735 782 1472394968644 1120 800 12 0
757 767 1472394968674 1120 800 12 0
777 756 1472394968704 1120 800 12 0
816 735 1472394968734 1120 800 12 0
839 725 1472394968764 1120 800 12 0
850 720 1472394968794 1120 800 12 0
863 716 1472394968824 1120 800 12 0
877 714 1472394968854 1120 800 12 0
889 713 1472394968884 1120 800 12 0
897 713 1472394968914 1120 800 12 0
911 715 1472394968944 1120 800 12 0
930 716 1472394968974 1120 800 12 0
955 716 1472394969004 1120 800 12 0
978 714 1472394969034 1120 800 12 0
991 714 1472394969064 1120 800 12 0
1004 714 1472394969094 1120 800 12 0
1013 715 1472394969124 1120 800 12 0
1020 717 1472394969154 1120 800 12 0
1026 719 1472394969184 1120 800 12 0
1031 722 1472394969214 1120 800 12 0
1038 727 1472394969244 1120 800 12 0
1042 730 1472394969274 1120 800 12 0
1049 737 1472394969304 1120 800 12 0
1057 746 1472394969334 1120 800 12 0
1064 755 1472394969364 1120 800 12 0
1069 761 1472394969394 1120 800 12 0
1075 768 1472394969424 1120 800 12 0
1080 773 1472394969454 1120 800 12 0
1085 777 1472394969484 1120 800 12 0
1089 779 1472394969514 1120 800 12 0
1094 782 1472394969544 1120 800 12 0
1100 784 1472394969574 1120 800 12 0
1104 785 1472394969604 1120 800 12 0
1111 786 1472394969634 1120 800 12 0
1116 786 1472394969664 1120 800 12 0
1118 786 1472394969694 1120 800 12 0
1119 786 1472394969724 1120 800 12 0
1119 786 1472394969754 1120 800 12 0
1119 786 1472394969784 1120 800 12 0
1119 786 1472394969814 1120 800 12 0
1119 787 1472394969844 1120 800 12 0
1117 789 1472394969874 1120 800 12 0
1115 792 1472394969904 1120 800 12 0
1114 793 1472394969934 1120 800 12 0
1112 795 1472394969964 1120 800 12 0
1109 797 1472394969994 1120 800 12 0
1107 798 1472394970024 1120 800 12 0
1107 798 1472394970054 1120 800 12 0
1107 798 1472394970084 1120 800 12 0
1108 798 1472394970114 1120 800 12 0
1110 797 1472394970144 1120 800 12 0
1114 796 1472394970174 1120 800 12 0
1116 796 1472394970204 1120 800 12 0
1119 795 1472394970234 1120 800 12 0
1120 795 1472394970264 1120 800 12 0
1118 796 1472394970294 1120 800 12 0
1117 797 1472394970324 1120 800 12 0
1117 797 1472394970354 1120 800 12 0
1116 799 1472394970384 1120 800 12 0
1115 799 1472394970414 1120 800 12 0
1115 800 1472394970444 1120 800 12 0
1115 800 1472394970474 1120 800 12 0
1115 800 1472394970504 1120 800 12 0
1115 800 1472394970534 1120 800 12 0
1115 800 1472394970564 1120 800 12 0
1115 800 1472394970594 1120 800 12 0
1116 800 1472394970624 1120 800 12 0
1117 800 1472394970654 1120 800 12 0
1118 800 1472394970684 1120 800 12 1
1119 800 1472394970714 1120 800 12 1
1119 800 1472394970744 1120 800 12 1
1119 799 1472394970774 1120 800 12 1
1120 798 1472394970804 1120 800 12 1
1120 798 1472394970834 1120 800 12 1
1120 798 1472394970864 1120 800 12 1
1120 798 1472394970894 1120 800 12 1
1120 798 1472394970924 1120 800 12 1
1120 798 1472394970954 1120 800 12 1
1120 798 1472394970984 1120 800 12 1
1120 798 1472394971014 1120 800 12 1
1120 798 1472394971044 1120 800 12 1
1120 798 1472394971074 1120 800 12 1
1120 798 1472394971104 1120 800 12 1
1119 798 1472394971134 1120 800 12 1
1119 798 1472394971164 1120 800 12 1
1119 798 1472394971194 1120 800 12 1
1118 798 1472394971224 1120 800 12 0
1117 798 1472394971254 1120 800 12 0
1117 799 1472394971284 1120 800 12 0
1117 799 1472394971314 1120 800 12 0
1117 799 1472394971344 1120 800 12 0
1117 799 1472394971374 1120 800 12 0
1117 799 1472394971404 1120 800 12 0
1117 799 1472394971434 1120 800 12 0
1117 799 1472394971464 1120 800 12 0
1117 799 1472394971494 1120 800 12 0
1117 799 1472394971524 1120 800 12 0
1117 799 1472394971554 1120 800 12 0
1117 799 1472394971584 1120 800 12 0
1117 799 1472394971614 1120 800 12 0
1118 799 1472394971644 1120 800 12 1
1118 799 1472394971674 1120 800 12 1
1118 799 1472394971704 1120 800 12 1
1119 799 1472394971734 1120 800 12 1
1119 799 1472394971764 1120 800 12 1
1119 799 1472394971794 1120 800 12 1
1119 799 1472394971824 1120 800 12 1
1119 799 1472394971854 1120 800 12 1
1119 799 1472394971884 1120 800 12 1
1120 799 1472394971914 1120 800 12 1
1120 799 1472394971944 1120 800 12 1
1120 799 1472394971974 1120 800 12 1
1120 800 1472394972004 1120 800 12 1
1120 800 1472394972034 1120 800 12 1
1120 800 1472394972064 1120 800 12 1
1120 800 1472394972094 1120 800 12 1
1120 800 1472394972124 1120 800 12 1
1119 801 1472394972154 1120 800 12 1
1119 801 1472394972184 1120 800 12 1
1119 801 1472394972214 1120 800 12 1
1119 801 1472394972244 1120 800 12 1
1119 801 1472394972274 1120 800 12 1
1119 801 1472394972304 1120 800 12 1
1119 801 1472394972334 1120 800 12 1
1119 801 1472394972364 1120 800 12 1
1119 801 1472394972394 1120 800 12 1
1119 801 1472394972424 1120 800 12 1
1119 800 1472394972454 1120 800 12 1
1119 800 1472394972484 1120 800 12 1
1119 800 1472394972514 1120 800 12 1
1119 800 1472394972544 1120 800 12 1
1119 800 1472394972574 1120 800 12 1
1119 800 1472394972604 1120 800 12 1
1119 800 1472394972634 1120 800 12 1
1120 799 1472394972664 1120 800 12 1
1120 799 1472394972694 720 800 12 0
1120 799 1472394972724 720 800 12 0
1120 799 1472394972754 720 800 12 0
1120 799 1472394972784 720 800 12 0
1120 799 1472394972814 720 800 12 0
1120 799 1472394972844 720 800 12 0
1120 799 1472394972874 720 800 12 0
1120 799 1472394972904 720 800 12 0
1120 799 1472394972934 720 800 12 0
1120 799 1472394972964 720 800 12 0
1120 799 1472394972994 720 800 12 0
1120 799 1472394973024 720 800 12 0
1120 799 1472394973054 720 800 12 0
1120 798 1472394973084 720 800 12 0
1117 797 1472394973114 720 800 12 0
1107 796 1472394973144 720 800 12 0
1081 795 1472394973174 720 800 12 0
1056 795 1472394973204 720 800 12 0
1043 797 1472394973234 720 800 12 0
1029 801 1472394973264 720 800 12 0
1009 805 1472394973294 720 800 12 0
984 810 1472394973324 720 800 12 0
967 814 1472394973354 720 800 12 0
945 821 1472394973384 720 800 12 0
928 824 1472394973414 720 800 12 0
912 826 1472394973444 720 800 12 0
901 827 1472394973474 720 800 12 0
888 828 1472394973504 720 800 12 0
875 829 1472394973534 720 800 12 0
860 832 1472394973564 720 800 12 0
842 836 1472394973594 720 800 12 0
829 839 1472394973624 720 800 12 0
823 840 1472394973654 720 800 12 0
811 840 1472394973684 720 800 12 0
801 841 1472394973714 720 800 12 0
792 841 1472394973744 720 800 12 0
788 840 1472394973774 720 800 12 0
781 840 1472394973804 720 800 12 0
772 840 1472394973834 720 800 12 0
766 840 1472394973864 720 800 12 0
764 839 1472394973894 720 800 12 0
763 838 1472394973924 720 800 12 0
761 836 1472394973954 720 800 12 0
758 834 1472394973984 720 800 12 0
755 831 1472394974014 720 800 12 0
751 828 1472394974044 720 800 12 0
746 826 1472394974074 720 800 12 0
741 824 1472394974104 720 800 12 0
739 822 1472394974134 720 800 12 0
736 820 1472394974164 720 800 12 0
733 820 1472394974194 720 800 12 0
730 819 1472394974224 720 800 12 0
727 818 1472394974254 720 800 12 0
725 818 1472394974284 720 800 12 0
723 817 1472394974314 720 800 12 0
722 816 1472394974344 720 800 12 0
719 814 1472394974374 720 800 12 0
716 812 1472394974404 720 800 12 0
715 811 1472394974434 720 800 12 0
713 810 1472394974464 720 800 12 0
713 809 1472394974494 720 800 12 0
713 807 1472394974524 720 800 12 0
714 806 1472394974554 720 800 12 0
715 804 1472394974584 720 800 12 0
716 803 1472394974614 720 800 12 0
717 803 1472394974644 720 800 12 0
718 802 1472394974674 720 800 12 0
718 802 1472394974704 720 800 12 0
719 802 1472394974734 720 800 12 1
720 802 1472394974764 720 800 12 1
720 801 1472394974794 720 800 12 1
720 801 1472394974824 720 800 12 1
720 801 1472394974854 720 800 12 1
720 801 1472394974884 720 800 12 1
720 801 1472394974914 720 800 12 1
720 801 1472394974944 720 800 12 1
720 801 1472394974974 720 800 12 1
720 801 1472394975004 720 800 12 1
720 801 1472394975034 720 800 12 1
720 800 1472394975064 720 800 12 1
720 800 1472394975094 720 800 12 1
720 799 1472394975124 720 800 12 1
720 799 1472394975154 720 800 12 1
720 799 1472394975184 720 800 12 1
720 799 1472394975214 720 800 12 1
720 799 1472394975244 720 800 12 1
720 799 1472394975274 720 800 12 1
720 799 1472394975304 720 800 12 1
720 799 1472394975334 720 800 12 1
720 800 1472394975364 720 800 12 1
720 800 1472394975394 720 800 12 1
720 800 1472394975424 720 800 12 1
720 800 1472394975454 720 800 12 1
720 801 1472394975484 720 800 12 1
720 802 1472394975514 720 800 12 1
720 803 1472394975544 720 800 12 0
720 803 1472394975574 720 800 12 0
720 803 1472394975604 720 800 12 0
720 803 1472394975634 720 800 12 0
720 803 1472394975664 720 800 12 0
720 803 1472394975694 720 800 12 0
720 803 1472394975724 720 800 12 0
720 803 1472394975754 720 800 12 0
720 803 1472394975784 720 800 12 0
720 803 1472394975814 720 800 12 0
720 803 1472394975844 720 800 12 0
720 803 1472394975874 720 800 12 0
720 803 1472394975904 720 800 12 0
720 803 1472394975934 720 800 12 0
720 803 1472394975964 720 800 12 0
720 803 1472394975994 720 800 12 0
720 803 1472394976024 720 800 12 0
719 803 1472394976054 720 800 12 0
719 802 1472394976084 720 800 12 1
719 802 1472394976114 720 800 12 1
719 801 1472394976144 720 800 12 1
719 801 1472394976174 720 800 12 1
719 801 1472394976204 720 800 12 1
719 801 1472394976234 720 800 12 1
719 801 1472394976264 720 800 12 1
719 801 1472394976294 720 800 12 1
719 801 1472394976324 720 800 12 1
719 801 1472394976354 720 800 12 1
719 801 1472394976384 720 800 12 1
719 801 1472394976414 720 800 12 1
719 801 1472394976444 720 800 12 1
719 801 1472394976474 720 800 12 1
719 801 1472394976504 720 800 12 1
719 801 1472394976534 720 800 12 1
719 801 1472394976564 720 800 12 1
719 801 1472394976594 720 800 12 1
719 801 1472394976624 720 800 12 1
719 801 1472394976654 720 800 12 1
719 801 1472394976684 720 800 12 1
719 801 1472394976714 720 800 12 1
719 801 1472394976744 720 800 12 1
719 801 1472394976774 720 800 12 1
719 801 1472394976804 720 800 12 1
719 801 1472394976834 720 800 12 1
719 801 1472394976864 720 800 12 1
719 801 1472394976894 720 800 12 1
719 801 1472394976924 720 800 12 1
719 801 1472394976954 720 800 12 1
719 801 1472394976984 720 800 12 1
719 801 1472394977014 720 800 12 1
719 801 1472394977044 720 800 12 1
719 801 1472394977074 720 800 12 1
