#2016.08.28 ap. J.-C. at 16:54:46 CEST
# player.x player.y time target.x target.y target.r insideTarget?
960 197 1472396086883 720 800 20 0
960 197 1472396086912 720 800 20 0
960 197 1472396086940 720 800 20 0
960 197 1472396086973 720 800 20 0
960 197 1472396087002 720 800 20 0
960 197 1472396087031 720 800 20 0
960 197 1472396087064 720 800 20 0
960 197 1472396087092 720 800 20 0
960 197 1472396087121 720 800 20 0
960 197 1472396087154 720 800 20 0
960 197 1472396087183 720 800 20 0
960 197 1472396087211 720 800 20 0
960 197 1472396087240 720 800 20 0
960 197 1472396087273 720 800 20 0
960 197 1472396087301 720 800 20 0
960 197 1472396087330 720 800 20 0
960 197 1472396087363 720 800 20 0
960 197 1472396087391 720 800 20 0
960 197 1472396087420 720 800 20 0
960 197 1472396087453 720 800 20 0
960 197 1472396087482 720 800 20 0
960 197 1472396087510 720 800 20 0
960 197 1472396087543 720 800 20 0
960 197 1472396087572 720 800 20 0
960 197 1472396087600 720 800 20 0
960 197 1472396087634 720 800 20 0
960 197 1472396087662 720 800 20 0
960 197 1472396087691 720 800 20 0
960 197 1472396087724 720 800 20 0
960 197 1472396087752 720 800 20 0
960 197 1472396087781 720 800 20 0
960 197 1472396087814 720 800 20 0
960 197 1472396087843 720 800 20 0
960 197 1472396087871 720 800 20 0
960 197 1472396087900 720 800 20 0
960 197 1472396087933 720 800 20 0
960 197 1472396087962 720 800 20 0
960 197 1472396087990 720 800 20 0
960 197 1472396088020 720 800 20 0
960 197 1472396088050 720 800 20 0
960 197 1472396088080 720 800 20 0
1446 283 1472396088110 720 800 20 0
1407 279 1472396088141 720 800 20 0
1286 269 1472396088171 720 800 20 0
1115 256 1472396088201 720 800 20 0
968 248 1472396088231 720 800 20 0
866 243 1472396088261 720 800 20 0
709 237 1472396088291 720 800 20 0
550 235 1472396088320 720 800 20 0
391 238 1472396088350 720 800 20 0
289 242 1472396088380 720 800 20 0
146 248 1472396088410 720 800 20 0
14 257 1472396088440 720 800 20 0
0 279 1472396088470 720 800 20 0
0 313 1472396088500 720 800 20 0
0 333 1472396088530 720 800 20 0
0 333 1472396088561 720 800 20 0
0 333 1472396088591 720 800 20 0
0 333 1472396088621 720 800 20 0
0 333 1472396088651 720 800 20 0
0 333 1472396088681 720 800 20 0
0 333 1472396088711 720 800 20 0
0 333 1472396088741 720 800 20 0
0 333 1472396088771 720 800 20 0
0 333 1472396088800 720 800 20 0
458 217 1472396088831 720 800 20 0
562 209 1472396088861 720 800 20 0
817 199 1472396088891 720 800 20 0
949 199 1472396088920 720 800 20 0
1148 204 1472396088950 720 800 20 0
1340 217 1472396088980 720 800 20 0
1514 237 1472396089010 720 800 20 0
1614 254 1472396089040 720 800 20 0
1649 265 1472396089070 720 800 20 0
1649 265 1472396089100 720 800 20 0
1649 265 1472396089130 720 800 20 0
1649 265 1472396089160 720 800 20 0
1649 265 1472396089190 720 800 20 0
1649 265 1472396089220 720 800 20 0
1649 265 1472396089250 720 800 20 0
1649 265 1472396089280 720 800 20 0
1649 265 1472396089310 720 800 20 0
1649 265 1472396089340 720 800 20 0
1649 265 1472396089370 720 800 20 0
1649 265 1472396089400 720 800 20 0
1608 1 1472396089430 720 800 20 0
1598 1 1472396089460 720 800 20 0
1537 1 1472396089490 720 800 20 0
1489 1 1472396089520 720 800 20 0
1443 1 1472396089550 720 800 20 0
1412 1 1472396089580 720 800 20 0
1378 1 1472396089610 720 800 20 0
1363 1 1472396089640 720 800 20 0
1363 1 1472396089670 720 800 20 0
1363 1 1472396089700 720 800 20 0
1363 1 1472396089730 720 800 20 0
1363 1 1472396089760 720 800 20 0
1363 1 1472396089790 720 800 20 0
1363 1 1472396089820 720 800 20 0
1313 1 1472396089850 720 800 20 0
1311 29 1472396089880 720 800 20 0
1309 100 1472396089910 720 800 20 0
1307 154 1472396089940 720 800 20 0
1304 243 1472396089970 720 800 20 0
1303 340 1472396090000 720 800 20 0
1302 443 1472396090030 720 800 20 0
1300 550 1472396090060 720 800 20 0
1295 659 1472396090090 720 800 20 0
1291 731 1472396090120 720 800 20 0
1282 834 1472396090150 720 800 20 0
1271 931 1472396090180 720 800 20 0
1263 1015 1472396090210 720 800 20 0
1255 1050 1472396090240 720 800 20 0
1249 1050 1472396090270 720 800 20 0
1249 1050 1472396090300 720 800 20 0
1249 1050 1472396090330 720 800 20 0
1249 1050 1472396090360 720 800 20 0
1249 1050 1472396090390 720 800 20 0
1249 1050 1472396090420 720 800 20 0
1249 1050 1472396090450 720 800 20 0
1258 1050 1472396090480 720 800 20 0
1258 1040 1472396090510 720 800 20 0
1259 987 1472396090540 720 800 20 0
1259 919 1472396090570 720 800 20 0
1258 843 1472396090600 720 800 20 0
1257 762 1472396090630 720 800 20 0
1259 703 1472396090660 720 800 20 0
1267 607 1472396090690 720 800 20 0
1275 512 1472396090720 720 800 20 0
1274 422 1472396090750 720 800 20 0
1267 337 1472396090780 720 800 20 0
1263 254 1472396090810 720 800 20 0
1263 201 1472396090840 720 800 20 0
1266 130 1472396090870 720 800 20 0
1265 73 1472396090900 720 800 20 0
1260 33 1472396090930 720 800 20 0
1255 10 1472396090960 720 800 20 0
1249 1 1472396090990 720 800 20 0
1244 1 1472396091020 720 800 20 0
1234 6 1472396091050 720 800 20 0
1223 11 1472396091080 720 800 20 0
1212 12 1472396091110 720 800 20 0
1200 10 1472396091140 720 800 20 0
1167 9 1472396091170 720 800 20 0
1113 13 1472396091200 720 800 20 0
1043 21 1472396091230 720 800 20 0
956 31 1472396091260 720 800 20 0
857 43 1472396091290 720 800 20 0
788 52 1472396091320 720 800 20 0
680 67 1472396091350 720 800 20 0
577 84 1472396091380 720 800 20 0
486 100 1472396091410 720 800 20 0
414 112 1472396091440 720 800 20 0
366 115 1472396091470 720 800 20 0
347 113 1472396091500 720 800 20 0
335 102 1472396091530 720 800 20 0
336 86 1472396091560 720 800 20 0
345 72 1472396091590 720 800 20 0
356 61 1472396091620 720 800 20 0
365 58 1472396091650 720 800 20 0
368 62 1472396091680 720 800 20 0
372 81 1472396091710 720 800 20 0
372 113 1472396091740 720 800 20 0
373 153 1472396091770 720 800 20 0
375 184 1472396091800 720 800 20 0
380 234 1472396091830 720 800 20 0
385 291 1472396091860 720 800 20 0
390 359 1472396091890 720 800 20 0
394 428 1472396091920 720 800 20 0
401 488 1472396091950 720 800 20 0
406 522 1472396091980 720 800 20 0
410 571 1472396092010 720 800 20 0
410 624 1472396092040 720 800 20 0
411 680 1472396092070 720 800 20 0
414 738 1472396092100 720 800 20 0
419 797 1472396092130 720 800 20 0
423 839 1472396092160 720 800 20 0
430 908 1472396092190 720 800 20 0
437 979 1472396092220 720 800 20 0
443 1037 1472396092250 720 800 20 0
449 1050 1472396092280 720 800 20 0
449 1050 1472396092310 720 800 20 0
449 1050 1472396092340 720 800 20 0
449 1050 1472396092370 720 800 20 0
449 1050 1472396092400 720 800 20 0
449 1050 1472396092430 720 800 20 0
449 1050 1472396092460 720 800 20 0
449 1050 1472396092490 720 800 20 0
449 1050 1472396092520 720 800 20 0
449 1050 1472396092550 720 800 20 0
449 1050 1472396092580 720 800 20 0
449 1050 1472396092610 720 800 20 0
449 1050 1472396092640 720 800 20 0
449 1050 1472396092670 720 800 20 0
449 1050 1472396092700 720 800 20 0
408 476 1472396092730 720 800 20 0
411 386 1472396092760 720 800 20 0
417 282 1472396092791 720 800 20 0
428 184 1472396092820 720 800 20 0
444 97 1472396092850 720 800 20 0
451 50 1472396092880 720 800 20 0
454 1 1472396092910 720 800 20 0
452 1 1472396092940 720 800 20 0
449 1 1472396092970 720 800 20 0
448 1 1472396093000 720 800 20 0
446 1 1472396093030 720 800 20 0
444 1 1472396093060 720 800 20 0
441 1 1472396093090 720 800 20 0
440 1 1472396093120 720 800 20 0
439 1 1472396093150 720 800 20 0
439 1 1472396093180 720 800 20 0
439 1 1472396093210 720 800 20 0
439 1 1472396093240 720 800 20 0
439 1 1472396093270 720 800 20 0
438 1 1472396093300 720 800 20 0
427 1 1472396093330 720 800 20 0
420 1 1472396093360 720 800 20 0
392 1 1472396093390 720 800 20 0
355 1 1472396093420 720 800 20 0
308 8 1472396093450 720 800 20 0
251 33 1472396093480 720 800 20 0
189 61 1472396093510 720 800 20 0
147 82 1472396093540 720 800 20 0
83 117 1472396093570 720 800 20 0
22 160 1472396093600 720 800 20 0
0 213 1472396093630 720 800 20 0
0 228 1472396093660 720 800 20 0
0 228 1472396093690 720 800 20 0
0 228 1472396093720 720 800 20 0
0 228 1472396093750 720 800 20 0
0 228 1472396093780 720 800 20 0
0 228 1472396093810 720 800 20 0
0 228 1472396093840 720 800 20 0
0 228 1472396093870 720 800 20 0
0 228 1472396093900 720 800 20 0
0 228 1472396093930 720 800 20 0
0 228 1472396093960 720 800 20 0
0 228 1472396093990 720 800 20 0
0 228 1472396094020 720 800 20 0
0 228 1472396094050 720 800 20 0
0 228 1472396094080 720 800 20 0
0 228 1472396094110 720 800 20 0
0 228 1472396094140 720 800 20 0
0 228 1472396094170 720 800 20 0
0 228 1472396094200 720 800 20 0
0 228 1472396094230 720 800 20 0
0 228 1472396094260 720 800 20 0
0 228 1472396094290 720 800 20 0
0 228 1472396094320 720 800 20 0
0 228 1472396094350 720 800 20 0
0 228 1472396094380 720 800 20 0
0 228 1472396094410 720 800 20 0
0 228 1472396094440 720 800 20 0
0 228 1472396094470 720 800 20 0
79 446 1472396094500 720 800 20 0
174 435 1472396094530 720 800 20 0
301 425 1472396094560 720 800 20 0
443 418 1472396094590 720 800 20 0
543 417 1472396094620 720 800 20 0
699 418 1472396094650 720 800 20 0
860 423 1472396094680 720 800 20 0
1021 428 1472396094710 720 800 20 0
1125 432 1472396094740 720 800 20 0
1268 440 1472396094770 720 800 20 0
1389 450 1472396094800 720 800 20 0
1482 461 1472396094830 720 800 20 0
1553 469 1472396094860 720 800 20 0
1603 473 1472396094890 720 800 20 0
1626 474 1472396094920 720 800 20 0
1648 474 1472396094950 720 800 20 0
1664 472 1472396094980 720 800 20 0
1675 469 1472396095010 720 800 20 0
1679 467 1472396095040 720 800 20 0
1679 467 1472396095070 720 800 20 0
1679 467 1472396095100 720 800 20 0
1679 468 1472396095130 720 800 20 0
1679 469 1472396095160 720 800 20 0
1679 469 1472396095190 720 800 20 0
1679 469 1472396095220 720 800 20 0
1679 468 1472396095250 720 800 20 0
1679 466 1472396095280 720 800 20 0
1670 464 1472396095310 720 800 20 0
1623 467 1472396095340 720 800 20 0
1559 471 1472396095370 720 800 20 0
1513 473 1472396095400 720 800 20 0
1432 473 1472396095430 720 800 20 0
1325 473 1472396095460 720 800 20 0
1199 473 1472396095490 720 800 20 0
1061 472 1472396095520 720 800 20 0
914 473 1472396095550 720 800 20 0
813 475 1472396095580 720 800 20 0
659 480 1472396095610 720 800 20 0
507 490 1472396095640 720 800 20 0
362 506 1472396095670 720 800 20 0
228 528 1472396095700 720 800 20 0
105 555 1472396095730 720 800 20 0
37 576 1472396095760 720 800 20 0
0 606 1472396095790 720 800 20 0
0 606 1472396095820 720 800 20 0
0 606 1472396095850 720 800 20 0
0 606 1472396095880 720 800 20 0
0 606 1472396095910 720 800 20 0
0 606 1472396095940 720 800 20 0
0 606 1472396095970 720 800 20 0
0 606 1472396096000 720 800 20 0
0 606 1472396096030 720 800 20 0
0 606 1472396096060 720 800 20 0
0 606 1472396096090 720 800 20 0
0 606 1472396096120 720 800 20 0
0 606 1472396096150 720 800 20 0
0 606 1472396096180 720 800 20 0
0 606 1472396096210 720 800 20 0
0 606 1472396096240 720 800 20 0
0 606 1472396096270 720 800 20 0
0 606 1472396096300 720 800 20 0
0 606 1472396096330 720 800 20 0
0 606 1472396096360 720 800 20 0
0 606 1472396096390 720 800 20 0
0 606 1472396096420 720 800 20 0
0 606 1472396096450 720 800 20 0
0 606 1472396096480 720 800 20 0
0 606 1472396096510 720 800 20 0
0 606 1472396096540 720 800 20 0
0 606 1472396096570 720 800 20 0
0 606 1472396096600 720 800 20 0
0 606 1472396096630 720 800 20 0
0 606 1472396096660 720 800 20 0
0 606 1472396096690 720 800 20 0
0 606 1472396096720 720 800 20 0
0 606 1472396096750 720 800 20 0
0 606 1472396096780 720 800 20 0
0 606 1472396096810 720 800 20 0
0 606 1472396096840 720 800 20 0
0 918 1472396096870 720 800 20 0
51 900 1472396096900 720 800 20 0
131 877 1472396096930 720 800 20 0
191 857 1472396096960 720 800 20 0
293 825 1472396096990 720 800 20 0
402 795 1472396097020 720 800 20 0
517 770 1472396097050 720 800 20 0
598 753 1472396097080 720 800 20 0
727 731 1472396097110 720 800 20 0
858 714 1472396097140 720 800 20 0
988 702 1472396097170 720 800 20 0
1113 694 1472396097200 720 800 20 0
1230 690 1472396097230 720 800 20 0
1302 689 1472396097260 720 800 20 0
1401 689 1472396097290 720 800 20 0
1485 691 1472396097320 720 800 20 0
1549 695 1472396097350 720 800 20 0
1593 700 1472396097380 720 800 20 0
1619 707 1472396097410 720 800 20 0
1629 712 1472396097440 720 800 20 0
1637 719 1472396097470 720 800 20 0
1643 724 1472396097500 720 800 20 0
1647 728 1472396097530 720 800 20 0
1648 731 1472396097560 720 800 20 0
1648 732 1472396097590 720 800 20 0
1647 732 1472396097620 720 800 20 0
1642 726 1472396097650 720 800 20 0
1626 715 1472396097680 720 800 20 0
1606 711 1472396097710 720 800 20 0
1587 711 1472396097740 720 800 20 0
1587 711 1472396097770 720 800 20 0
1587 711 1472396097800 720 800 20 0
1587 711 1472396097830 720 800 20 0
1587 711 1472396097860 720 800 20 0
1587 711 1472396097890 720 800 20 0
1587 711 1472396097920 720 800 20 0
1587 711 1472396097950 720 800 20 0
1587 711 1472396097980 720 800 20 0
1587 711 1472396098010 720 800 20 0
1587 711 1472396098040 720 800 20 0
1587 711 1472396098070 720 800 20 0
1587 711 1472396098100 720 800 20 0
1587 711 1472396098130 720 800 20 0
1587 711 1472396098160 720 800 20 0
1587 711 1472396098190 720 800 20 0
640 831 1472396098220 720 800 20 0
633 830 1472396098250 720 800 20 0
611 810 1472396098280 720 800 20 0
600 795 1472396098310 720 800 20 0
589 791 1472396098340 720 800 20 0
577 790 1472396098370 720 800 20 0
569 790 1472396098400 720 800 20 0
557 788 1472396098430 720 800 20 0
546 782 1472396098460 720 800 20 0
540 772 1472396098490 720 800 20 0
538 760 1472396098520 720 800 20 0
543 751 1472396098550 720 800 20 0
547 748 1472396098580 720 800 20 0
557 744 1472396098610 720 800 20 0
572 742 1472396098640 720 800 20 0
594 744 1472396098670 720 800 20 0
610 747 1472396098700 720 800 20 0
632 755 1472396098730 720 800 20 0
647 765 1472396098760 720 800 20 0
654 775 1472396098790 720 800 20 0
656 782 1472396098820 720 800 20 0
656 786 1472396098850 720 800 20 0
656 786 1472396098880 720 800 20 0
657 784 1472396098910 720 800 20 0
660 781 1472396098940 720 800 20 0
665 778 1472396098970 720 800 20 0
673 778 1472396099000 720 800 20 0
683 778 1472396099030 720 800 20 0
690 780 1472396099060 720 800 20 0
698 783 1472396099090 720 800 20 0
702 786 1472396099120 720 800 20 0
705 791 1472396099150 720 800 20 0
706 794 1472396099180 720 800 20 0
706 802 1472396099210 720 800 20 0
708 805 1472396099240 720 800 20 0
712 808 1472396099270 720 800 20 0
717 808 1472396099300 720 800 20 1
721 807 1472396099330 720 800 20 1
721 807 1472396099360 720 800 20 1
722 806 1472396099390 720 800 20 1
722 803 1472396099420 720 800 20 1
722 801 1472396099450 720 800 20 1
722 800 1472396099480 720 800 20 1
722 799 1472396099510 720 800 20 1
722 799 1472396099540 720 800 20 1
723 800 1472396099570 720 800 20 1
723 801 1472396099600 720 800 20 1
723 802 1472396099630 720 800 20 1
723 803 1472396099660 720 800 20 1
723 803 1472396099690 720 800 20 1
722 803 1472396099720 720 800 20 1
722 803 1472396099750 720 800 20 1
722 803 1472396099780 720 800 20 1
722 803 1472396099810 720 800 20 1
722 803 1472396099840 720 800 20 1
722 803 1472396099870 720 800 20 1
722 803 1472396099900 720 800 20 1
722 803 1472396099930 720 800 20 1
722 803 1472396099960 720 800 20 1
722 803 1472396099990 720 800 20 1
722 803 1472396100020 720 800 20 1
722 803 1472396100050 720 800 20 1
722 803 1472396100080 720 800 20 1
722 803 1472396100110 720 800 20 1
718 803 1472396100140 720 800 20 1
709 797 1472396100170 720 800 20 0
706 794 1472396100200 720 800 20 0
706 794 1472396100230 720 800 20 0
706 794 1472396100260 720 800 20 0
706 794 1472396100290 720 800 20 0
706 794 1472396100320 720 800 20 0
706 794 1472396100350 720 800 20 0
706 794 1472396100380 720 800 20 0
706 794 1472396100410 720 800 20 0
706 794 1472396100440 720 800 20 0
706 794 1472396100470 720 800 20 0
706 794 1472396100500 720 800 20 0
706 794 1472396100530 720 800 20 0
706 794 1472396100560 720 800 20 0
706 794 1472396100590 720 800 20 0
706 794 1472396100620 720 800 20 0
706 794 1472396100650 720 800 20 0
706 794 1472396100680 720 800 20 0
706 794 1472396100710 720 800 20 0
706 794 1472396100740 720 800 20 0
706 794 1472396100770 720 800 20 0
706 794 1472396100800 720 800 20 0
706 794 1472396100830 720 800 20 0
706 794 1472396100860 720 800 20 0
706 794 1472396100890 720 800 20 0
706 794 1472396100920 720 800 20 0
706 794 1472396100950 720 800 20 0
706 794 1472396100980 720 800 20 0
706 794 1472396101010 720 800 20 0
706 794 1472396101040 720 800 20 0
706 794 1472396101070 720 800 20 0
706 794 1472396101100 720 800 20 0
706 794 1472396101130 720 800 20 0
706 794 1472396101160 720 800 20 0
706 794 1472396101190 720 800 20 0
706 794 1472396101220 720 800 20 0
595 760 1472396101250 720 800 20 0
595 760 1472396101280 720 800 20 0
587 761 1472396101310 720 800 20 0
588 765 1472396101340 720 800 20 0
593 767 1472396101370 720 800 20 0
598 767 1472396101400 720 800 20 0
609 765 1472396101430 720 800 20 0
621 764 1472396101460 720 800 20 0
632 764 1472396101490 720 800 20 0
637 765 1472396101520 720 800 20 0
641 767 1472396101550 720 800 20 0
642 768 1472396101580 720 800 20 0
643 771 1472396101610 720 800 20 0
646 775 1472396101640 720 800 20 0
654 781 1472396101670 720 800 20 0
662 785 1472396101700 720 800 20 0
673 790 1472396101730 720 800 20 0
683 796 1472396101760 720 800 20 0
691 802 1472396101790 720 800 20 0
698 807 1472396101820 720 800 20 0
703 808 1472396101850 720 800 20 0
706 808 1472396101880 720 800 20 0
707 807 1472396101910 720 800 20 0
708 804 1472396101940 720 800 20 0
706 800 1472396101970 720 800 20 0
705 798 1472396102000 720 800 20 0
706 796 1472396102030 720 800 20 0
707 796 1472396102060 720 800 20 0
711 795 1472396102090 720 800 20 0
716 796 1472396102120 720 800 20 1
721 799 1472396102150 720 800 20 1
723 800 1472396102180 720 800 20 1
725 803 1472396102210 720 800 20 1
726 805 1472396102240 720 800 20 1
726 806 1472396102270 720 800 20 1
725 806 1472396102300 720 800 20 1
724 806 1472396102330 720 800 20 1
723 806 1472396102360 720 800 20 1
721 806 1472396102390 720 800 20 1
720 806 1472396102420 720 800 20 1
720 805 1472396102450 720 800 20 1
720 805 1472396102480 720 800 20 1
720 805 1472396102510 720 800 20 1
720 805 1472396102540 720 800 20 1
720 805 1472396102570 720 800 20 1
721 805 1472396102600 720 800 20 1
722 805 1472396102630 720 800 20 1
724 805 1472396102660 720 800 20 1
724 806 1472396102690 720 800 20 1
724 806 1472396102720 720 800 20 1
724 806 1472396102750 720 800 20 1
725 806 1472396102780 720 800 20 1
725 806 1472396102810 720 800 20 1
725 806 1472396102840 720 800 20 1
725 806 1472396102870 720 800 20 1
725 806 1472396102900 720 800 20 1
725 806 1472396102930 720 800 20 1
725 806 1472396102960 720 800 20 1
725 806 1472396102990 720 800 20 1
725 806 1472396103020 720 800 20 1
725 806 1472396103050 720 800 20 1
725 806 1472396103080 720 800 20 1
725 806 1472396103110 20 800 52 0
725 805 1472396103140 20 800 52 0
724 805 1472396103170 20 800 52 0
724 804 1472396103200 20 800 52 0
724 804 1472396103230 20 800 52 0
724 804 1472396103260 20 800 52 0
724 804 1472396103290 20 800 52 0
723 804 1472396103320 20 800 52 0
723 803 1472396103350 20 800 52 0
723 803 1472396103380 20 800 52 0
723 803 1472396103410 20 800 52 0
723 803 1472396103440 20 800 52 0
723 803 1472396103470 20 800 52 0
723 803 1472396103500 20 800 52 0
723 803 1472396103530 20 800 52 0
723 803 1472396103560 20 800 52 0
723 803 1472396103590 20 800 52 0
718 800 1472396103620 20 800 52 0
706 797 1472396103650 20 800 52 0
693 797 1472396103680 20 800 52 0
665 800 1472396103710 20 800 52 0
632 804 1472396103740 20 800 52 0
596 805 1472396103770 20 800 52 0
563 801 1472396103800 20 800 52 0
536 794 1472396103830 20 800 52 0
518 791 1472396103860 20 800 52 0
491 790 1472396103890 20 800 52 0
462 796 1472396103920 20 800 52 0
431 806 1472396103950 20 800 52 0
400 815 1472396103980 20 800 52 0
372 820 1472396104010 20 800 52 0
354 821 1472396104040 20 800 52 0
329 820 1472396104070 20 800 52 0
306 817 1472396104100 20 800 52 0
286 812 1472396104130 20 800 52 0
273 808 1472396104160 20 800 52 0
254 802 1472396104190 20 800 52 0
231 798 1472396104220 20 800 52 0
206 798 1472396104250 20 800 52 0
179 803 1472396104280 20 800 52 0
154 810 1472396104310 20 800 52 0
139 814 1472396104340 20 800 52 0
122 816 1472396104370 20 800 52 0
110 816 1472396104400 20 800 52 0
102 814 1472396104430 20 800 52 0
98 809 1472396104460 20 800 52 0
95 804 1472396104490 20 800 52 0
91 801 1472396104520 20 800 52 0
83 798 1472396104550 20 800 52 0
71 797 1472396104580 20 800 52 0
57 796 1472396104610 20 800 52 1
46 794 1472396104640 20 800 52 1
38 792 1472396104670 20 800 52 1
34 790 1472396104700 20 800 52 1
31 789 1472396104730 20 800 52 1
30 788 1472396104760 20 800 52 1
30 788 1472396104790 20 800 52 1
30 788 1472396104820 20 800 52 1
32 788 1472396104850 20 800 52 1
37 786 1472396104880 20 800 52 1
41 784 1472396104910 20 800 52 1
43 782 1472396104940 20 800 52 1
43 781 1472396104970 20 800 52 1
43 781 1472396105000 20 800 52 1
43 781 1472396105030 20 800 52 1
43 781 1472396105060 20 800 52 1
43 781 1472396105090 20 800 52 1
43 781 1472396105120 20 800 52 1
43 781 1472396105150 20 800 52 1
43 781 1472396105180 20 800 52 1
43 781 1472396105210 20 800 52 1
43 781 1472396105240 20 800 52 1
43 781 1472396105270 20 800 52 1
43 781 1472396105300 20 800 52 1
43 781 1472396105330 20 800 52 1
43 781 1472396105360 20 800 52 1
43 781 1472396105390 20 800 52 1
43 781 1472396105420 20 800 52 1
43 781 1472396105450 20 800 52 1
43 781 1472396105480 20 800 52 1
43 781 1472396105510 20 800 52 1
43 781 1472396105540 20 800 52 1
43 781 1472396105570 20 800 52 1
43 781 1472396105600 20 800 52 1
43 781 1472396105630 20 800 52 1
43 781 1472396105660 720 800 56 0
43 781 1472396105690 720 800 56 0
43 781 1472396105720 720 800 56 0
43 781 1472396105750 720 800 56 0
43 781 1472396105780 720 800 56 0
43 781 1472396105810 720 800 56 0
43 781 1472396105840 720 800 56 0
43 781 1472396105870 720 800 56 0
43 781 1472396105900 720 800 56 0
43 781 1472396105930 720 800 56 0
43 781 1472396105960 720 800 56 0
44 781 1472396105990 720 800 56 0
48 780 1472396106020 720 800 56 0
66 772 1472396106050 720 800 56 0
95 762 1472396106080 720 800 56 0
134 752 1472396106110 720 800 56 0
168 748 1472396106140 720 800 56 0
230 746 1472396106170 720 800 56 0
306 746 1472396106200 720 800 56 0
386 746 1472396106230 720 800 56 0
466 745 1472396106260 720 800 56 0
541 743 1472396106290 720 800 56 0
586 744 1472396106320 720 800 56 0
641 749 1472396106350 720 800 56 0
681 759 1472396106380 720 800 56 0
704 771 1472396106410 720 800 56 1
711 782 1472396106440 720 800 56 1
705 792 1472396106470 720 800 56 1
696 796 1472396106500 720 800 56 1
682 800 1472396106530 720 800 56 1
674 801 1472396106560 720 800 56 1
674 801 1472396106590 720 800 56 1
678 802 1472396106620 720 800 56 1
687 805 1472396106650 720 800 56 1
696 808 1472396106680 720 800 56 1
711 812 1472396106710 720 800 56 1
727 814 1472396106740 720 800 56 1
739 813 1472396106770 720 800 56 1
743 813 1472396106800 720 800 56 1
743 813 1472396106830 720 800 56 1
741 812 1472396106860 720 800 56 1
736 812 1472396106890 720 800 56 1
730 812 1472396106920 720 800 56 1
725 813 1472396106950 720 800 56 1
723 813 1472396106980 720 800 56 1
720 813 1472396107010 720 800 56 1
720 813 1472396107040 720 800 56 1
720 813 1472396107070 720 800 56 1
720 813 1472396107100 720 800 56 1
722 813 1472396107130 720 800 56 1
722 814 1472396107160 720 800 56 1
722 814 1472396107190 720 800 56 1
722 814 1472396107220 720 800 56 1
722 814 1472396107250 720 800 56 1
722 814 1472396107280 720 800 56 1
722 814 1472396107310 720 800 56 1
722 814 1472396107340 720 800 56 1
722 814 1472396107370 720 800 56 1
722 814 1472396107400 720 800 56 1
722 814 1472396107430 225 305 48 0
722 814 1472396107460 225 305 48 0
722 814 1472396107490 225 305 48 0
722 814 1472396107520 225 305 48 0
722 814 1472396107550 225 305 48 0
722 814 1472396107580 225 305 48 0
722 814 1472396107610 225 305 48 0
722 814 1472396107640 225 305 48 0
722 814 1472396107670 225 305 48 0
722 814 1472396107700 225 305 48 0
722 813 1472396107730 225 305 48 0
720 807 1472396107760 225 305 48 0
714 794 1472396107790 225 305 48 0
707 783 1472396107820 225 305 48 0
692 763 1472396107850 225 305 48 0
669 736 1472396107880 225 305 48 0
639 697 1472396107910 225 305 48 0
607 646 1472396107940 225 305 48 0
577 588 1472396107970 225 305 48 0
555 549 1472396108000 225 305 48 0
516 498 1472396108030 225 305 48 0
473 458 1472396108060 225 305 48 0
438 421 1472396108090 225 305 48 0
419 399 1472396108120 225 305 48 0
396 369 1472396108150 225 305 48 0
381 345 1472396108180 225 305 48 0
370 333 1472396108210 225 305 48 0
362 328 1472396108240 225 305 48 0
354 327 1472396108270 225 305 48 0
348 327 1472396108300 225 305 48 0
335 327 1472396108330 225 305 48 0
317 328 1472396108360 225 305 48 0
296 328 1472396108390 225 305 48 0
274 328 1472396108420 225 305 48 0
254 325 1472396108450 225 305 48 1
243 322 1472396108480 225 305 48 1
235 316 1472396108510 225 305 48 1
233 309 1472396108540 225 305 48 1
235 306 1472396108570 225 305 48 1
237 304 1472396108600 225 305 48 1
238 304 1472396108630 225 305 48 1
238 304 1472396108660 225 305 48 1
238 305 1472396108690 225 305 48 1
237 306 1472396108720 225 305 48 1
237 306 1472396108750 225 305 48 1
236 306 1472396108780 225 305 48 1
236 307 1472396108810 225 305 48 1
236 307 1472396108840 225 305 48 1
236 307 1472396108870 225 305 48 1
236 307 1472396108900 225 305 48 1
236 307 1472396108930 225 305 48 1
236 307 1472396108960 225 305 48 1
236 307 1472396108990 225 305 48 1
236 307 1472396109020 225 305 48 1
236 307 1472396109050 225 305 48 1
236 307 1472396109080 225 305 48 1
236 307 1472396109110 225 305 48 1
236 307 1472396109140 225 305 48 1
236 307 1472396109170 225 305 48 1
236 307 1472396109200 225 305 48 1
236 307 1472396109230 225 305 48 1
236 307 1472396109260 225 305 48 1
236 307 1472396109290 225 305 48 1
236 307 1472396109320 225 305 48 1
236 307 1472396109350 225 305 48 1
236 307 1472396109380 225 305 48 1
236 307 1472396109410 225 305 48 1
236 307 1472396109440 225 305 48 1
236 307 1472396109470 225 305 48 1
236 307 1472396109500 720 800 57 0
236 307 1472396109530 720 800 57 0
236 307 1472396109560 720 800 57 0
236 307 1472396109590 720 800 57 0
236 307 1472396109620 720 800 57 0
236 307 1472396109650 720 800 57 0
236 307 1472396109680 720 800 57 0
236 307 1472396109710 720 800 57 0
236 307 1472396109740 720 800 57 0
244 312 1472396109770 720 800 57 0
257 317 1472396109800 720 800 57 0
287 327 1472396109830 720 800 57 0
325 345 1472396109860 720 800 57 0
375 382 1472396109890 720 800 57 0
437 434 1472396109920 720 800 57 0
508 494 1472396109950 720 800 57 0
556 534 1472396109980 720 800 57 0
619 592 1472396110010 720 800 57 0
668 644 1472396110040 720 800 57 0
697 689 1472396110070 720 800 57 0
707 713 1472396110100 720 800 57 0
712 737 1472396110130 720 800 57 0
711 747 1472396110160 720 800 57 0
704 751 1472396110190 720 800 57 0
696 754 1472396110220 720 800 57 0
694 759 1472396110250 720 800 57 0
696 764 1472396110280 720 800 57 1
702 773 1472396110310 720 800 57 1
712 784 1472396110340 720 800 57 1
723 797 1472396110370 720 800 57 1
735 810 1472396110400 720 800 57 1
745 819 1472396110430 720 800 57 1
748 823 1472396110460 720 800 57 1
749 824 1472396110490 720 800 57 1
748 823 1472396110520 720 800 57 1
746 821 1472396110550 720 800 57 1
742 818 1472396110580 720 800 57 1
739 816 1472396110610 720 800 57 1
739 815 1472396110640 720 800 57 1
738 815 1472396110670 720 800 57 1
738 815 1472396110700 720 800 57 1
739 815 1472396110730 720 800 57 1
739 816 1472396110760 720 800 57 1
739 816 1472396110790 720 800 57 1
739 816 1472396110820 720 800 57 1
739 816 1472396110850 720 800 57 1
739 816 1472396110880 720 800 57 1
739 816 1472396110910 720 800 57 1
739 816 1472396110940 720 800 57 1
739 816 1472396110970 720 800 57 1
739 816 1472396111000 720 800 57 1
739 816 1472396111030 720 800 57 1
739 816 1472396111060 720 800 57 1
739 816 1472396111090 720 800 57 1
739 816 1472396111120 720 800 57 1
739 816 1472396111150 720 800 57 1
739 816 1472396111180 720 800 57 1
739 816 1472396111210 720 800 57 1
739 816 1472396111240 720 800 57 1
739 816 1472396111270 720 800 57 1
739 816 1472396111300 720 100 49 0
739 816 1472396111330 720 100 49 0
739 816 1472396111360 720 100 49 0
739 816 1472396111390 720 100 49 0
739 816 1472396111420 720 100 49 0
739 816 1472396111450 720 100 49 0
739 816 1472396111480 720 100 49 0
739 816 1472396111510 720 100 49 0
739 816 1472396111540 720 100 49 0
739 815 1472396111570 720 100 49 0
739 812 1472396111600 720 100 49 0
739 794 1472396111630 720 100 49 0
745 754 1472396111660 720 100 49 0
752 700 1472396111690 720 100 49 0
756 639 1472396111720 720 100 49 0
758 574 1472396111750 720 100 49 0
761 527 1472396111780 720 100 49 0
768 451 1472396111810 720 100 49 0
778 373 1472396111840 720 100 49 0
786 300 1472396111870 720 100 49 0
790 256 1472396111900 720 100 49 0
790 199 1472396111930 720 100 49 0
784 154 1472396111960 720 100 49 0
774 127 1472396111990 720 100 49 0
763 112 1472396112020 720 100 49 0
751 105 1472396112050 720 100 49 1
744 104 1472396112080 720 100 49 1
735 103 1472396112110 720 100 49 1
730 100 1472396112140 720 100 49 1
725 92 1472396112170 720 100 49 1
721 82 1472396112200 720 100 49 1
718 75 1472396112230 720 100 49 1
715 72 1472396112260 720 100 49 1
714 71 1472396112290 720 100 49 1
713 71 1472396112320 720 100 49 1
716 73 1472396112350 720 100 49 1
718 77 1472396112380 720 100 49 1
720 79 1472396112410 720 100 49 1
721 80 1472396112440 720 100 49 1
722 81 1472396112470 720 100 49 1
722 81 1472396112500 720 100 49 1
722 81 1472396112530 720 100 49 1
722 81 1472396112560 720 100 49 1
722 81 1472396112590 720 100 49 1
722 81 1472396112620 720 100 49 1
722 81 1472396112650 720 100 49 1
722 81 1472396112680 720 100 49 1
722 80 1472396112710 720 100 49 1
722 80 1472396112740 720 100 49 1
722 80 1472396112770 720 100 49 1
722 80 1472396112800 720 100 49 1
722 80 1472396112830 720 100 49 1
722 80 1472396112860 720 100 49 1
722 80 1472396112890 720 100 49 1
722 80 1472396112920 720 100 49 1
722 80 1472396112950 720 100 49 1
722 80 1472396112980 720 100 49 1
722 80 1472396113010 720 100 49 1
722 80 1472396113040 720 100 49 1
722 80 1472396113070 720 800 56 0
722 80 1472396113100 720 800 56 0
722 80 1472396113130 720 800 56 0
722 80 1472396113160 720 800 56 0
722 79 1472396113190 720 800 56 0
722 79 1472396113220 720 800 56 0
722 79 1472396113250 720 800 56 0
722 79 1472396113280 720 800 56 0
722 85 1472396113310 720 800 56 0
720 119 1472396113340 720 800 56 0
714 156 1472396113370 720 800 56 0
700 228 1472396113400 720 800 56 0
691 314 1472396113430 720 800 56 0
690 403 1472396113460 720 800 56 0
700 486 1472396113490 720 800 56 0
712 560 1472396113520 720 800 56 0
722 621 1472396113550 720 800 56 0
727 651 1472396113580 720 800 56 0
731 680 1472396113610 720 800 56 0
732 690 1472396113640 720 800 56 0
732 691 1472396113670 720 800 56 0
732 691 1472396113700 720 800 56 0
730 691 1472396113730 720 800 56 0
729 695 1472396113760 720 800 56 0
727 707 1472396113790 720 800 56 0
724 726 1472396113820 720 800 56 0
723 743 1472396113850 720 800 56 0
723 752 1472396113880 720 800 56 0
725 761 1472396113910 720 800 56 1
727 765 1472396113940 720 800 56 1
727 765 1472396113970 720 800 56 1
727 765 1472396114000 720 800 56 1
727 765 1472396114030 720 800 56 1
727 765 1472396114060 720 800 56 1
727 765 1472396114090 720 800 56 1
728 771 1472396114120 720 800 56 1
727 781 1472396114150 720 800 56 1
724 793 1472396114180 720 800 56 1
721 800 1472396114210 720 800 56 1
720 801 1472396114240 720 800 56 1
718 801 1472396114270 720 800 56 1
716 800 1472396114300 720 800 56 1
715 799 1472396114330 720 800 56 1
714 798 1472396114360 720 800 56 1
714 797 1472396114390 720 800 56 1
714 797 1472396114420 720 800 56 1
714 797 1472396114450 720 800 56 1
714 797 1472396114480 720 800 56 1
714 797 1472396114510 720 800 56 1
714 797 1472396114540 720 800 56 1
714 797 1472396114570 720 800 56 1
714 797 1472396114600 720 800 56 1
714 797 1472396114630 720 800 56 1
714 797 1472396114660 720 800 56 1
714 797 1472396114690 720 800 56 1
714 797 1472396114720 720 800 56 1
714 797 1472396114750 720 800 56 1
714 797 1472396114780 720 800 56 1
714 797 1472396114810 720 800 56 1
714 797 1472396114840 720 800 56 1
714 797 1472396114870 720 800 56 1
714 797 1472396114900 720 800 56 1
714 797 1472396114930 1215 305 53 0
714 797 1472396114960 1215 305 53 0
714 797 1472396114990 1215 305 53 0
715 797 1472396115020 1215 305 53 0
715 797 1472396115050 1215 305 53 0
715 797 1472396115080 1215 305 53 0
715 797 1472396115110 1215 305 53 0
715 797 1472396115140 1215 305 53 0
716 795 1472396115170 1215 305 53 0
720 787 1472396115200 1215 305 53 0
739 756 1472396115230 1215 305 53 0
768 712 1472396115260 1215 305 53 0
795 673 1472396115290 1215 305 53 0
820 637 1472396115320 1215 305 53 0
859 587 1472396115350 1215 305 53 0
897 544 1472396115380 1215 305 53 0
962 479 1472396115410 1215 305 53 0
1025 423 1472396115440 1215 305 53 0
1080 379 1472396115470 1215 305 53 0
1124 343 1472396115500 1215 305 53 0
1153 314 1472396115530 1215 305 53 0
1162 301 1472396115560 1215 305 53 0
1162 290 1472396115590 1215 305 53 0
1154 285 1472396115620 1215 305 53 0
1149 285 1472396115650 1215 305 53 0
1148 285 1472396115680 1215 305 53 0
1149 285 1472396115710 1215 305 53 0
1156 285 1472396115740 1215 305 53 0
1173 281 1472396115770 1215 305 53 0
1201 273 1472396115800 1215 305 53 1
1234 263 1472396115830 1215 305 53 0
1251 259 1472396115860 1215 305 53 0
1259 257 1472396115890 1215 305 53 0
1256 259 1472396115920 1215 305 53 0
1250 265 1472396115950 1215 305 53 0
1241 272 1472396115980 1215 305 53 1
1228 279 1472396116010 1215 305 53 1
1219 283 1472396116040 1215 305 53 1
1205 288 1472396116070 1215 305 53 1
1193 292 1472396116100 1215 305 53 1
1188 295 1472396116130 1215 305 53 1
1187 296 1472396116160 1215 305 53 1
1191 296 1472396116190 1215 305 53 1
1193 296 1472396116220 1215 305 53 1
1195 295 1472396116250 1215 305 53 1
1196 295 1472396116280 1215 305 53 1
1197 295 1472396116310 1215 305 53 1
1198 295 1472396116340 1215 305 53 1
1199 296 1472396116370 1215 305 53 1
1199 297 1472396116400 1215 305 53 1
1200 300 1472396116430 1215 305 53 1
1200 302 1472396116460 1215 305 53 1
1200 304 1472396116490 1215 305 53 1
1200 304 1472396116520 1215 305 53 1
1200 304 1472396116550 1215 305 53 1
1200 304 1472396116580 1215 305 53 1
1200 303 1472396116610 1215 305 53 1
1201 302 1472396116640 1215 305 53 1
1203 301 1472396116670 1215 305 53 1
1204 301 1472396116700 1215 305 53 1
1205 301 1472396116730 1215 305 53 1
1207 301 1472396116760 1215 305 53 1
1208 301 1472396116790 1215 305 53 1
1209 302 1472396116820 1215 305 53 1
1210 302 1472396116850 1215 305 53 1
1210 302 1472396116880 1215 305 53 1
1211 302 1472396116910 1215 305 53 1
1212 303 1472396116940 1215 305 53 1
1215 304 1472396116970 1215 305 53 1
1217 305 1472396117000 1215 305 53 1
1218 305 1472396117030 720 800 53 0
1218 305 1472396117060 720 800 53 0
1218 305 1472396117090 720 800 53 0
1218 305 1472396117120 720 800 53 0
1218 305 1472396117150 720 800 53 0
1218 305 1472396117180 720 800 53 0
1218 305 1472396117210 720 800 53 0
1218 305 1472396117240 720 800 53 0
1218 305 1472396117270 720 800 53 0
1218 305 1472396117300 720 800 53 0
1218 305 1472396117330 720 800 53 0
1218 305 1472396117360 720 800 53 0
1218 305 1472396117390 720 800 53 0
1218 305 1472396117420 720 800 53 0
1213 307 1472396117450 720 800 53 0
1192 315 1472396117480 720 800 53 0
1154 332 1472396117510 720 800 53 0
1123 348 1472396117540 720 800 53 0
1063 381 1472396117570 720 800 53 0
989 422 1472396117600 720 800 53 0
914 468 1472396117630 720 800 53 0
849 509 1472396117660 720 800 53 0
815 533 1472396117690 720 800 53 0
781 561 1472396117720 720 800 53 0
767 578 1472396117750 720 800 53 0
762 596 1472396117780 720 800 53 0
758 623 1472396117810 720 800 53 0
756 644 1472396117840 720 800 53 0
754 677 1472396117870 720 800 53 0
753 704 1472396117900 720 800 53 0
752 722 1472396117930 720 800 53 0
749 732 1472396117960 720 800 53 0
744 736 1472396117990 720 800 53 0
739 737 1472396118020 720 800 53 0
730 739 1472396118050 720 800 53 0
720 742 1472396118080 720 800 53 0
711 750 1472396118110 720 800 53 0
703 760 1472396118140 720 800 53 1
700 767 1472396118170 720 800 53 1
699 774 1472396118200 720 800 53 1
701 779 1472396118230 720 800 53 1
703 783 1472396118260 720 800 53 1
705 786 1472396118290 720 800 53 1
710 792 1472396118320 720 800 53 1
713 797 1472396118350 720 800 53 1
715 800 1472396118380 720 800 53 1
716 803 1472396118410 720 800 53 1
716 803 1472396118440 720 800 53 1
716 803 1472396118470 720 800 53 1
716 802 1472396118500 720 800 53 1
715 800 1472396118530 720 800 53 1
715 799 1472396118560 720 800 53 1
715 799 1472396118590 720 800 53 1
715 799 1472396118620 720 800 53 1
715 799 1472396118650 720 800 53 1
715 799 1472396118680 720 800 53 1
715 799 1472396118710 720 800 53 1
715 799 1472396118740 720 800 53 1
715 799 1472396118770 720 800 53 1
715 799 1472396118800 720 800 53 1
715 799 1472396118830 720 800 53 1
715 799 1472396118860 720 800 53 1
715 799 1472396118890 720 800 53 1
715 799 1472396118920 720 800 53 1
715 799 1472396118950 720 800 53 1
715 799 1472396118980 720 800 53 1
715 799 1472396119010 720 800 53 1
715 799 1472396119040 720 800 53 1
715 799 1472396119070 720 800 53 1
715 799 1472396119100 720 800 53 1
715 799 1472396119130 720 800 53 1
715 799 1472396119160 720 800 53 1
715 799 1472396119190 1420 800 56 0
715 799 1472396119220 1420 800 56 0
715 799 1472396119250 1420 800 56 0
715 799 1472396119280 1420 800 56 0
715 799 1472396119310 1420 800 56 0
715 799 1472396119340 1420 800 56 0
715 799 1472396119370 1420 800 56 0
715 799 1472396119400 1420 800 56 0
715 799 1472396119430 1420 800 56 0
715 799 1472396119460 1420 800 56 0
720 795 1472396119490 1420 800 56 0
736 787 1472396119520 1420 800 56 0
782 766 1472396119550 1420 800 56 0
839 747 1472396119580 1420 800 56 0
897 739 1472396119610 1420 800 56 0
934 741 1472396119640 1420 800 56 0
1008 753 1472396119670 1420 800 56 0
1046 760 1472396119700 1420 800 56 0
1098 771 1472396119730 1420 800 56 0
1139 782 1472396119760 1420 800 56 0
1173 789 1472396119790 1420 800 56 0
1198 791 1472396119820 1420 800 56 0
1237 790 1472396119850 1420 800 56 0
1270 788 1472396119880 1420 800 56 0
1292 789 1472396119910 1420 800 56 0
1306 791 1472396119940 1420 800 56 0
1318 793 1472396119970 1420 800 56 0
1325 793 1472396120000 1420 800 56 0
1335 794 1472396120030 1420 800 56 0
1345 796 1472396120060 1420 800 56 0
1356 798 1472396120090 1420 800 56 0
1369 800 1472396120120 1420 800 56 0
1383 801 1472396120150 1420 800 56 1
1392 802 1472396120180 1420 800 56 1
1403 803 1472396120210 1420 800 56 1
1413 803 1472396120240 1420 800 56 1
1421 802 1472396120270 1420 800 56 1
1425 802 1472396120300 1420 800 56 1
1431 802 1472396120330 1420 800 56 1
1436 801 1472396120360 1420 800 56 1
1441 800 1472396120390 1420 800 56 1
1442 800 1472396120420 1420 800 56 1
1442 800 1472396120450 1420 800 56 1
1442 800 1472396120480 1420 800 56 1
1442 800 1472396120510 1420 800 56 1
1442 800 1472396120540 1420 800 56 1
1442 800 1472396120570 1420 800 56 1
1442 800 1472396120600 1420 800 56 1
1442 800 1472396120630 1420 800 56 1
1442 800 1472396120660 1420 800 56 1
1442 800 1472396120690 1420 800 56 1
1442 800 1472396120720 1420 800 56 1
1442 800 1472396120750 1420 800 56 1
1441 800 1472396120780 1420 800 56 1
1441 799 1472396120810 1420 800 56 1
1440 799 1472396120840 1420 800 56 1
1438 799 1472396120870 1420 800 56 1
1436 799 1472396120900 1420 800 56 1
1434 798 1472396120930 1420 800 56 1
1434 798 1472396120960 1420 800 56 1
1434 798 1472396120990 1420 800 56 1
1434 798 1472396121020 1420 800 56 1
1434 798 1472396121050 1420 800 56 1
1434 798 1472396121080 1420 800 56 1
1434 798 1472396121110 1420 800 56 1
1434 798 1472396121140 720 800 49 0
1434 798 1472396121170 720 800 49 0
1434 798 1472396121200 720 800 49 0
1434 798 1472396121230 720 800 49 0
1434 798 1472396121260 720 800 49 0
1434 798 1472396121290 720 800 49 0
1434 798 1472396121320 720 800 49 0
1434 798 1472396121350 720 800 49 0
1434 798 1472396121380 720 800 49 0
1432 797 1472396121410 720 800 49 0
1417 792 1472396121440 720 800 49 0
1383 789 1472396121470 720 800 49 0
1349 786 1472396121500 720 800 49 0
1283 781 1472396121530 720 800 49 0
1198 771 1472396121560 720 800 49 0
1100 761 1472396121590 720 800 49 0
1032 756 1472396121620 720 800 49 0
935 754 1472396121650 720 800 49 0
852 753 1472396121680 720 800 49 0
790 753 1472396121710 720 800 49 0
750 753 1472396121740 720 800 49 0
727 754 1472396121770 720 800 49 0
720 755 1472396121800 720 800 49 0
718 756 1472396121830 720 800 49 0
718 756 1472396121860 720 800 49 0
718 758 1472396121890 720 800 49 0
719 762 1472396121920 720 800 49 1
719 766 1472396121950 720 800 49 1
717 775 1472396121980 720 800 49 1
712 788 1472396122010 720 800 49 1
708 799 1472396122040 720 800 49 1
707 804 1472396122070 720 800 49 1
707 804 1472396122100 720 800 49 1
707 804 1472396122130 720 800 49 1
708 803 1472396122160 720 800 49 1
708 801 1472396122190 720 800 49 1
709 801 1472396122220 720 800 49 1
709 801 1472396122250 720 800 49 1
709 801 1472396122280 720 800 49 1
709 800 1472396122310 720 800 49 1
709 800 1472396122340 720 800 49 1
709 800 1472396122370 720 800 49 1
709 800 1472396122400 720 800 49 1
709 801 1472396122430 720 800 49 1
709 801 1472396122460 720 800 49 1
709 801 1472396122490 720 800 49 1
709 801 1472396122520 720 800 49 1
709 801 1472396122550 720 800 49 1
709 801 1472396122580 720 800 49 1
709 801 1472396122610 720 800 49 1
709 801 1472396122640 720 800 49 1
709 801 1472396122670 720 800 49 1
709 801 1472396122700 720 800 49 1
709 801 1472396122730 720 800 49 1
709 801 1472396122760 720 800 49 1
709 801 1472396122790 720 800 49 1
709 801 1472396122820 720 800 49 1
709 801 1472396122850 720 800 49 1
709 801 1472396122880 720 800 49 1
709 801 1472396122910 720 800 49 1
709 801 1472396122940 720 800 49 1
709 801 1472396122970 20 800 23 0
709 801 1472396123000 20 800 23 0
709 801 1472396123030 20 800 23 0
709 801 1472396123060 20 800 23 0
709 801 1472396123090 20 800 23 0
709 801 1472396123120 20 800 23 0
709 801 1472396123150 20 800 23 0
709 801 1472396123180 20 800 23 0
709 801 1472396123210 20 800 23 0
709 801 1472396123240 20 800 23 0
709 801 1472396123270 20 800 23 0
709 801 1472396123300 20 800 23 0
703 800 1472396123330 20 800 23 0
686 801 1472396123360 20 800 23 0
654 807 1472396123390 20 800 23 0
608 818 1472396123420 20 800 23 0
550 826 1472396123450 20 800 23 0
510 825 1472396123480 20 800 23 0
454 809 1472396123510 20 800 23 0
405 790 1472396123540 20 800 23 0
364 776 1472396123570 20 800 23 0
340 769 1472396123600 20 800 23 0
305 760 1472396123630 20 800 23 0
270 757 1472396123660 20 800 23 0
238 761 1472396123690 20 800 23 0
210 770 1472396123720 20 800 23 0
192 778 1472396123750 20 800 23 0
185 781 1472396123780 20 800 23 0
181 783 1472396123810 20 800 23 0
177 785 1472396123840 20 800 23 0
169 792 1472396123870 20 800 23 0
153 804 1472396123900 20 800 23 0
135 812 1472396123930 20 800 23 0
124 813 1472396123960 20 800 23 0
109 812 1472396123990 20 800 23 0
99 808 1472396124020 20 800 23 0
93 804 1472396124050 20 800 23 0
89 801 1472396124080 20 800 23 0
85 797 1472396124110 20 800 23 0
81 795 1472396124140 20 800 23 0
73 793 1472396124170 20 800 23 0
65 793 1472396124200 20 800 23 0
59 795 1472396124230 20 800 23 0
56 796 1472396124260 20 800 23 0
53 799 1472396124290 20 800 23 0
51 801 1472396124320 20 800 23 0
50 802 1472396124350 20 800 23 0
47 804 1472396124380 20 800 23 0
41 806 1472396124410 20 800 23 0
36 808 1472396124440 20 800 23 0
30 810 1472396124470 20 800 23 0
25 811 1472396124500 20 800 23 1
22 811 1472396124530 20 800 23 1
22 811 1472396124560 20 800 23 1
22 811 1472396124590 20 800 23 1
21 811 1472396124620 20 800 23 1
21 811 1472396124650 20 800 23 1
21 811 1472396124680 20 800 23 1
21 811 1472396124710 20 800 23 1
21 811 1472396124740 20 800 23 1
21 811 1472396124770 20 800 23 1
21 811 1472396124800 20 800 23 1
21 811 1472396124830 20 800 23 1
21 811 1472396124860 20 800 23 1
21 811 1472396124890 20 800 23 1
21 811 1472396124920 20 800 23 1
21 811 1472396124950 20 800 23 1
21 811 1472396124980 20 800 23 1
21 811 1472396125010 20 800 23 1
21 811 1472396125040 20 800 23 1
21 811 1472396125070 20 800 23 1
21 811 1472396125100 20 800 23 1
21 811 1472396125130 20 800 23 1
21 811 1472396125160 20 800 23 1
21 811 1472396125190 20 800 23 1
21 811 1472396125220 20 800 23 1
21 811 1472396125250 20 800 23 1
21 811 1472396125280 20 800 23 1
21 811 1472396125310 20 800 23 1
21 811 1472396125340 20 800 23 1
21 811 1472396125370 20 800 23 1
21 811 1472396125400 20 800 23 1
21 811 1472396125430 20 800 23 1
21 811 1472396125460 20 800 23 1
21 811 1472396125490 20 800 23 1
21 811 1472396125520 720 800 25 0
21 811 1472396125550 720 800 25 0
21 811 1472396125580 720 800 25 0
21 811 1472396125610 720 800 25 0
21 811 1472396125640 720 800 25 0
21 811 1472396125670 720 800 25 0
21 811 1472396125700 720 800 25 0
21 811 1472396125730 720 800 25 0
21 811 1472396125760 720 800 25 0
22 811 1472396125790 720 800 25 0
29 807 1472396125820 720 800 25 0
47 797 1472396125850 720 800 25 0
80 780 1472396125880 720 800 25 0
109 769 1472396125910 720 800 25 0
165 754 1472396125940 720 800 25 0
241 738 1472396125970 720 800 25 0
333 719 1472396126000 720 800 25 0
435 701 1472396126030 720 800 25 0
535 690 1472396126060 720 800 25 0
616 691 1472396126090 720 800 25 0
655 701 1472396126120 720 800 25 0
692 721 1472396126150 720 800 25 0
710 741 1472396126180 720 800 25 0
712 759 1472396126210 720 800 25 0
708 771 1472396126240 720 800 25 0
698 784 1472396126270 720 800 25 0
696 789 1472396126300 720 800 25 0
700 792 1472396126330 720 800 25 0
707 796 1472396126360 720 800 25 1
715 799 1472396126390 720 800 25 1
720 802 1472396126420 720 800 25 1
725 804 1472396126450 720 800 25 1
726 805 1472396126480 720 800 25 1
726 805 1472396126510 720 800 25 1
725 805 1472396126540 720 800 25 1
724 805 1472396126570 720 800 25 1
724 805 1472396126600 720 800 25 1
724 805 1472396126630 720 800 25 1
724 805 1472396126660 720 800 25 1
724 805 1472396126690 720 800 25 1
724 805 1472396126720 720 800 25 1
724 805 1472396126750 720 800 25 1
724 805 1472396126780 720 800 25 1
724 805 1472396126810 720 800 25 1
724 805 1472396126840 720 800 25 1
724 805 1472396126870 720 800 25 1
724 805 1472396126900 720 800 25 1
724 805 1472396126930 720 800 25 1
724 805 1472396126960 720 800 25 1
724 805 1472396126990 720 800 25 1
724 805 1472396127020 720 800 25 1
724 805 1472396127050 720 800 25 1
724 805 1472396127080 720 800 25 1
724 805 1472396127110 720 800 25 1
724 805 1472396127140 720 800 25 1
724 805 1472396127170 720 800 25 1
724 805 1472396127200 720 800 25 1
724 805 1472396127230 720 800 25 1
724 805 1472396127260 720 800 25 1
724 805 1472396127290 720 800 25 1
724 805 1472396127320 720 800 25 1
724 805 1472396127350 720 800 25 1
724 805 1472396127380 225 305 24 0
724 805 1472396127410 225 305 24 0
724 805 1472396127440 225 305 24 0
724 805 1472396127470 225 305 24 0
724 805 1472396127500 225 305 24 0
724 805 1472396127530 225 305 24 0
724 805 1472396127560 225 305 24 0
724 805 1472396127590 225 305 24 0
724 805 1472396127620 225 305 24 0
724 805 1472396127650 225 305 24 0
724 805 1472396127680 225 305 24 0
724 805 1472396127710 225 305 24 0
723 804 1472396127740 225 305 24 0
717 800 1472396127770 225 305 24 0
704 786 1472396127800 225 305 24 0
682 761 1472396127830 225 305 24 0
652 728 1472396127860 225 305 24 0
614 685 1472396127890 225 305 24 0
584 653 1472396127920 225 305 24 0
531 607 1472396127950 225 305 24 0
468 568 1472396127980 225 305 24 0
402 536 1472396128010 225 305 24 0
342 503 1472396128040 225 305 24 0
306 479 1472396128070 225 305 24 0
263 441 1472396128100 225 305 24 0
235 404 1472396128130 225 305 24 0
221 370 1472396128160 225 305 24 0
220 351 1472396128190 225 305 24 0
223 328 1472396128220 225 305 24 0
230 314 1472396128250 225 305 24 1
234 309 1472396128280 225 305 24 1
234 308 1472396128310 225 305 24 1
234 308 1472396128340 225 305 24 1
233 306 1472396128370 225 305 24 1
231 303 1472396128400 225 305 24 1
229 298 1472396128430 225 305 24 1
228 297 1472396128460 225 305 24 1
228 296 1472396128490 225 305 24 1
228 296 1472396128520 225 305 24 1
229 297 1472396128550 225 305 24 1
230 298 1472396128580 225 305 24 1
230 298 1472396128610 225 305 24 1
230 298 1472396128640 225 305 24 1
230 298 1472396128670 225 305 24 1
230 298 1472396128700 225 305 24 1
230 298 1472396128730 225 305 24 1
230 298 1472396128760 225 305 24 1
230 298 1472396128790 225 305 24 1
230 298 1472396128820 225 305 24 1
230 298 1472396128850 225 305 24 1
230 298 1472396128880 225 305 24 1
230 298 1472396128910 225 305 24 1
230 298 1472396128940 225 305 24 1
230 298 1472396128970 225 305 24 1
230 298 1472396129000 225 305 24 1
230 298 1472396129030 225 305 24 1
230 298 1472396129060 225 305 24 1
230 298 1472396129090 225 305 24 1
230 298 1472396129120 225 305 24 1
230 298 1472396129150 225 305 24 1
230 298 1472396129180 225 305 24 1
230 298 1472396129210 225 305 24 1
230 298 1472396129240 225 305 24 1
230 298 1472396129270 720 800 25 0
230 298 1472396129300 720 800 25 0
230 298 1472396129330 720 800 25 0
230 298 1472396129360 720 800 25 0
230 298 1472396129390 720 800 25 0
230 298 1472396129420 720 800 25 0
230 298 1472396129450 720 800 25 0
230 298 1472396129480 720 800 25 0
230 298 1472396129510 720 800 25 0
230 298 1472396129540 720 800 25 0
230 298 1472396129570 720 800 25 0
234 301 1472396129600 720 800 25 0
256 317 1472396129630 720 800 25 0
298 348 1472396129660 720 800 25 0
354 394 1472396129690 720 800 25 0
397 437 1472396129720 720 800 25 0
468 520 1472396129750 720 800 25 0
543 609 1472396129780 720 800 25 0
619 689 1472396129810 720 800 25 0
687 758 1472396129840 720 800 25 0
740 815 1472396129870 720 800 25 0
764 846 1472396129900 720 800 25 0
785 876 1472396129930 720 800 25 0
789 890 1472396129960 720 800 25 0
786 892 1472396129990 720 800 25 0
779 892 1472396130020 720 800 25 0
767 890 1472396130050 720 800 25 0
757 887 1472396130080 720 800 25 0
753 885 1472396130110 720 800 25 0
752 884 1472396130140 720 800 25 0
752 884 1472396130170 720 800 25 0
752 883 1472396130200 720 800 25 0
751 876 1472396130230 720 800 25 0
745 862 1472396130260 720 800 25 0
739 853 1472396130290 720 800 25 0
737 852 1472396130320 720 800 25 0
737 852 1472396130350 720 800 25 0
737 853 1472396130380 720 800 25 0
738 853 1472396130410 720 800 25 0
738 852 1472396130440 720 800 25 0
735 843 1472396130470 720 800 25 0
729 831 1472396130500 720 800 25 0
727 825 1472396130530 720 800 25 0
725 820 1472396130560 720 800 25 0
724 817 1472396130590 720 800 25 0
724 813 1472396130620 720 800 25 1
725 810 1472396130650 720 800 25 1
726 804 1472396130680 720 800 25 1
726 801 1472396130710 720 800 25 1
726 802 1472396130740 720 800 25 1
725 804 1472396130770 720 800 25 1
724 808 1472396130800 720 800 25 1
724 811 1472396130830 720 800 25 1
725 813 1472396130860 720 800 25 1
726 814 1472396130890 720 800 25 1
726 814 1472396130920 720 800 25 1
727 814 1472396130950 720 800 25 1
727 811 1472396130980 720 800 25 1
727 809 1472396131010 720 800 25 1
727 807 1472396131040 720 800 25 1
727 806 1472396131070 720 800 25 1
727 806 1472396131100 720 800 25 1
727 806 1472396131130 720 800 25 1
727 806 1472396131160 720 800 25 1
727 806 1472396131190 720 800 25 1
727 806 1472396131220 720 800 25 1
727 806 1472396131250 720 800 25 1
727 806 1472396131280 720 800 25 1
727 806 1472396131310 720 800 25 1
727 806 1472396131340 720 800 25 1
727 806 1472396131370 720 800 25 1
727 806 1472396131400 720 800 25 1
727 806 1472396131430 720 800 25 1
727 806 1472396131460 720 800 25 1
727 806 1472396131490 720 800 25 1
727 806 1472396131520 720 800 25 1
727 806 1472396131550 720 800 25 1
727 806 1472396131580 720 800 25 1
727 806 1472396131610 720 800 25 1
727 806 1472396131640 720 100 24 0
727 806 1472396131670 720 100 24 0
727 806 1472396131700 720 100 24 0
726 806 1472396131730 720 100 24 0
726 807 1472396131760 720 100 24 0
726 807 1472396131790 720 100 24 0
726 807 1472396131820 720 100 24 0
726 807 1472396131850 720 100 24 0
726 807 1472396131880 720 100 24 0
726 807 1472396131910 720 100 24 0
725 807 1472396131940 720 100 24 0
724 806 1472396131970 720 100 24 0
722 801 1472396132000 720 100 24 0
722 786 1472396132030 720 100 24 0
728 750 1472396132060 720 100 24 0
732 699 1472396132090 720 100 24 0
732 640 1472396132120 720 100 24 0
728 572 1472396132150 720 100 24 0
727 520 1472396132180 720 100 24 0
730 435 1472396132210 720 100 24 0
741 347 1472396132240 720 100 24 0
751 262 1472396132270 720 100 24 0
751 192 1472396132300 720 100 24 0
744 154 1472396132330 720 100 24 0
728 111 1472396132360 720 100 24 1
709 84 1472396132390 720 100 24 0
694 71 1472396132420 720 100 24 0
684 66 1472396132450 720 100 24 0
681 65 1472396132480 720 100 24 0
683 64 1472396132510 720 100 24 0
685 63 1472396132540 720 100 24 0
687 62 1472396132570 720 100 24 0
688 61 1472396132600 720 100 24 0
688 61 1472396132630 720 100 24 0
688 61 1472396132660 720 100 24 0
688 61 1472396132690 720 100 24 0
691 63 1472396132720 720 100 24 0
696 69 1472396132750 720 100 24 0
702 78 1472396132780 720 100 24 0
708 88 1472396132810 720 100 24 0
711 92 1472396132840 720 100 24 1
713 96 1472396132870 720 100 24 1
713 97 1472396132900 720 100 24 1
713 97 1472396132930 720 100 24 1
713 97 1472396132960 720 100 24 1
713 97 1472396132990 720 100 24 1
713 97 1472396133020 720 100 24 1
714 97 1472396133050 720 100 24 1
717 98 1472396133080 720 100 24 1
718 99 1472396133110 720 100 24 1
718 99 1472396133140 720 100 24 1
719 99 1472396133170 720 100 24 1
719 99 1472396133200 720 100 24 1
719 99 1472396133230 720 100 24 1
719 99 1472396133260 720 100 24 1
719 99 1472396133290 720 100 24 1
719 99 1472396133320 720 100 24 1
719 99 1472396133350 720 100 24 1
719 99 1472396133380 720 100 24 1
719 99 1472396133410 720 100 24 1
719 99 1472396133440 720 100 24 1
719 99 1472396133470 720 100 24 1
720 99 1472396133500 720 100 24 1
720 99 1472396133530 720 100 24 1
720 99 1472396133560 720 100 24 1
720 99 1472396133590 720 100 24 1
720 99 1472396133620 720 100 24 1
720 99 1472396133650 720 100 24 1
720 99 1472396133680 720 100 24 1
720 99 1472396133710 720 100 24 1
720 99 1472396133740 720 100 24 1
720 99 1472396133770 720 100 24 1
720 99 1472396133800 720 100 24 1
720 99 1472396133830 720 800 25 0
720 99 1472396133860 720 800 25 0
720 99 1472396133890 720 800 25 0
720 98 1472396133920 720 800 25 0
720 98 1472396133950 720 800 25 0
720 98 1472396133980 720 800 25 0
720 98 1472396134010 720 800 25 0
720 98 1472396134040 720 800 25 0
720 98 1472396134070 720 800 25 0
720 98 1472396134100 720 800 25 0
720 101 1472396134130 720 800 25 0
720 115 1472396134160 720 800 25 0
720 138 1472396134190 720 800 25 0
717 173 1472396134220 720 800 25 0
707 221 1472396134250 720 800 25 0
692 285 1472396134280 720 800 25 0
682 354 1472396134310 720 800 25 0
681 398 1472396134340 720 800 25 0
683 459 1472396134370 720 800 25 0
686 518 1472396134400 720 800 25 0
687 576 1472396134430 720 800 25 0
688 630 1472396134460 720 800 25 0
690 661 1472396134490 720 800 25 0
695 698 1472396134520 720 800 25 0
702 726 1472396134550 720 800 25 0
710 746 1472396134580 720 800 25 0
717 760 1472396134610 720 800 25 0
720 765 1472396134640 720 800 25 0
723 769 1472396134670 720 800 25 0
725 771 1472396134700 720 800 25 0
725 771 1472396134730 720 800 25 0
724 771 1472396134760 720 800 25 0
723 771 1472396134790 720 800 25 0
723 772 1472396134820 720 800 25 0
722 775 1472396134850 720 800 25 0
722 780 1472396134880 720 800 25 0
720 788 1472396134910 720 800 25 1
719 794 1472396134940 720 800 25 1
719 796 1472396134970 720 800 25 1
719 797 1472396135000 720 800 25 1
719 797 1472396135030 720 800 25 1
719 797 1472396135060 720 800 25 1
719 797 1472396135090 720 800 25 1
719 797 1472396135120 720 800 25 1
719 797 1472396135150 720 800 25 1
719 797 1472396135180 720 800 25 1
719 797 1472396135210 720 800 25 1
719 797 1472396135240 720 800 25 1
719 797 1472396135270 720 800 25 1
719 797 1472396135300 720 800 25 1
719 797 1472396135330 720 800 25 1
719 797 1472396135360 720 800 25 1
719 797 1472396135390 720 800 25 1
719 797 1472396135420 720 800 25 1
719 797 1472396135450 720 800 25 1
719 797 1472396135480 720 800 25 1
719 797 1472396135510 720 800 25 1
718 797 1472396135540 720 800 25 1
718 797 1472396135570 720 800 25 1
717 797 1472396135600 720 800 25 1
717 797 1472396135630 720 800 25 1
717 797 1472396135660 720 800 25 1
717 797 1472396135690 720 800 25 1
717 797 1472396135720 720 800 25 1
717 797 1472396135750 720 800 25 1
717 797 1472396135780 720 800 25 1
717 797 1472396135810 720 800 25 1
717 797 1472396135840 720 800 25 1
717 797 1472396135870 720 800 25 1
717 797 1472396135900 720 800 25 1
717 797 1472396135930 720 800 25 1
717 797 1472396135960 1215 305 24 0
717 797 1472396135990 1215 305 24 0
717 797 1472396136020 1215 305 24 0
717 797 1472396136050 1215 305 24 0
717 797 1472396136080 1215 305 24 0
717 797 1472396136110 1215 305 24 0
717 797 1472396136140 1215 305 24 0
717 797 1472396136170 1215 305 24 0
717 797 1472396136200 1215 305 24 0
717 796 1472396136230 1215 305 24 0
723 790 1472396136260 1215 305 24 0
743 772 1472396136290 1215 305 24 0
766 753 1472396136320 1215 305 24 0
807 719 1472396136350 1215 305 24 0
852 685 1472396136380 1215 305 24 0
903 642 1472396136410 1215 305 24 0
960 589 1472396136440 1215 305 24 0
987 559 1472396136470 1215 305 24 0
1010 525 1472396136500 1215 305 24 0
1028 493 1472396136530 1215 305 24 0
1045 467 1472396136560 1215 305 24 0
1054 452 1472396136590 1215 305 24 0
1071 431 1472396136620 1215 305 24 0
1092 413 1472396136650 1215 305 24 0
1112 401 1472396136680 1215 305 24 0
1128 394 1472396136710 1215 305 24 0
1139 388 1472396136740 1215 305 24 0
1146 384 1472396136770 1215 305 24 0
1153 376 1472396136800 1215 305 24 0
1157 367 1472396136830 1215 305 24 0
1160 359 1472396136860 1215 305 24 0
1161 354 1472396136890 1215 305 24 0
1163 350 1472396136920 1215 305 24 0
1164 348 1472396136950 1215 305 24 0
1165 347 1472396136980 1215 305 24 0
1168 343 1472396137010 1215 305 24 0
1173 338 1472396137040 1215 305 24 0
1180 334 1472396137070 1215 305 24 0
1186 329 1472396137100 1215 305 24 0
1191 327 1472396137130 1215 305 24 0
1196 323 1472396137160 1215 305 24 0
1200 320 1472396137190 1215 305 24 0
1205 317 1472396137220 1215 305 24 0
1208 315 1472396137250 1215 305 24 1
1212 313 1472396137280 1215 305 24 1
1214 312 1472396137310 1215 305 24 1
1215 311 1472396137340 1215 305 24 1
1216 311 1472396137370 1215 305 24 1
1217 310 1472396137400 1215 305 24 1
1220 309 1472396137430 1215 305 24 1
1220 309 1472396137460 1215 305 24 1
1220 309 1472396137490 1215 305 24 1
1220 309 1472396137520 1215 305 24 1
1220 309 1472396137550 1215 305 24 1
1220 309 1472396137580 1215 305 24 1
1219 309 1472396137610 1215 305 24 1
1219 309 1472396137640 1215 305 24 1
1219 309 1472396137670 1215 305 24 1
1219 309 1472396137700 1215 305 24 1
1219 309 1472396137730 1215 305 24 1
1219 309 1472396137760 1215 305 24 1
1219 309 1472396137790 1215 305 24 1
1219 309 1472396137820 1215 305 24 1
1219 309 1472396137850 1215 305 24 1
1219 309 1472396137880 1215 305 24 1
1219 309 1472396137910 1215 305 24 1
1219 309 1472396137940 1215 305 24 1
1219 309 1472396137970 1215 305 24 1
1218 310 1472396138000 1215 305 24 1
1218 310 1472396138030 1215 305 24 1
1217 310 1472396138060 1215 305 24 1
1217 311 1472396138090 1215 305 24 1
1217 311 1472396138120 1215 305 24 1
1217 311 1472396138150 1215 305 24 1
1216 311 1472396138180 1215 305 24 1
1216 311 1472396138210 1215 305 24 1
1215 311 1472396138240 720 800 24 0
1215 311 1472396138270 720 800 24 0
1215 311 1472396138300 720 800 24 0
1215 311 1472396138330 720 800 24 0
1215 311 1472396138360 720 800 24 0
1214 311 1472396138390 720 800 24 0
1214 312 1472396138420 720 800 24 0
1214 312 1472396138450 720 800 24 0
1214 312 1472396138480 720 800 24 0
1212 312 1472396138510 720 800 24 0
1202 318 1472396138540 720 800 24 0
1188 329 1472396138570 720 800 24 0
1154 361 1472396138600 720 800 24 0
1104 406 1472396138630 720 800 24 0
1039 462 1472396138660 720 800 24 0
960 529 1472396138690 720 800 24 0
883 599 1472396138720 720 800 24 0
820 658 1472396138750 720 800 24 0
787 689 1472396138780 720 800 24 0
754 720 1472396138810 720 800 24 0
737 737 1472396138840 720 800 24 0
732 746 1472396138870 720 800 24 0
733 750 1472396138900 720 800 24 0
735 751 1472396138930 720 800 24 0
736 752 1472396138960 720 800 24 0
736 752 1472396138990 720 800 24 0
736 752 1472396139020 720 800 24 0
736 754 1472396139050 720 800 24 0
734 764 1472396139080 720 800 24 0
730 779 1472396139110 720 800 24 0
728 788 1472396139140 720 800 24 1
726 795 1472396139170 720 800 24 1
726 795 1472396139200 720 800 24 1
726 795 1472396139230 720 800 24 1
726 795 1472396139260 720 800 24 1
726 794 1472396139290 720 800 24 1
725 793 1472396139320 720 800 24 1
724 793 1472396139350 720 800 24 1
724 793 1472396139380 720 800 24 1
724 793 1472396139410 720 800 24 1
724 793 1472396139440 720 800 24 1
724 792 1472396139470 720 800 24 1
724 792 1472396139500 720 800 24 1
724 792 1472396139530 720 800 24 1
724 792 1472396139560 720 800 24 1
724 792 1472396139590 720 800 24 1
724 792 1472396139620 720 800 24 1
724 792 1472396139650 720 800 24 1
724 792 1472396139680 720 800 24 1
724 792 1472396139710 720 800 24 1
724 792 1472396139740 720 800 24 1
724 792 1472396139770 720 800 24 1
724 792 1472396139800 720 800 24 1
724 792 1472396139830 720 800 24 1
724 792 1472396139860 720 800 24 1
724 792 1472396139890 720 800 24 1
724 792 1472396139920 720 800 24 1
724 792 1472396139950 720 800 24 1
724 792 1472396139980 720 800 24 1
724 792 1472396140010 720 800 24 1
724 792 1472396140040 720 800 24 1
724 792 1472396140070 720 800 24 1
724 792 1472396140100 720 800 24 1
724 792 1472396140130 720 800 24 1
724 792 1472396140160 1420 800 25 0
724 792 1472396140190 1420 800 25 0
724 792 1472396140220 1420 800 25 0
724 792 1472396140250 1420 800 25 0
724 792 1472396140280 1420 800 25 0
724 792 1472396140310 1420 800 25 0
724 792 1472396140340 1420 800 25 0
724 792 1472396140370 1420 800 25 0
724 792 1472396140400 1420 800 25 0
724 792 1472396140430 1420 800 25 0
724 792 1472396140460 1420 800 25 0
724 792 1472396140490 1420 800 25 0
728 792 1472396140520 1420 800 25 0
748 788 1472396140550 1420 800 25 0
777 782 1472396140580 1420 800 25 0
835 770 1472396140610 1420 800 25 0
900 762 1472396140640 1420 800 25 0
969 761 1472396140670 1420 800 25 0
1040 765 1472396140700 1420 800 25 0
1086 770 1472396140730 1420 800 25 0
1147 780 1472396140760 1420 800 25 0
1194 794 1472396140790 1420 800 25 0
1225 808 1472396140820 1420 800 25 0
1241 818 1472396140850 1420 800 25 0
1246 823 1472396140880 1420 800 25 0
1246 824 1472396140910 1420 800 25 0
1247 824 1472396140940 1420 800 25 0
1249 821 1472396140970 1420 800 25 0
1253 817 1472396141000 1420 800 25 0
1259 814 1472396141030 1420 800 25 0
1276 806 1472396141060 1420 800 25 0
1305 797 1472396141090 1420 800 25 0
1317 796 1472396141120 1420 800 25 0
1330 795 1472396141150 1420 800 25 0
1336 797 1472396141180 1420 800 25 0
1338 798 1472396141210 1420 800 25 0
1340 799 1472396141240 1420 800 25 0
1344 800 1472396141270 1420 800 25 0
1352 801 1472396141300 1420 800 25 0
1365 801 1472396141330 1420 800 25 0
1381 799 1472396141360 1420 800 25 0
1392 798 1472396141390 1420 800 25 0
1406 797 1472396141420 1420 800 25 1
1416 797 1472396141450 1420 800 25 1
1419 797 1472396141480 1420 800 25 1
1419 797 1472396141510 1420 800 25 1
1419 797 1472396141540 1420 800 25 1
1419 797 1472396141570 1420 800 25 1
1420 797 1472396141600 1420 800 25 1
1420 797 1472396141630 1420 800 25 1
1420 797 1472396141660 1420 800 25 1
1420 797 1472396141690 1420 800 25 1
1420 797 1472396141720 1420 800 25 1
1420 797 1472396141750 1420 800 25 1
1420 797 1472396141780 1420 800 25 1
1420 797 1472396141810 1420 800 25 1
1420 797 1472396141840 1420 800 25 1
1420 797 1472396141870 1420 800 25 1
1420 797 1472396141900 1420 800 25 1
1420 797 1472396141930 1420 800 25 1
1420 797 1472396141960 1420 800 25 1
1420 797 1472396141990 1420 800 25 1
1420 797 1472396142020 1420 800 25 1
1420 797 1472396142050 1420 800 25 1
1420 797 1472396142080 1420 800 25 1
1420 797 1472396142110 1420 800 25 1
1420 797 1472396142140 1420 800 25 1
1420 797 1472396142170 1420 800 25 1
1420 797 1472396142200 1420 800 25 1
1420 797 1472396142230 1420 800 25 1
1420 797 1472396142260 1420 800 25 1
1420 797 1472396142290 1420 800 25 1
1420 797 1472396142320 1420 800 25 1
1420 797 1472396142350 1420 800 25 1
1420 797 1472396142380 1420 800 25 1
1420 797 1472396142410 1420 800 25 1
1420 797 1472396142440 1420 800 25 1
1420 797 1472396142470 720 800 24 0
1420 797 1472396142500 720 800 24 0
1420 797 1472396142530 720 800 24 0
1420 797 1472396142560 720 800 24 0
1420 797 1472396142590 720 800 24 0
1420 797 1472396142620 720 800 24 0
1420 797 1472396142650 720 800 24 0
1420 797 1472396142680 720 800 24 0
1420 797 1472396142710 720 800 24 0
1420 797 1472396142740 720 800 24 0
1419 796 1472396142770 720 800 24 0
1409 794 1472396142800 720 800 24 0
1381 789 1472396142830 720 800 24 0
1334 781 1472396142860 720 800 24 0
1267 772 1472396142890 720 800 24 0
1210 767 1472396142920 720 800 24 0
1111 764 1472396142950 720 800 24 0
1007 766 1472396142980 720 800 24 0
942 769 1472396143010 720 800 24 0
862 769 1472396143040 720 800 24 0
804 762 1472396143070 720 800 24 0
769 753 1472396143100 720 800 24 0
753 746 1472396143130 720 800 24 0
751 745 1472396143160 720 800 24 0
755 747 1472396143190 720 800 24 0
758 750 1472396143220 720 800 24 0
761 755 1472396143250 720 800 24 0
762 759 1472396143280 720 800 24 0
760 766 1472396143310 720 800 24 0
757 777 1472396143340 720 800 24 0
755 784 1472396143370 720 800 24 0
752 790 1472396143400 720 800 24 0
750 791 1472396143430 720 800 24 0
746 789 1472396143460 720 800 24 0
740 786 1472396143490 720 800 24 0
736 785 1472396143520 720 800 24 0
735 784 1472396143550 720 800 24 0
734 783 1472396143580 720 800 24 0
734 783 1472396143610 720 800 24 0
732 785 1472396143640 720 800 24 0
731 787 1472396143670 720 800 24 0
728 791 1472396143700 720 800 24 1
727 794 1472396143730 720 800 24 1
726 795 1472396143760 720 800 24 1
726 796 1472396143790 720 800 24 1
726 797 1472396143820 720 800 24 1
726 797 1472396143850 720 800 24 1
726 798 1472396143880 720 800 24 1
725 798 1472396143910 720 800 24 1
725 798 1472396143940 720 800 24 1
725 798 1472396143970 720 800 24 1
725 798 1472396144000 720 800 24 1
725 798 1472396144030 720 800 24 1
725 798 1472396144060 720 800 24 1
725 798 1472396144090 720 800 24 1
726 798 1472396144120 720 800 24 1
726 798 1472396144150 720 800 24 1
726 798 1472396144180 720 800 24 1
726 798 1472396144210 720 800 24 1
726 798 1472396144240 720 800 24 1
726 798 1472396144270 720 800 24 1
726 798 1472396144300 720 800 24 1
726 798 1472396144330 720 800 24 1
726 798 1472396144360 720 800 24 1
726 798 1472396144390 720 800 24 1
726 798 1472396144420 720 800 24 1
726 798 1472396144450 720 800 24 1
726 798 1472396144480 720 800 24 1
726 798 1472396144510 720 800 24 1
726 798 1472396144540 720 800 24 1
726 798 1472396144570 720 800 24 1
726 798 1472396144600 720 800 24 1
726 798 1472396144630 720 800 24 1
726 798 1472396144660 720 800 24 1
726 798 1472396144690 720 800 24 1
726 798 1472396144720 20 800 14 0
726 798 1472396144750 20 800 14 0
726 798 1472396144780 20 800 14 0
726 798 1472396144810 20 800 14 0
726 798 1472396144840 20 800 14 0
726 798 1472396144870 20 800 14 0
726 798 1472396144900 20 800 14 0
726 798 1472396144930 20 800 14 0
726 798 1472396144960 20 800 14 0
726 798 1472396144990 20 800 14 0
726 798 1472396145020 20 800 14 0
725 797 1472396145050 20 800 14 0
721 793 1472396145080 20 800 14 0
708 790 1472396145110 20 800 14 0
679 798 1472396145140 20 800 14 0
653 813 1472396145170 20 800 14 0
608 838 1472396145200 20 800 14 0
556 852 1472396145230 20 800 14 0
504 841 1472396145260 20 800 14 0
456 814 1472396145290 20 800 14 0
415 788 1472396145320 20 800 14 0
378 770 1472396145350 20 800 14 0
353 761 1472396145380 20 800 14 0
313 755 1472396145410 20 800 14 0
276 755 1472396145440 20 800 14 0
246 761 1472396145470 20 800 14 0
223 770 1472396145500 20 800 14 0
213 775 1472396145530 20 800 14 0
202 782 1472396145560 20 800 14 0
193 787 1472396145590 20 800 14 0
185 791 1472396145620 20 800 14 0
178 792 1472396145650 20 800 14 0
163 792 1472396145680 20 800 14 0
146 791 1472396145710 20 800 14 0
131 790 1472396145740 20 800 14 0
118 788 1472396145770 20 800 14 0
107 785 1472396145800 20 800 14 0
100 784 1472396145830 20 800 14 0
91 783 1472396145860 20 800 14 0
83 783 1472396145890 20 800 14 0
76 784 1472396145920 20 800 14 0
69 786 1472396145950 20 800 14 0
64 788 1472396145980 20 800 14 0
56 790 1472396146010 20 800 14 0
49 791 1472396146040 20 800 14 0
39 794 1472396146070 20 800 14 0
30 795 1472396146100 20 800 14 0
24 795 1472396146130 20 800 14 0
21 795 1472396146160 20 800 14 0
20 795 1472396146190 20 800 14 0
20 795 1472396146220 20 800 14 0
20 795 1472396146250 20 800 14 0
18 796 1472396146280 20 800 14 1
18 796 1472396146310 20 800 14 1
17 796 1472396146340 20 800 14 0
17 796 1472396146370 20 800 14 0
17 796 1472396146400 20 800 14 0
17 796 1472396146430 20 800 14 0
17 796 1472396146460 20 800 14 0
18 796 1472396146490 20 800 14 1
18 796 1472396146520 20 800 14 1
19 797 1472396146550 20 800 14 1
22 798 1472396146580 20 800 14 1
24 800 1472396146610 20 800 14 1
25 801 1472396146640 20 800 14 0
25 801 1472396146670 20 800 14 0
25 801 1472396146700 20 800 14 0
25 801 1472396146730 20 800 14 0
25 801 1472396146760 20 800 14 0
25 801 1472396146790 20 800 14 0
25 801 1472396146820 20 800 14 0
25 801 1472396146850 20 800 14 0
25 801 1472396146880 20 800 14 0
25 801 1472396146910 20 800 14 0
25 801 1472396146940 20 800 14 0
25 801 1472396146970 20 800 14 0
25 801 1472396147000 20 800 14 0
25 801 1472396147030 20 800 14 0
25 801 1472396147060 20 800 14 0
25 801 1472396147090 20 800 14 0
25 801 1472396147120 20 800 14 0
25 801 1472396147150 20 800 14 0
25 801 1472396147180 20 800 14 0
25 801 1472396147210 20 800 14 0
25 801 1472396147240 20 800 14 0
25 801 1472396147270 20 800 14 0
25 801 1472396147300 20 800 14 0
25 801 1472396147330 20 800 14 0
25 801 1472396147360 20 800 14 0
25 801 1472396147390 20 800 14 0
25 801 1472396147420 20 800 14 0
25 801 1472396147450 20 800 14 0
25 801 1472396147480 20 800 14 0
25 801 1472396147510 20 800 14 0
25 801 1472396147540 20 800 14 0
25 801 1472396147570 20 800 14 0
25 801 1472396147600 20 800 14 0
25 801 1472396147630 20 800 14 0
25 801 1472396147660 20 800 14 0
25 801 1472396147690 20 800 14 0
25 801 1472396147720 20 800 14 0
25 801 1472396147750 20 800 14 0
25 801 1472396147780 20 800 14 0
25 801 1472396147810 20 800 14 0
25 801 1472396147840 20 800 14 0
25 801 1472396147870 20 800 14 0
25 801 1472396147900 20 800 14 0
25 801 1472396147930 20 800 14 0
25 801 1472396147960 20 800 14 0
25 801 1472396147990 20 800 14 0
25 801 1472396148020 20 800 14 0
25 801 1472396148050 20 800 14 0
25 801 1472396148080 20 800 14 0
25 801 1472396148110 20 800 14 0
25 801 1472396148140 20 800 14 0
25 801 1472396148170 20 800 14 0
25 801 1472396148200 20 800 14 0
25 801 1472396148230 20 800 14 0
25 801 1472396148260 20 800 14 0
25 801 1472396148290 20 800 14 0
25 801 1472396148320 20 800 14 0
25 801 1472396148350 20 800 14 0
25 801 1472396148380 20 800 14 0
25 801 1472396148410 20 800 14 0
25 801 1472396148440 20 800 14 0
25 801 1472396148470 20 800 14 0
25 801 1472396148500 20 800 14 0
25 801 1472396148530 20 800 14 0
25 801 1472396148560 20 800 14 0
25 801 1472396148590 20 800 14 0
25 801 1472396148620 20 800 14 0
25 801 1472396148650 20 800 14 0
25 801 1472396148680 20 800 14 0
23 801 1472396148710 20 800 14 1
19 802 1472396148740 20 800 14 1
17 803 1472396148770 20 800 14 1
16 804 1472396148800 20 800 14 0
16 804 1472396148830 20 800 14 0
16 804 1472396148860 20 800 14 0
15 804 1472396148890 20 800 14 0
14 804 1472396148920 20 800 14 0
14 804 1472396148950 20 800 14 0
14 804 1472396148980 20 800 14 0
14 804 1472396149010 20 800 14 0
14 804 1472396149040 20 800 14 0
15 804 1472396149070 20 800 14 0
16 804 1472396149100 20 800 14 0
17 804 1472396149130 20 800 14 0
18 803 1472396149160 20 800 14 1
20 802 1472396149190 20 800 14 1
21 801 1472396149220 20 800 14 1
21 800 1472396149250 20 800 14 1
21 800 1472396149280 20 800 14 1
21 800 1472396149310 20 800 14 1
21 800 1472396149340 20 800 14 1
21 800 1472396149370 20 800 14 1
21 800 1472396149400 20 800 14 1
21 800 1472396149430 20 800 14 1
21 800 1472396149460 20 800 14 1
21 800 1472396149490 20 800 14 1
21 800 1472396149520 20 800 14 1
21 800 1472396149550 20 800 14 1
21 800 1472396149580 20 800 14 1
21 800 1472396149610 20 800 14 1
21 800 1472396149640 20 800 14 1
21 800 1472396149670 20 800 14 1
21 800 1472396149700 20 800 14 1
21 800 1472396149730 20 800 14 1
21 800 1472396149760 20 800 14 1
21 800 1472396149790 20 800 14 1
21 800 1472396149820 20 800 14 1
21 800 1472396149850 20 800 14 1
21 800 1472396149880 20 800 14 1
21 800 1472396149910 20 800 14 1
21 800 1472396149940 20 800 14 1
21 800 1472396149970 20 800 14 1
21 800 1472396150000 20 800 14 1
21 800 1472396150030 20 800 14 1
21 800 1472396150060 20 800 14 1
21 800 1472396150090 20 800 14 1
21 800 1472396150120 20 800 14 1
21 800 1472396150150 720 800 15 0
21 800 1472396150180 720 800 15 0
21 800 1472396150210 720 800 15 0
21 800 1472396150240 720 800 15 0
21 800 1472396150270 720 800 15 0
21 800 1472396150300 720 800 15 0
21 800 1472396150330 720 800 15 0
21 800 1472396150360 720 800 15 0
21 800 1472396150390 720 800 15 0
21 800 1472396150420 720 800 15 0
21 800 1472396150450 720 800 15 0
21 800 1472396150480 720 800 15 0
21 800 1472396150510 720 800 15 0
22 800 1472396150540 720 800 15 0
27 797 1472396150570 720 800 15 0
41 794 1472396150600 720 800 15 0
58 790 1472396150630 720 800 15 0
91 781 1472396150660 720 800 15 0
135 768 1472396150690 720 800 15 0
192 755 1472396150720 720 800 15 0
260 745 1472396150750 720 800 15 0
337 740 1472396150780 720 800 15 0
391 739 1472396150810 720 800 15 0
474 744 1472396150840 720 800 15 0
554 751 1472396150870 720 800 15 0
630 759 1472396150900 720 800 15 0
675 763 1472396150930 720 800 15 0
734 767 1472396150960 720 800 15 0
780 773 1472396150990 720 800 15 0
809 778 1472396151020 720 800 15 0
823 784 1472396151050 720 800 15 0
826 789 1472396151080 720 800 15 0
824 790 1472396151110 720 800 15 0
819 790 1472396151140 720 800 15 0
815 790 1472396151170 720 800 15 0
812 790 1472396151200 720 800 15 0
809 790 1472396151230 720 800 15 0
803 790 1472396151260 720 800 15 0
793 793 1472396151290 720 800 15 0
788 795 1472396151320 720 800 15 0
785 795 1472396151350 720 800 15 0
786 795 1472396151380 720 800 15 0
788 794 1472396151410 720 800 15 0
789 793 1472396151440 720 800 15 0
789 793 1472396151470 720 800 15 0
787 793 1472396151500 720 800 15 0
779 794 1472396151530 720 800 15 0
770 793 1472396151560 720 800 15 0
764 793 1472396151590 720 800 15 0
754 792 1472396151620 720 800 15 0
748 791 1472396151650 720 800 15 0
747 792 1472396151680 720 800 15 0
746 796 1472396151710 720 800 15 0
745 803 1472396151740 720 800 15 0
744 806 1472396151770 720 800 15 0
743 808 1472396151800 720 800 15 0
742 807 1472396151830 720 800 15 0
739 804 1472396151860 720 800 15 0
735 801 1472396151890 720 800 15 0
731 798 1472396151920 720 800 15 0
728 797 1472396151950 720 800 15 0
721 796 1472396151980 720 800 15 1
714 796 1472396152010 720 800 15 0
712 797 1472396152040 720 800 15 0
714 799 1472396152070 720 800 15 0
719 801 1472396152100 720 800 15 1
726 803 1472396152130 720 800 15 0
729 805 1472396152160 720 800 15 0
730 805 1472396152190 720 800 15 0
730 805 1472396152220 720 800 15 0
730 805 1472396152250 720 800 15 0
729 805 1472396152280 720 800 15 0
727 805 1472396152310 720 800 15 0
726 804 1472396152340 720 800 15 0
725 804 1472396152370 720 800 15 0
724 804 1472396152400 720 800 15 0
724 804 1472396152430 720 800 15 0
724 804 1472396152460 720 800 15 0
724 804 1472396152490 720 800 15 0
724 804 1472396152520 720 800 15 0
724 804 1472396152550 720 800 15 0
722 803 1472396152580 720 800 15 1
721 803 1472396152610 720 800 15 1
720 803 1472396152640 720 800 15 1
719 803 1472396152670 720 800 15 1
719 803 1472396152700 720 800 15 1
719 803 1472396152730 720 800 15 1
719 803 1472396152760 720 800 15 1
720 803 1472396152790 720 800 15 1
721 803 1472396152820 720 800 15 1
721 803 1472396152850 720 800 15 1
721 803 1472396152880 720 800 15 1
721 803 1472396152910 720 800 15 1
721 803 1472396152940 720 800 15 1
721 803 1472396152970 720 800 15 1
721 803 1472396153000 720 800 15 1
721 803 1472396153030 720 800 15 1
721 803 1472396153060 720 800 15 1
721 803 1472396153090 720 800 15 1
721 803 1472396153120 720 800 15 1
721 803 1472396153150 720 800 15 1
721 803 1472396153180 720 800 15 1
721 803 1472396153210 720 800 15 1
721 803 1472396153240 720 800 15 1
721 803 1472396153270 720 800 15 1
721 803 1472396153300 720 800 15 1
721 803 1472396153330 720 800 15 1
721 803 1472396153360 720 800 15 1
721 803 1472396153390 720 800 15 1
721 803 1472396153420 720 800 15 1
721 803 1472396153450 720 800 15 1
721 803 1472396153480 720 800 15 1
721 803 1472396153510 720 800 15 1
721 803 1472396153540 720 800 15 1
721 803 1472396153570 720 800 15 1
721 803 1472396153600 225 305 14 0
721 803 1472396153630 225 305 14 0
721 803 1472396153660 225 305 14 0
721 803 1472396153690 225 305 14 0
721 803 1472396153720 225 305 14 0
721 803 1472396153750 225 305 14 0
721 803 1472396153780 225 305 14 0
721 803 1472396153810 225 305 14 0
721 803 1472396153840 225 305 14 0
721 803 1472396153870 225 305 14 0
721 803 1472396153900 225 305 14 0
721 803 1472396153930 225 305 14 0
721 803 1472396153960 225 305 14 0
721 803 1472396153990 225 305 14 0
720 800 1472396154020 225 305 14 0
717 797 1472396154050 225 305 14 0
711 789 1472396154080 225 305 14 0
700 780 1472396154110 225 305 14 0
678 769 1472396154140 225 305 14 0
647 754 1472396154170 225 305 14 0
609 736 1472396154200 225 305 14 0
579 721 1472396154230 225 305 14 0
533 692 1472396154260 225 305 14 0
486 653 1472396154290 225 305 14 0
441 609 1472396154320 225 305 14 0
402 563 1472396154350 225 305 14 0
370 519 1472396154380 225 305 14 0
353 492 1472396154410 225 305 14 0
333 458 1472396154440 225 305 14 0
316 433 1472396154470 225 305 14 0
304 411 1472396154500 225 305 14 0
295 394 1472396154530 225 305 14 0
289 382 1472396154560 225 305 14 0
284 376 1472396154590 225 305 14 0
277 371 1472396154620 225 305 14 0
271 368 1472396154650 225 305 14 0
265 365 1472396154680 225 305 14 0
262 362 1472396154710 225 305 14 0
257 358 1472396154740 225 305 14 0
250 351 1472396154770 225 305 14 0
242 342 1472396154800 225 305 14 0
233 333 1472396154830 225 305 14 0
226 327 1472396154860 225 305 14 0
222 324 1472396154890 225 305 14 0
221 323 1472396154920 225 305 14 0
221 323 1472396154950 225 305 14 0
222 323 1472396154980 225 305 14 0
223 323 1472396155010 225 305 14 0
223 321 1472396155040 225 305 14 0
223 317 1472396155070 225 305 14 0
224 315 1472396155100 225 305 14 0
225 310 1472396155130 225 305 14 0
226 307 1472396155160 225 305 14 1
226 306 1472396155190 225 305 14 1
227 305 1472396155220 225 305 14 1
228 305 1472396155250 225 305 14 1
228 305 1472396155280 225 305 14 1
228 305 1472396155310 225 305 14 1
228 305 1472396155340 225 305 14 1
228 305 1472396155370 225 305 14 1
228 305 1472396155400 225 305 14 1
228 305 1472396155430 225 305 14 1
228 305 1472396155460 225 305 14 1
228 305 1472396155490 225 305 14 1
228 305 1472396155520 225 305 14 1
228 305 1472396155550 225 305 14 1
228 305 1472396155580 225 305 14 1
228 305 1472396155610 225 305 14 1
228 305 1472396155640 225 305 14 1
228 305 1472396155670 225 305 14 1
228 305 1472396155700 225 305 14 1
228 305 1472396155730 225 305 14 1
228 305 1472396155760 225 305 14 1
228 305 1472396155790 225 305 14 1
228 305 1472396155820 225 305 14 1
227 306 1472396155850 225 305 14 1
226 306 1472396155880 225 305 14 1
226 307 1472396155910 225 305 14 1
226 307 1472396155940 225 305 14 1
226 307 1472396155970 225 305 14 1
226 307 1472396156000 225 305 14 1
226 307 1472396156030 225 305 14 1
226 307 1472396156060 225 305 14 1
226 307 1472396156090 225 305 14 1
226 307 1472396156120 225 305 14 1
226 307 1472396156150 225 305 14 1
226 307 1472396156180 720 800 15 0
226 307 1472396156210 720 800 15 0
226 307 1472396156240 720 800 15 0
226 307 1472396156270 720 800 15 0
226 307 1472396156300 720 800 15 0
226 307 1472396156330 720 800 15 0
226 307 1472396156360 720 800 15 0
226 307 1472396156390 720 800 15 0
226 307 1472396156420 720 800 15 0
226 307 1472396156450 720 800 15 0
226 307 1472396156480 720 800 15 0
226 307 1472396156510 720 800 15 0
226 307 1472396156540 720 800 15 0
226 307 1472396156570 720 800 15 0
226 307 1472396156600 720 800 15 0
226 308 1472396156630 720 800 15 0
230 311 1472396156660 720 800 15 0
236 316 1472396156690 720 800 15 0
251 328 1472396156720 720 800 15 0
282 347 1472396156750 720 800 15 0
329 376 1472396156780 720 800 15 0
390 413 1472396156810 720 800 15 0
460 456 1472396156840 720 800 15 0
508 491 1472396156870 720 800 15 0
574 551 1472396156900 720 800 15 0
629 612 1472396156930 720 800 15 0
672 668 1472396156960 720 800 15 0
703 715 1472396156990 720 800 15 0
720 748 1472396157020 720 800 15 0
727 759 1472396157050 720 800 15 0
730 764 1472396157080 720 800 15 0
729 762 1472396157110 720 800 15 0
727 757 1472396157140 720 800 15 0
727 754 1472396157170 720 800 15 0
728 754 1472396157200 720 800 15 0
729 754 1472396157230 720 800 15 0
729 756 1472396157260 720 800 15 0
729 761 1472396157290 720 800 15 0
727 769 1472396157320 720 800 15 0
727 774 1472396157350 720 800 15 0
727 780 1472396157380 720 800 15 0
728 783 1472396157410 720 800 15 0
728 783 1472396157440 720 800 15 0
730 784 1472396157470 720 800 15 0
731 784 1472396157500 720 800 15 0
731 784 1472396157530 720 800 15 0
731 784 1472396157560 720 800 15 0
731 785 1472396157590 720 800 15 0
731 787 1472396157620 720 800 15 0
729 790 1472396157650 720 800 15 0
728 794 1472396157680 720 800 15 0
727 796 1472396157710 720 800 15 0
727 799 1472396157740 720 800 15 0
726 799 1472396157770 720 800 15 0
726 799 1472396157800 720 800 15 0
726 799 1472396157830 720 800 15 0
725 799 1472396157860 720 800 15 1
725 799 1472396157890 720 800 15 1
724 800 1472396157920 720 800 15 1
724 801 1472396157950 720 800 15 1
723 802 1472396157980 720 800 15 1
723 803 1472396158010 720 800 15 1
723 803 1472396158040 720 800 15 1
723 803 1472396158070 720 800 15 1
723 804 1472396158100 720 800 15 1
722 804 1472396158130 720 800 15 1
722 805 1472396158160 720 800 15 0
722 805 1472396158190 720 800 15 0
722 805 1472396158220 720 800 15 0
722 805 1472396158250 720 800 15 0
722 805 1472396158280 720 800 15 0
722 805 1472396158310 720 800 15 0
722 805 1472396158340 720 800 15 0
722 805 1472396158370 720 800 15 0
722 805 1472396158400 720 800 15 0
722 805 1472396158430 720 800 15 0
722 805 1472396158460 720 800 15 0
722 805 1472396158490 720 800 15 0
722 805 1472396158520 720 800 15 0
722 805 1472396158550 720 800 15 0
722 805 1472396158580 720 800 15 0
722 805 1472396158610 720 800 15 0
722 805 1472396158640 720 800 15 0
722 805 1472396158670 720 800 15 0
722 805 1472396158700 720 800 15 0
722 805 1472396158730 720 800 15 0
722 805 1472396158760 720 800 15 0
722 805 1472396158790 720 800 15 0
722 805 1472396158820 720 800 15 0
722 805 1472396158850 720 800 15 0
722 805 1472396158880 720 800 15 0
722 805 1472396158910 720 800 15 0
722 805 1472396158940 720 800 15 0
722 805 1472396158970 720 800 15 0
722 805 1472396159000 720 800 15 0
722 804 1472396159030 720 800 15 1
722 804 1472396159060 720 800 15 1
722 804 1472396159090 720 800 15 1
722 804 1472396159120 720 800 15 1
722 804 1472396159150 720 800 15 1
722 804 1472396159180 720 800 15 1
722 804 1472396159210 720 800 15 1
721 804 1472396159240 720 800 15 1
721 804 1472396159270 720 800 15 1
721 804 1472396159300 720 800 15 1
721 804 1472396159330 720 800 15 1
721 804 1472396159360 720 800 15 1
721 804 1472396159390 720 800 15 1
721 804 1472396159420 720 800 15 1
721 804 1472396159450 720 800 15 1
721 804 1472396159480 720 800 15 1
721 804 1472396159510 720 800 15 1
721 804 1472396159540 720 800 15 1
721 804 1472396159570 720 800 15 1
721 804 1472396159600 720 800 15 1
721 804 1472396159630 720 800 15 1
721 804 1472396159660 720 800 15 1
721 804 1472396159690 720 800 15 1
721 804 1472396159720 720 800 15 1
721 804 1472396159750 720 800 15 1
721 804 1472396159780 720 800 15 1
721 804 1472396159810 720 800 15 1
721 804 1472396159840 720 800 15 1
721 804 1472396159870 720 800 15 1
721 804 1472396159900 720 800 15 1
721 803 1472396159930 720 800 15 1
721 803 1472396159960 720 800 15 1
720 803 1472396159990 720 800 15 1
720 803 1472396160020 720 800 15 1
719 802 1472396160050 720 100 14 0
719 801 1472396160080 720 100 14 0
718 800 1472396160110 720 100 14 0
718 800 1472396160140 720 100 14 0
718 800 1472396160170 720 100 14 0
718 800 1472396160200 720 100 14 0
718 800 1472396160230 720 100 14 0
718 800 1472396160260 720 100 14 0
718 800 1472396160290 720 100 14 0
718 800 1472396160320 720 100 14 0
718 800 1472396160350 720 100 14 0
718 800 1472396160380 720 100 14 0
718 800 1472396160410 720 100 14 0
718 800 1472396160440 720 100 14 0
718 800 1472396160470 720 100 14 0
718 800 1472396160500 720 100 14 0
718 800 1472396160530 720 100 14 0
718 800 1472396160560 720 100 14 0
718 800 1472396160590 720 100 14 0
717 793 1472396160620 720 100 14 0
715 783 1472396160650 720 100 14 0
712 763 1472396160680 720 100 14 0
711 734 1472396160710 720 100 14 0
717 679 1472396160740 720 100 14 0
728 608 1472396160770 720 100 14 0
737 534 1472396160800 720 100 14 0
740 486 1472396160830 720 100 14 0
740 420 1472396160860 720 100 14 0
730 363 1472396160890 720 100 14 0
712 316 1472396160920 720 100 14 0
696 275 1472396160950 720 100 14 0
686 237 1472396160980 720 100 14 0
683 216 1472396161010 720 100 14 0
681 191 1472396161040 720 100 14 0
680 176 1472396161070 720 100 14 0
685 163 1472396161100 720 100 14 0
691 153 1472396161130 720 100 14 0
699 136 1472396161160 720 100 14 0
705 118 1472396161190 720 100 14 0
706 103 1472396161220 720 100 14 0
703 95 1472396161250 720 100 14 0
699 91 1472396161280 720 100 14 0
699 91 1472396161310 720 100 14 0
699 92 1472396161340 720 100 14 0
700 94 1472396161370 720 100 14 0
701 95 1472396161400 720 100 14 0
703 95 1472396161430 720 100 14 0
704 95 1472396161460 720 100 14 0
705 94 1472396161490 720 100 14 0
709 94 1472396161520 720 100 14 0
716 94 1472396161550 720 100 14 0
722 93 1472396161580 720 100 14 0
725 93 1472396161610 720 100 14 0
726 94 1472396161640 720 100 14 0
725 94 1472396161670 720 100 14 0
725 95 1472396161700 720 100 14 0
725 96 1472396161730 720 100 14 0
725 97 1472396161760 720 100 14 0
725 98 1472396161790 720 100 14 0
725 99 1472396161820 720 100 14 0
725 100 1472396161850 720 100 14 0
725 101 1472396161880 720 100 14 0
725 101 1472396161910 720 100 14 0
725 102 1472396161940 720 100 14 0
724 103 1472396161970 720 100 14 0
722 105 1472396162000 720 100 14 0
722 106 1472396162030 720 100 14 0
721 106 1472396162060 720 100 14 0
721 106 1472396162090 720 100 14 0
721 106 1472396162120 720 100 14 0
721 106 1472396162150 720 100 14 0
721 106 1472396162180 720 100 14 0
721 106 1472396162210 720 100 14 0
721 106 1472396162240 720 100 14 0
721 106 1472396162270 720 100 14 0
721 106 1472396162300 720 100 14 0
721 105 1472396162330 720 100 14 0
721 104 1472396162360 720 100 14 1
721 103 1472396162390 720 100 14 1
721 102 1472396162420 720 100 14 1
720 101 1472396162450 720 100 14 1
720 100 1472396162480 720 100 14 1
720 100 1472396162510 720 100 14 1
720 100 1472396162540 720 100 14 1
720 100 1472396162570 720 100 14 1
720 100 1472396162600 720 100 14 1
720 100 1472396162630 720 100 14 1
720 100 1472396162660 720 100 14 1
720 100 1472396162690 720 100 14 1
720 100 1472396162720 720 100 14 1
720 100 1472396162750 720 100 14 1
720 100 1472396162780 720 100 14 1
720 100 1472396162810 720 100 14 1
720 100 1472396162840 720 100 14 1
720 100 1472396162870 720 100 14 1
720 100 1472396162900 720 100 14 1
720 100 1472396162930 720 100 14 1
720 100 1472396162960 720 100 14 1
720 100 1472396162990 720 100 14 1
720 100 1472396163020 720 100 14 1
720 100 1472396163050 720 100 14 1
720 100 1472396163080 720 100 14 1
720 100 1472396163110 720 100 14 1
720 100 1472396163140 720 100 14 1
720 100 1472396163170 720 100 14 1
720 100 1472396163200 720 100 14 1
720 100 1472396163230 720 100 14 1
720 100 1472396163260 720 100 14 1
720 100 1472396163290 720 100 14 1
720 100 1472396163320 720 100 14 1
720 100 1472396163350 720 100 14 1
720 100 1472396163380 720 800 15 0
720 100 1472396163410 720 800 15 0
720 100 1472396163440 720 800 15 0
720 100 1472396163470 720 800 15 0
720 100 1472396163500 720 800 15 0
720 100 1472396163530 720 800 15 0
720 100 1472396163560 720 800 15 0
720 100 1472396163590 720 800 15 0
720 100 1472396163620 720 800 15 0
720 100 1472396163650 720 800 15 0
720 100 1472396163680 720 800 15 0
720 100 1472396163710 720 800 15 0
720 104 1472396163740 720 800 15 0
719 111 1472396163770 720 800 15 0
716 134 1472396163800 720 800 15 0
713 175 1472396163830 720 800 15 0
712 232 1472396163860 720 800 15 0
714 303 1472396163890 720 800 15 0
714 388 1472396163920 720 800 15 0
714 449 1472396163950 720 800 15 0
716 537 1472396163980 720 800 15 0
719 616 1472396164010 720 800 15 0
722 680 1472396164040 720 800 15 0
724 727 1472396164070 720 800 15 0
726 752 1472396164100 720 800 15 0
726 759 1472396164130 720 800 15 0
726 761 1472396164160 720 800 15 0
726 760 1472396164190 720 800 15 0
726 760 1472396164220 720 800 15 0
726 761 1472396164250 720 800 15 0
726 764 1472396164280 720 800 15 0
726 767 1472396164310 720 800 15 0
725 772 1472396164340 720 800 15 0
724 779 1472396164370 720 800 15 0
723 783 1472396164400 720 800 15 0
723 784 1472396164430 720 800 15 0
722 786 1472396164460 720 800 15 0
721 789 1472396164490 720 800 15 0
721 791 1472396164520 720 800 15 0
720 792 1472396164550 720 800 15 0
720 792 1472396164580 720 800 15 0
720 792 1472396164610 720 800 15 0
720 792 1472396164640 720 800 15 0
720 792 1472396164670 720 800 15 0
720 792 1472396164700 720 800 15 0
720 792 1472396164730 720 800 15 0
720 792 1472396164760 720 800 15 0
721 793 1472396164790 720 800 15 0
722 794 1472396164820 720 800 15 0
724 796 1472396164850 720 800 15 0
724 797 1472396164880 720 800 15 1
724 798 1472396164910 720 800 15 1
725 799 1472396164940 720 800 15 0
725 799 1472396164970 720 800 15 0
725 800 1472396165000 720 800 15 1
725 801 1472396165030 720 800 15 0
725 802 1472396165060 720 800 15 0
725 802 1472396165090 720 800 15 0
725 802 1472396165120 720 800 15 0
725 802 1472396165150 720 800 15 0
725 802 1472396165180 720 800 15 0
725 802 1472396165210 720 800 15 0
725 802 1472396165240 720 800 15 0
725 802 1472396165270 720 800 15 0
725 802 1472396165300 720 800 15 0
725 802 1472396165330 720 800 15 0
725 802 1472396165360 720 800 15 0
725 802 1472396165390 720 800 15 0
725 802 1472396165420 720 800 15 0
725 802 1472396165450 720 800 15 0
725 802 1472396165480 720 800 15 0
725 802 1472396165510 720 800 15 0
725 802 1472396165540 720 800 15 0
725 802 1472396165570 720 800 15 0
725 802 1472396165600 720 800 15 0
725 802 1472396165630 720 800 15 0
725 802 1472396165660 720 800 15 0
725 802 1472396165690 720 800 15 0
725 802 1472396165720 720 800 15 0
725 802 1472396165750 720 800 15 0
725 802 1472396165780 720 800 15 0
725 802 1472396165810 720 800 15 0
725 802 1472396165840 720 800 15 0
725 802 1472396165870 720 800 15 0
725 802 1472396165900 720 800 15 0
725 802 1472396165930 720 800 15 0
725 802 1472396165960 720 800 15 0
725 802 1472396165990 720 800 15 0
725 802 1472396166020 720 800 15 0
725 802 1472396166050 720 800 15 0
725 802 1472396166080 720 800 15 0
725 802 1472396166110 720 800 15 0
724 802 1472396166140 720 800 15 1
724 802 1472396166170 720 800 15 1
724 802 1472396166200 720 800 15 1
724 802 1472396166230 720 800 15 1
724 802 1472396166260 720 800 15 1
724 802 1472396166290 720 800 15 1
724 802 1472396166320 720 800 15 1
724 802 1472396166350 720 800 15 1
724 802 1472396166380 720 800 15 1
724 802 1472396166410 720 800 15 1
724 802 1472396166440 720 800 15 1
724 802 1472396166470 720 800 15 1
724 802 1472396166500 720 800 15 1
724 802 1472396166530 720 800 15 1
724 802 1472396166560 720 800 15 1
724 802 1472396166590 720 800 15 1
724 802 1472396166620 720 800 15 1
724 802 1472396166650 720 800 15 1
724 802 1472396166680 720 800 15 1
724 802 1472396166710 720 800 15 1
724 802 1472396166740 720 800 15 1
724 802 1472396166770 720 800 15 1
724 802 1472396166800 720 800 15 1
724 802 1472396166830 720 800 15 1
724 802 1472396166860 720 800 15 1
724 802 1472396166890 720 800 15 1
724 802 1472396166920 720 800 15 1
724 802 1472396166950 720 800 15 1
724 802 1472396166980 720 800 15 1
724 802 1472396167010 720 800 15 1
724 802 1472396167040 720 800 15 1
724 802 1472396167070 720 800 15 1
724 802 1472396167100 720 800 15 1
724 802 1472396167130 720 800 15 1
724 802 1472396167160 1215 305 14 0
724 802 1472396167190 1215 305 14 0
724 802 1472396167220 1215 305 14 0
724 802 1472396167250 1215 305 14 0
724 802 1472396167280 1215 305 14 0
724 802 1472396167310 1215 305 14 0
724 802 1472396167340 1215 305 14 0
724 802 1472396167370 1215 305 14 0
724 802 1472396167400 1215 305 14 0
724 802 1472396167430 1215 305 14 0
724 802 1472396167460 1215 305 14 0
724 802 1472396167490 1215 305 14 0
724 801 1472396167520 1215 305 14 0
725 798 1472396167550 1215 305 14 0
730 790 1472396167580 1215 305 14 0
736 783 1472396167610 1215 305 14 0
744 774 1472396167640 1215 305 14 0
765 749 1472396167670 1215 305 14 0
811 693 1472396167700 1215 305 14 0
848 654 1472396167730 1215 305 14 0
889 616 1472396167760 1215 305 14 0
915 588 1472396167790 1215 305 14 0
935 561 1472396167820 1215 305 14 0
949 538 1472396167850 1215 305 14 0
960 518 1472396167880 1215 305 14 0
970 505 1472396167910 1215 305 14 0
993 482 1472396167940 1215 305 14 0
1022 459 1472396167970 1215 305 14 0
1052 440 1472396168000 1215 305 14 0
1071 428 1472396168030 1215 305 14 0
1100 410 1472396168060 1215 305 14 0
1126 393 1472396168090 1215 305 14 0
1145 379 1472396168120 1215 305 14 0
1151 370 1472396168150 1215 305 14 0
1151 366 1472396168180 1215 305 14 0
1151 365 1472396168210 1215 305 14 0
1151 364 1472396168240 1215 305 14 0
1152 362 1472396168270 1215 305 14 0
1157 358 1472396168300 1215 305 14 0
1161 354 1472396168330 1215 305 14 0
1167 348 1472396168360 1215 305 14 0
1171 343 1472396168390 1215 305 14 0
1178 335 1472396168420 1215 305 14 0
1185 328 1472396168450 1215 305 14 0
1190 322 1472396168480 1215 305 14 0
1193 321 1472396168510 1215 305 14 0
1196 320 1472396168540 1215 305 14 0
1198 320 1472396168570 1215 305 14 0
1200 319 1472396168600 1215 305 14 0
1202 318 1472396168630 1215 305 14 0
1204 318 1472396168660 1215 305 14 0
1205 317 1472396168690 1215 305 14 0
1208 316 1472396168720 1215 305 14 0
1212 315 1472396168750 1215 305 14 0
1216 314 1472396168780 1215 305 14 0
1220 313 1472396168810 1215 305 14 0
1222 312 1472396168840 1215 305 14 0
1222 312 1472396168870 1215 305 14 0
1222 312 1472396168900 1215 305 14 0
1220 312 1472396168930 1215 305 14 0
1219 313 1472396168960 1215 305 14 0
1218 313 1472396168990 1215 305 14 0
1218 313 1472396169020 1215 305 14 0
1218 313 1472396169050 1215 305 14 0
1217 312 1472396169080 1215 305 14 0
1216 311 1472396169110 1215 305 14 0
1214 309 1472396169140 1215 305 14 1
1213 307 1472396169170 1215 305 14 1
1212 307 1472396169200 1215 305 14 1
1212 306 1472396169230 1215 305 14 1
1212 306 1472396169260 1215 305 14 1
1212 307 1472396169290 1215 305 14 1
1213 308 1472396169320 1215 305 14 1
1213 308 1472396169350 1215 305 14 1
1214 308 1472396169380 1215 305 14 1
1214 309 1472396169410 1215 305 14 1
1214 309 1472396169440 1215 305 14 1
1215 310 1472396169470 1215 305 14 0
1215 310 1472396169500 1215 305 14 0
1215 310 1472396169530 1215 305 14 0
1215 310 1472396169560 1215 305 14 0
1215 310 1472396169590 1215 305 14 0
1215 310 1472396169620 1215 305 14 0
1215 310 1472396169650 1215 305 14 0
1215 310 1472396169680 1215 305 14 0
1215 310 1472396169710 1215 305 14 0
1215 310 1472396169740 1215 305 14 0
1215 310 1472396169770 1215 305 14 0
1215 310 1472396169800 1215 305 14 0
1215 310 1472396169830 1215 305 14 0
1215 310 1472396169860 1215 305 14 0
1215 310 1472396169890 1215 305 14 0
1215 310 1472396169920 1215 305 14 0
1215 310 1472396169950 1215 305 14 0
1215 310 1472396169980 1215 305 14 0
1215 310 1472396170010 1215 305 14 0
1214 310 1472396170040 1215 305 14 0
1213 310 1472396170070 1215 305 14 0
1212 310 1472396170100 1215 305 14 0
1212 310 1472396170130 1215 305 14 0
1212 310 1472396170160 1215 305 14 0
1212 310 1472396170190 1215 305 14 0
1212 310 1472396170220 1215 305 14 0
1212 310 1472396170250 1215 305 14 0
1212 310 1472396170280 1215 305 14 0
1212 310 1472396170310 1215 305 14 0
1212 310 1472396170340 1215 305 14 0
1212 310 1472396170370 1215 305 14 0
1212 310 1472396170400 1215 305 14 0
1212 310 1472396170430 1215 305 14 0
1212 310 1472396170460 1215 305 14 0
1212 310 1472396170490 1215 305 14 0
1212 310 1472396170520 1215 305 14 0
1212 310 1472396170550 1215 305 14 0
1212 310 1472396170580 1215 305 14 0
1212 310 1472396170610 1215 305 14 0
1212 310 1472396170640 1215 305 14 0
1212 310 1472396170670 1215 305 14 0
1212 310 1472396170700 1215 305 14 0
1212 310 1472396170730 1215 305 14 0
1212 310 1472396170760 1215 305 14 0
1212 310 1472396170790 1215 305 14 0
1212 310 1472396170820 1215 305 14 0
1212 310 1472396170850 1215 305 14 0
1212 310 1472396170880 1215 305 14 0
1212 310 1472396170910 1215 305 14 0
1212 310 1472396170940 1215 305 14 0
1212 310 1472396170970 1215 305 14 0
1212 310 1472396171000 1215 305 14 0
1212 310 1472396171030 1215 305 14 0
1212 310 1472396171060 1215 305 14 0
1212 310 1472396171090 1215 305 14 0
1212 310 1472396171120 1215 305 14 0
1212 310 1472396171150 1215 305 14 0
1212 310 1472396171180 1215 305 14 0
1212 310 1472396171210 1215 305 14 0
1212 310 1472396171240 1215 305 14 0
1212 310 1472396171270 1215 305 14 0
1212 310 1472396171300 1215 305 14 0
1212 310 1472396171330 1215 305 14 0
1212 310 1472396171360 1215 305 14 0
1212 310 1472396171390 1215 305 14 0
1212 310 1472396171420 1215 305 14 0
1212 310 1472396171450 1215 305 14 0
1212 310 1472396171480 1215 305 14 0
1212 310 1472396171510 1215 305 14 0
1212 310 1472396171540 1215 305 14 0
1212 310 1472396171570 1215 305 14 0
1212 310 1472396171600 1215 305 14 0
1213 309 1472396171630 1215 305 14 1
1214 309 1472396171660 1215 305 14 1
1214 309 1472396171690 1215 305 14 1
1214 309 1472396171720 1215 305 14 1
1214 309 1472396171750 1215 305 14 1
1214 309 1472396171780 1215 305 14 1
1214 309 1472396171810 1215 305 14 1
1214 309 1472396171840 1215 305 14 1
1216 308 1472396171870 1215 305 14 1
1217 307 1472396171900 1215 305 14 1
1217 307 1472396171930 1215 305 14 1
1217 307 1472396171960 1215 305 14 1
1217 307 1472396171990 1215 305 14 1
1216 307 1472396172020 1215 305 14 1
1216 307 1472396172050 1215 305 14 1
1216 307 1472396172080 1215 305 14 1
1216 307 1472396172110 1215 305 14 1
1216 307 1472396172140 1215 305 14 1
1216 307 1472396172170 1215 305 14 1
1216 307 1472396172200 1215 305 14 1
1216 307 1472396172230 1215 305 14 1
1216 307 1472396172260 1215 305 14 1
1216 307 1472396172290 1215 305 14 1
1216 307 1472396172320 1215 305 14 1
1216 307 1472396172350 1215 305 14 1
1216 307 1472396172380 1215 305 14 1
1216 307 1472396172410 1215 305 14 1
1216 307 1472396172440 1215 305 14 1
1216 307 1472396172470 1215 305 14 1
1216 307 1472396172500 1215 305 14 1
1216 307 1472396172530 1215 305 14 1
1215 307 1472396172560 1215 305 14 1
1215 307 1472396172590 1215 305 14 1
1215 307 1472396172620 1215 305 14 1
1215 307 1472396172650 720 800 14 0
1215 307 1472396172680 720 800 14 0
1215 307 1472396172710 720 800 14 0
1215 307 1472396172740 720 800 14 0
1215 307 1472396172770 720 800 14 0
1215 307 1472396172800 720 800 14 0
1215 307 1472396172830 720 800 14 0
1215 307 1472396172860 720 800 14 0
1215 307 1472396172890 720 800 14 0
1215 307 1472396172920 720 800 14 0
1215 307 1472396172950 720 800 14 0
1209 310 1472396172980 720 800 14 0
1200 315 1472396173010 720 800 14 0
1181 326 1472396173040 720 800 14 0
1154 348 1472396173070 720 800 14 0
1108 387 1472396173100 720 800 14 0
1068 423 1472396173130 720 800 14 0
1009 478 1472396173160 720 800 14 0
963 522 1472396173190 720 800 14 0
929 555 1472396173220 720 800 14 0
901 580 1472396173250 720 800 14 0
877 602 1472396173280 720 800 14 0
861 619 1472396173310 720 800 14 0
838 645 1472396173340 720 800 14 0
818 670 1472396173370 720 800 14 0
801 696 1472396173400 720 800 14 0
788 718 1472396173430 720 800 14 0
781 733 1472396173460 720 800 14 0
779 738 1472396173490 720 800 14 0
776 741 1472396173520 720 800 14 0
769 745 1472396173550 720 800 14 0
760 750 1472396173580 720 800 14 0
751 756 1472396173610 720 800 14 0
745 762 1472396173640 720 800 14 0
743 766 1472396173670 720 800 14 0
742 772 1472396173700 720 800 14 0
743 775 1472396173730 720 800 14 0
744 777 1472396173760 720 800 14 0
744 779 1472396173790 720 800 14 0
744 782 1472396173820 720 800 14 0
743 787 1472396173850 720 800 14 0
741 791 1472396173880 720 800 14 0
740 792 1472396173910 720 800 14 0
740 793 1472396173940 720 800 14 0
739 793 1472396173970 720 800 14 0
737 794 1472396174000 720 800 14 0
733 795 1472396174030 720 800 14 0
727 797 1472396174060 720 800 14 0
724 799 1472396174090 720 800 14 1
723 800 1472396174120 720 800 14 1
723 800 1472396174150 720 800 14 1
723 800 1472396174180 720 800 14 1
723 801 1472396174210 720 800 14 1
722 801 1472396174240 720 800 14 1
722 802 1472396174270 720 800 14 1
721 802 1472396174300 720 800 14 1
721 803 1472396174330 720 800 14 1
721 803 1472396174360 720 800 14 1
721 803 1472396174390 720 800 14 1
721 803 1472396174420 720 800 14 1
721 803 1472396174450 720 800 14 1
721 803 1472396174480 720 800 14 1
721 803 1472396174510 720 800 14 1
721 803 1472396174540 720 800 14 1
721 803 1472396174570 720 800 14 1
721 803 1472396174600 720 800 14 1
721 802 1472396174630 720 800 14 1
721 802 1472396174660 720 800 14 1
721 802 1472396174690 720 800 14 1
721 802 1472396174720 720 800 14 1
721 802 1472396174750 720 800 14 1
721 802 1472396174780 720 800 14 1
721 802 1472396174810 720 800 14 1
721 802 1472396174840 720 800 14 1
721 802 1472396174870 720 800 14 1
721 802 1472396174900 720 800 14 1
721 802 1472396174930 720 800 14 1
721 802 1472396174960 720 800 14 1
721 802 1472396174990 720 800 14 1
721 802 1472396175020 720 800 14 1
721 802 1472396175050 720 800 14 1
721 802 1472396175080 720 800 14 1
721 802 1472396175110 720 800 14 1
721 802 1472396175140 1420 800 15 0
721 802 1472396175170 1420 800 15 0
721 802 1472396175200 1420 800 15 0
721 802 1472396175230 1420 800 15 0
721 802 1472396175260 1420 800 15 0
721 802 1472396175290 1420 800 15 0
721 802 1472396175320 1420 800 15 0
721 802 1472396175350 1420 800 15 0
721 802 1472396175380 1420 800 15 0
721 802 1472396175410 1420 800 15 0
721 802 1472396175440 1420 800 15 0
721 802 1472396175470 1420 800 15 0
722 800 1472396175500 1420 800 15 0
727 795 1472396175530 1420 800 15 0
739 787 1472396175560 1420 800 15 0
754 784 1472396175590 1420 800 15 0
773 784 1472396175620 1420 800 15 0
791 783 1472396175650 1420 800 15 0
828 773 1472396175680 1420 800 15 0
877 756 1472396175710 1420 800 15 0
930 746 1472396175740 1420 800 15 0
966 745 1472396175770 1420 800 15 0
1019 748 1472396175800 1420 800 15 0
1070 754 1472396175830 1420 800 15 0
1114 763 1472396175860 1420 800 15 0
1145 772 1472396175890 1420 800 15 0
1163 781 1472396175920 1420 800 15 0
1169 785 1472396175950 1420 800 15 0
1174 788 1472396175980 1420 800 15 0
1179 790 1472396176010 1420 800 15 0
1191 790 1472396176040 1420 800 15 0
1213 787 1472396176070 1420 800 15 0
1242 783 1472396176100 1420 800 15 0
1262 780 1472396176130 1420 800 15 0
1288 780 1472396176160 1420 800 15 0
1307 781 1472396176190 1420 800 15 0
1319 783 1472396176220 1420 800 15 0
1327 785 1472396176250 1420 800 15 0
1335 787 1472396176280 1420 800 15 0
1342 788 1472396176310 1420 800 15 0
1356 788 1472396176340 1420 800 15 0
1373 789 1472396176370 1420 800 15 0
1388 790 1472396176400 1420 800 15 0
1396 792 1472396176430 1420 800 15 0
1401 795 1472396176460 1420 800 15 0
1402 796 1472396176490 1420 800 15 0
1402 797 1472396176520 1420 800 15 0
1402 797 1472396176550 1420 800 15 0
1402 797 1472396176580 1420 800 15 0
1402 797 1472396176610 1420 800 15 0
1402 797 1472396176640 1420 800 15 0
1403 797 1472396176670 1420 800 15 0
1406 798 1472396176700 1420 800 15 0
1410 798 1472396176730 1420 800 15 0
1416 800 1472396176760 1420 800 15 1
1419 801 1472396176790 1420 800 15 1
1421 803 1472396176820 1420 800 15 1
1422 803 1472396176850 1420 800 15 1
1422 804 1472396176880 1420 800 15 1
1422 804 1472396176910 1420 800 15 1
1422 804 1472396176940 1420 800 15 1
1422 804 1472396176970 1420 800 15 1
1422 804 1472396177000 1420 800 15 1
1422 804 1472396177030 1420 800 15 1
1422 804 1472396177060 1420 800 15 1
1422 804 1472396177090 1420 800 15 1
1422 804 1472396177120 1420 800 15 1
1422 804 1472396177150 1420 800 15 1
1422 804 1472396177180 1420 800 15 1
1422 804 1472396177210 1420 800 15 1
1422 804 1472396177240 1420 800 15 1
1422 804 1472396177270 1420 800 15 1
1421 804 1472396177300 1420 800 15 1
1421 803 1472396177330 1420 800 15 1
1421 803 1472396177360 1420 800 15 1
1421 803 1472396177390 1420 800 15 1
1421 803 1472396177420 1420 800 15 1
1420 803 1472396177450 1420 800 15 1
1420 803 1472396177480 1420 800 15 1
1420 803 1472396177510 1420 800 15 1
1419 802 1472396177540 1420 800 15 1
1419 802 1472396177570 1420 800 15 1
1419 802 1472396177600 1420 800 15 1
1419 802 1472396177630 1420 800 15 1
1419 802 1472396177660 1420 800 15 1
1419 802 1472396177690 1420 800 15 1
1418 802 1472396177720 1420 800 15 1
1418 802 1472396177750 1420 800 15 1
1418 802 1472396177780 720 800 14 0
1418 802 1472396177810 720 800 14 0
1418 802 1472396177840 720 800 14 0
1418 801 1472396177870 720 800 14 0
1418 801 1472396177900 720 800 14 0
1418 801 1472396177930 720 800 14 0
1417 801 1472396177960 720 800 14 0
1417 801 1472396177990 720 800 14 0
1417 801 1472396178020 720 800 14 0
1417 801 1472396178050 720 800 14 0
1416 800 1472396178080 720 800 14 0
1412 800 1472396178110 720 800 14 0
1400 799 1472396178140 720 800 14 0
1369 799 1472396178170 720 800 14 0
1322 802 1472396178200 720 800 14 0
1262 803 1472396178230 720 800 14 0
1196 799 1472396178260 720 800 14 0
1149 795 1472396178290 720 800 14 0
1079 788 1472396178320 720 800 14 0
1012 784 1472396178350 720 800 14 0
951 781 1472396178380 720 800 14 0
914 780 1472396178410 720 800 14 0
865 782 1472396178440 720 800 14 0
827 786 1472396178470 720 800 14 0
799 792 1472396178500 720 800 14 0
781 798 1472396178530 720 800 14 0
770 801 1472396178560 720 800 14 0
767 803 1472396178590 720 800 14 0
761 803 1472396178620 720 800 14 0
754 803 1472396178650 720 800 14 0
743 804 1472396178680 720 800 14 0
733 804 1472396178710 720 800 14 0
727 805 1472396178740 720 800 14 0
723 805 1472396178770 720 800 14 0
720 805 1472396178800 720 800 14 0
719 805 1472396178830 720 800 14 0
719 805 1472396178860 720 800 14 0
719 805 1472396178890 720 800 14 0
717 805 1472396178920 720 800 14 0
717 805 1472396178950 720 800 14 0
717 805 1472396178980 720 800 14 0
717 805 1472396179010 720 800 14 0
717 805 1472396179040 720 800 14 0
717 805 1472396179070 720 800 14 0
718 804 1472396179100 720 800 14 1
718 804 1472396179130 720 800 14 1
718 804 1472396179160 720 800 14 1
718 804 1472396179190 720 800 14 1
718 804 1472396179220 720 800 14 1
718 804 1472396179250 720 800 14 1
718 804 1472396179280 720 800 14 1
718 804 1472396179310 720 800 14 1
718 804 1472396179340 720 800 14 1
718 804 1472396179370 720 800 14 1
718 804 1472396179400 720 800 14 1
718 804 1472396179430 720 800 14 1
718 804 1472396179460 720 800 14 1
718 804 1472396179490 720 800 14 1
718 804 1472396179520 720 800 14 1
718 804 1472396179550 720 800 14 1
718 804 1472396179580 720 800 14 1
718 804 1472396179610 720 800 14 1
718 804 1472396179640 720 800 14 1
718 804 1472396179670 720 800 14 1
718 804 1472396179700 720 800 14 1
718 804 1472396179730 720 800 14 1
718 804 1472396179760 720 800 14 1
718 804 1472396179790 720 800 14 1
718 804 1472396179820 720 800 14 1
718 804 1472396179850 720 800 14 1
718 804 1472396179880 720 800 14 1
718 804 1472396179910 720 800 14 1
718 804 1472396179940 720 800 14 1
718 804 1472396179970 720 800 14 1
718 804 1472396180000 720 800 14 1
718 804 1472396180030 720 800 14 1
718 804 1472396180060 720 800 14 1
718 804 1472396180090 720 800 14 1
718 804 1472396180120 720 800 14 1
718 804 1472396180150 170 800 42 0
718 804 1472396180180 170 800 42 0
718 804 1472396180210 170 800 42 0
718 804 1472396180240 170 800 42 0
718 804 1472396180270 170 800 42 0
718 804 1472396180300 170 800 42 0
718 804 1472396180330 170 800 42 0
718 804 1472396180360 170 800 42 0
718 804 1472396180390 170 800 42 0
718 804 1472396180420 170 800 42 0
718 804 1472396180450 170 800 42 0
716 804 1472396180480 170 800 42 0
710 804 1472396180510 170 800 42 0
694 809 1472396180540 170 800 42 0
680 815 1472396180570 170 800 42 0
650 823 1472396180600 170 800 42 0
602 831 1472396180630 170 800 42 0
544 836 1472396180660 170 800 42 0
487 839 1472396180690 170 800 42 0
437 838 1472396180720 170 800 42 0
409 835 1472396180750 170 800 42 0
375 827 1472396180780 170 800 42 0
350 817 1472396180810 170 800 42 0
333 809 1472396180840 170 800 42 0
326 806 1472396180870 170 800 42 0
319 805 1472396180900 170 800 42 0
315 804 1472396180930 170 800 42 0
308 807 1472396180960 170 800 42 0
294 815 1472396180990 170 800 42 0
271 824 1472396181020 170 800 42 0
254 830 1472396181050 170 800 42 0
226 838 1472396181080 170 800 42 0
200 840 1472396181110 170 800 42 0
182 837 1472396181140 170 800 42 0
174 833 1472396181170 170 800 42 0
173 831 1472396181200 170 800 42 1
174 831 1472396181230 170 800 42 1
176 829 1472396181260 170 800 42 1
178 827 1472396181290 170 800 42 1
179 823 1472396181320 170 800 42 1
180 820 1472396181350 170 800 42 1
179 817 1472396181380 170 800 42 1
177 815 1472396181410 170 800 42 1
173 812 1472396181440 170 800 42 1
171 811 1472396181470 170 800 42 1
170 811 1472396181500 170 800 42 1
170 811 1472396181530 170 800 42 1
170 811 1472396181560 170 800 42 1
170 811 1472396181590 170 800 42 1
170 811 1472396181620 170 800 42 1
170 811 1472396181650 170 800 42 1
170 811 1472396181680 170 800 42 1
170 811 1472396181710 170 800 42 1
170 811 1472396181740 170 800 42 1
171 810 1472396181770 170 800 42 1
171 810 1472396181800 170 800 42 1
171 809 1472396181830 170 800 42 1
172 809 1472396181860 170 800 42 1
172 808 1472396181890 170 800 42 1
172 808 1472396181920 170 800 42 1
172 808 1472396181950 170 800 42 1
172 807 1472396181980 170 800 42 1
172 807 1472396182010 170 800 42 1
172 807 1472396182040 170 800 42 1
172 807 1472396182070 170 800 42 1
172 807 1472396182100 170 800 42 1
172 807 1472396182130 170 800 42 1
172 807 1472396182160 170 800 42 1
172 807 1472396182191 720 800 46 0
172 807 1472396182220 720 800 46 0
172 807 1472396182250 720 800 46 0
172 807 1472396182280 720 800 46 0
172 807 1472396182310 720 800 46 0
172 807 1472396182340 720 800 46 0
172 807 1472396182370 720 800 46 0
172 807 1472396182400 720 800 46 0
172 807 1472396182430 720 800 46 0
172 807 1472396182460 720 800 46 0
172 807 1472396182490 720 800 46 0
172 807 1472396182520 720 800 46 0
172 807 1472396182550 720 800 46 0
172 807 1472396182580 720 800 46 0
172 807 1472396182610 720 800 46 0
172 807 1472396182640 720 800 46 0
175 807 1472396182670 720 800 46 0
189 806 1472396182700 720 800 46 0
205 806 1472396182730 720 800 46 0
242 802 1472396182760 720 800 46 0
291 795 1472396182790 720 800 46 0
346 790 1472396182820 720 800 46 0
383 789 1472396182850 720 800 46 0
438 795 1472396182880 720 800 46 0
494 804 1472396182910 720 800 46 0
551 810 1472396182940 720 800 46 0
607 812 1472396182970 720 800 46 0
660 811 1472396183000 720 800 46 0
690 811 1472396183030 720 800 46 1
722 812 1472396183060 720 800 46 1
736 814 1472396183090 720 800 46 1
737 816 1472396183120 720 800 46 1
732 817 1472396183150 720 800 46 1
728 815 1472396183180 720 800 46 1
728 813 1472396183210 720 800 46 1
730 810 1472396183240 720 800 46 1
733 807 1472396183270 720 800 46 1
735 806 1472396183300 720 800 46 1
735 805 1472396183330 720 800 46 1
735 805 1472396183360 720 800 46 1
735 805 1472396183390 720 800 46 1
735 805 1472396183420 720 800 46 1
735 805 1472396183450 720 800 46 1
735 805 1472396183480 720 800 46 1
735 805 1472396183510 720 800 46 1
735 805 1472396183540 720 800 46 1
735 805 1472396183570 720 800 46 1
735 805 1472396183600 720 800 46 1
734 806 1472396183630 720 800 46 1
731 806 1472396183660 720 800 46 1
728 806 1472396183690 720 800 46 1
720 806 1472396183720 720 800 46 1
718 806 1472396183750 720 800 46 1
718 805 1472396183780 720 800 46 1
721 803 1472396183810 720 800 46 1
726 803 1472396183840 720 800 46 1
728 802 1472396183870 720 800 46 1
729 802 1472396183900 720 800 46 1
729 802 1472396183930 720 800 46 1
729 802 1472396183960 720 800 46 1
729 802 1472396183990 720 800 46 1
729 802 1472396184020 720 800 46 1
728 802 1472396184050 720 800 46 1
728 803 1472396184080 331 467 37 0
727 803 1472396184110 331 467 37 0
727 803 1472396184140 331 467 37 0
727 803 1472396184170 331 467 37 0
727 803 1472396184200 331 467 37 0
727 803 1472396184230 331 467 37 0
726 803 1472396184260 331 467 37 0
726 803 1472396184290 331 467 37 0
726 803 1472396184320 331 467 37 0
726 803 1472396184350 331 467 37 0
726 803 1472396184380 331 467 37 0
726 803 1472396184410 331 467 37 0
726 803 1472396184440 331 467 37 0
726 803 1472396184470 331 467 37 0
725 803 1472396184500 331 467 37 0
723 802 1472396184530 331 467 37 0
717 799 1472396184560 331 467 37 0
710 795 1472396184590 331 467 37 0
697 785 1472396184620 331 467 37 0
672 764 1472396184650 331 467 37 0
636 735 1472396184680 331 467 37 0
608 714 1472396184710 331 467 37 0
566 680 1472396184740 331 467 37 0
526 647 1472396184770 331 467 37 0
489 621 1472396184800 331 467 37 0
466 606 1472396184830 331 467 37 0
437 587 1472396184860 331 467 37 0
420 568 1472396184890 331 467 37 0
413 552 1472396184920 331 467 37 0
411 546 1472396184950 331 467 37 0
410 545 1472396184980 331 467 37 0
409 545 1472396185010 331 467 37 0
401 539 1472396185040 331 467 37 0
389 530 1472396185070 331 467 37 0
375 517 1472396185100 331 467 37 0
362 505 1472396185130 331 467 37 0
352 494 1472396185160 331 467 37 0
349 491 1472396185190 331 467 37 0
348 490 1472396185220 331 467 37 0
348 490 1472396185250 331 467 37 0
348 489 1472396185280 331 467 37 0
346 488 1472396185310 331 467 37 1
343 484 1472396185340 331 467 37 1
341 481 1472396185370 331 467 37 1
340 479 1472396185400 331 467 37 1
340 479 1472396185430 331 467 37 1
340 479 1472396185460 331 467 37 1
340 479 1472396185490 331 467 37 1
339 478 1472396185520 331 467 37 1
338 476 1472396185550 331 467 37 1
338 476 1472396185580 331 467 37 1
338 476 1472396185610 331 467 37 1
338 476 1472396185640 331 467 37 1
338 476 1472396185670 331 467 37 1
338 476 1472396185700 331 467 37 1
338 476 1472396185730 331 467 37 1
338 476 1472396185760 331 467 37 1
338 476 1472396185790 331 467 37 1
338 476 1472396185820 331 467 37 1
338 476 1472396185850 331 467 37 1
338 476 1472396185880 331 467 37 1
338 476 1472396185910 331 467 37 1
337 475 1472396185940 331 467 37 1
337 475 1472396185970 331 467 37 1
337 475 1472396186000 331 467 37 1
337 475 1472396186030 331 467 37 1
337 475 1472396186060 331 467 37 1
337 475 1472396186090 331 467 37 1
337 475 1472396186120 331 467 37 1
337 475 1472396186150 331 467 37 1
337 475 1472396186180 331 467 37 1
337 475 1472396186210 331 467 37 1
337 475 1472396186240 331 467 37 1
337 475 1472396186270 331 467 37 1
337 475 1472396186300 331 467 37 1
337 475 1472396186330 720 800 44 0
337 475 1472396186360 720 800 44 0
337 475 1472396186390 720 800 44 0
337 475 1472396186420 720 800 44 0
337 475 1472396186450 720 800 44 0
337 474 1472396186480 720 800 44 0
337 474 1472396186510 720 800 44 0
337 474 1472396186540 720 800 44 0
337 474 1472396186570 720 800 44 0
337 474 1472396186600 720 800 44 0
337 474 1472396186630 720 800 44 0
337 474 1472396186660 720 800 44 0
337 474 1472396186690 720 800 44 0
343 477 1472396186720 720 800 44 0
355 485 1472396186750 720 800 44 0
372 501 1472396186780 720 800 44 0
387 515 1472396186810 720 800 44 0
414 541 1472396186840 720 800 44 0
447 572 1472396186870 720 800 44 0
489 604 1472396186900 720 800 44 0
537 633 1472396186930 720 800 44 0
588 660 1472396186960 720 800 44 0
621 678 1472396186990 720 800 44 0
660 707 1472396187020 720 800 44 0
683 736 1472396187050 720 800 44 0
695 757 1472396187080 720 800 44 0
698 767 1472396187110 720 800 44 0
698 768 1472396187140 720 800 44 0
695 766 1472396187170 720 800 44 0
693 763 1472396187200 720 800 44 0
693 762 1472396187230 720 800 44 0
697 761 1472396187260 720 800 44 0
704 760 1472396187290 720 800 44 0
712 760 1472396187320 720 800 44 0
717 762 1472396187350 720 800 44 0
724 772 1472396187380 720 800 44 1
728 786 1472396187410 720 800 44 1
730 794 1472396187440 720 800 44 1
730 794 1472396187470 720 800 44 1
729 794 1472396187500 720 800 44 1
727 792 1472396187530 720 800 44 1
725 789 1472396187560 720 800 44 1
724 787 1472396187590 720 800 44 1
724 787 1472396187620 720 800 44 1
724 786 1472396187650 720 800 44 1
724 786 1472396187680 720 800 44 1
724 786 1472396187710 720 800 44 1
724 786 1472396187740 720 800 44 1
724 786 1472396187770 720 800 44 1
724 786 1472396187800 720 800 44 1
724 786 1472396187830 720 800 44 1
724 786 1472396187860 720 800 44 1
724 786 1472396187890 720 800 44 1
724 786 1472396187920 720 800 44 1
724 786 1472396187950 720 800 44 1
724 786 1472396187980 720 800 44 1
724 786 1472396188010 720 800 44 1
724 786 1472396188040 720 800 44 1
724 786 1472396188070 720 800 44 1
724 786 1472396188100 720 800 44 1
724 786 1472396188130 720 800 44 1
724 786 1472396188160 720 800 44 1
724 786 1472396188190 720 800 44 1
724 786 1472396188220 720 800 44 1
724 786 1472396188250 720 800 44 1
724 786 1472396188280 720 800 44 1
724 786 1472396188310 720 800 44 1
724 786 1472396188340 720 800 44 1
724 786 1472396188370 720 250 41 0
724 786 1472396188400 720 250 41 0
724 786 1472396188430 720 250 41 0
724 786 1472396188460 720 250 41 0
724 786 1472396188490 720 250 41 0
724 786 1472396188520 720 250 41 0
724 786 1472396188550 720 250 41 0
723 786 1472396188580 720 250 41 0
723 786 1472396188610 720 250 41 0
723 786 1472396188640 720 250 41 0
723 786 1472396188670 720 250 41 0
722 785 1472396188700 720 250 41 0
721 778 1472396188730 720 250 41 0
718 755 1472396188760 720 250 41 0
719 727 1472396188790 720 250 41 0
728 661 1472396188820 720 250 41 0
747 582 1472396188850 720 250 41 0
772 498 1472396188880 720 250 41 0
795 423 1472396188910 720 250 41 0
802 368 1472396188940 720 250 41 0
795 345 1472396188970 720 250 41 0
778 321 1472396189000 720 250 41 0
762 306 1472396189030 720 250 41 0
750 296 1472396189060 720 250 41 0
744 291 1472396189090 720 250 41 0
744 290 1472396189120 720 250 41 0
744 290 1472396189150 720 250 41 0
745 288 1472396189180 720 250 41 0
745 283 1472396189210 720 250 41 0
743 276 1472396189240 720 250 41 0
740 272 1472396189270 720 250 41 1
738 269 1472396189300 720 250 41 1
737 267 1472396189330 720 250 41 1
735 266 1472396189360 720 250 41 1
733 263 1472396189390 720 250 41 1
729 258 1472396189420 720 250 41 1
728 257 1472396189450 720 250 41 1
728 257 1472396189480 720 250 41 1
728 257 1472396189510 720 250 41 1
729 257 1472396189540 720 250 41 1
730 257 1472396189570 720 250 41 1
730 257 1472396189600 720 250 41 1
731 257 1472396189630 720 250 41 1
731 257 1472396189660 720 250 41 1
731 257 1472396189690 720 250 41 1
731 257 1472396189720 720 250 41 1
731 257 1472396189750 720 250 41 1
731 257 1472396189780 720 250 41 1
731 257 1472396189810 720 250 41 1
731 257 1472396189840 720 250 41 1
731 257 1472396189870 720 250 41 1
731 257 1472396189900 720 250 41 1
731 257 1472396189930 720 250 41 1
731 257 1472396189960 720 250 41 1
730 257 1472396189990 720 250 41 1
729 257 1472396190020 720 250 41 1
729 257 1472396190050 720 250 41 1
729 257 1472396190080 720 250 41 1
729 257 1472396190110 720 250 41 1
729 258 1472396190140 720 250 41 1
729 258 1472396190170 720 250 41 1
729 258 1472396190200 720 250 41 1
729 258 1472396190230 720 250 41 1
729 258 1472396190260 720 250 41 1
729 258 1472396190290 720 800 46 0
729 258 1472396190320 720 800 46 0
729 258 1472396190350 720 800 46 0
729 258 1472396190380 720 800 46 0
729 258 1472396190410 720 800 46 0
729 258 1472396190440 720 800 46 0
729 258 1472396190470 720 800 46 0
729 258 1472396190500 720 800 46 0
729 258 1472396190530 720 800 46 0
729 258 1472396190560 720 800 46 0
729 258 1472396190590 720 800 46 0
729 263 1472396190620 720 800 46 0
730 279 1472396190650 720 800 46 0
730 310 1472396190680 720 800 46 0
725 364 1472396190710 720 800 46 0
718 435 1472396190740 720 800 46 0
714 487 1472396190770 720 800 46 0
710 567 1472396190800 720 800 46 0
709 640 1472396190830 720 800 46 0
712 695 1472396190860 720 800 46 0
715 728 1472396190890 720 800 46 0
718 740 1472396190920 720 800 46 0
718 743 1472396190950 720 800 46 0
716 748 1472396190980 720 800 46 0
713 757 1472396191010 720 800 46 0
711 773 1472396191040 720 800 46 1
710 793 1472396191070 720 800 46 1
712 807 1472396191100 720 800 46 1
714 810 1472396191130 720 800 46 1
714 810 1472396191160 720 800 46 1
714 807 1472396191190 720 800 46 1
714 805 1472396191220 720 800 46 1
714 804 1472396191250 720 800 46 1
713 803 1472396191280 720 800 46 1
713 803 1472396191310 720 800 46 1
713 803 1472396191340 720 800 46 1
713 803 1472396191370 720 800 46 1
713 803 1472396191400 720 800 46 1
713 803 1472396191430 720 800 46 1
713 803 1472396191460 720 800 46 1
713 803 1472396191490 720 800 46 1
713 803 1472396191520 720 800 46 1
713 803 1472396191550 720 800 46 1
713 803 1472396191580 720 800 46 1
713 803 1472396191610 720 800 46 1
713 803 1472396191640 720 800 46 1
713 803 1472396191670 720 800 46 1
713 803 1472396191700 720 800 46 1
713 803 1472396191730 720 800 46 1
713 803 1472396191760 720 800 46 1
713 803 1472396191790 720 800 46 1
713 803 1472396191820 720 800 46 1
713 803 1472396191850 720 800 46 1
713 803 1472396191880 720 800 46 1
713 803 1472396191910 720 800 46 1
712 803 1472396191940 720 800 46 1
712 802 1472396191970 720 800 46 1
712 802 1472396192000 720 800 46 1
712 802 1472396192030 720 800 46 1
712 802 1472396192060 1109 467 42 0
712 802 1472396192090 1109 467 42 0
712 802 1472396192120 1109 467 42 0
712 802 1472396192150 1109 467 42 0
712 802 1472396192180 1109 467 42 0
712 802 1472396192210 1109 467 42 0
712 802 1472396192240 1109 467 42 0
712 802 1472396192270 1109 467 42 0
712 802 1472396192300 1109 467 42 0
712 802 1472396192330 1109 467 42 0
712 802 1472396192360 1109 467 42 0
716 796 1472396192390 1109 467 42 0
732 777 1472396192420 1109 467 42 0
747 763 1472396192450 1109 467 42 0
782 738 1472396192480 1109 467 42 0
825 712 1472396192510 1109 467 42 0
877 684 1472396192540 1109 467 42 0
922 655 1472396192570 1109 467 42 0
997 595 1472396192600 1109 467 42 0
1043 550 1472396192630 1109 467 42 0
1046 535 1472396192660 1109 467 42 0
1042 529 1472396192690 1109 467 42 0
1037 528 1472396192720 1109 467 42 0
1034 529 1472396192750 1109 467 42 0
1032 529 1472396192780 1109 467 42 0
1034 528 1472396192810 1109 467 42 0
1041 522 1472396192840 1109 467 42 0
1049 514 1472396192870 1109 467 42 0
1059 507 1472396192900 1109 467 42 0
1066 502 1472396192930 1109 467 42 0
1074 497 1472396192960 1109 467 42 0
1080 492 1472396192990 1109 467 42 0
1084 486 1472396193020 1109 467 42 1
1089 480 1472396193050 1109 467 42 1
1093 476 1472396193080 1109 467 42 1
1095 475 1472396193110 1109 467 42 1
1096 475 1472396193140 1109 467 42 1
1096 475 1472396193170 1109 467 42 1
1095 475 1472396193200 1109 467 42 1
1094 476 1472396193230 1109 467 42 1
1093 477 1472396193260 1109 467 42 1
1093 477 1472396193290 1109 467 42 1
1095 476 1472396193320 1109 467 42 1
1098 474 1472396193350 1109 467 42 1
1102 472 1472396193380 1109 467 42 1
1105 471 1472396193410 1109 467 42 1
1108 469 1472396193440 1109 467 42 1
1108 469 1472396193470 1109 467 42 1
1108 469 1472396193500 1109 467 42 1
1107 469 1472396193530 1109 467 42 1
1107 469 1472396193560 1109 467 42 1
1107 469 1472396193590 1109 467 42 1
1107 469 1472396193620 1109 467 42 1
1107 469 1472396193650 1109 467 42 1
1107 469 1472396193680 1109 467 42 1
1107 469 1472396193710 1109 467 42 1
1107 469 1472396193740 1109 467 42 1
1107 469 1472396193770 1109 467 42 1
1107 469 1472396193800 1109 467 42 1
1107 469 1472396193830 1109 467 42 1
1107 469 1472396193860 1109 467 42 1
1107 469 1472396193890 1109 467 42 1
1107 469 1472396193920 1109 467 42 1
1107 469 1472396193950 1109 467 42 1
1107 470 1472396193980 1109 467 42 1
1106 470 1472396194010 1109 467 42 1
1106 470 1472396194040 1109 467 42 1
1106 470 1472396194070 720 800 41 0
1106 470 1472396194100 720 800 41 0
1105 470 1472396194130 720 800 41 0
1105 471 1472396194160 720 800 41 0
1105 471 1472396194190 720 800 41 0
1105 471 1472396194220 720 800 41 0
1105 471 1472396194250 720 800 41 0
1105 471 1472396194280 720 800 41 0
1103 472 1472396194310 720 800 41 0
1093 477 1472396194340 720 800 41 0
1074 492 1472396194370 720 800 41 0
1061 506 1472396194400 720 800 41 0
1053 516 1472396194430 720 800 41 0
1031 538 1472396194460 720 800 41 0
980 583 1472396194490 720 800 41 0
911 639 1472396194520 720 800 41 0
866 675 1472396194550 720 800 41 0
817 713 1472396194580 720 800 41 0
794 727 1472396194610 720 800 41 0
791 727 1472396194640 720 800 41 0
791 727 1472396194670 720 800 41 0
790 731 1472396194700 720 800 41 0
788 736 1472396194730 720 800 41 0
782 746 1472396194760 720 800 41 0
773 757 1472396194790 720 800 41 0
765 769 1472396194820 720 800 41 0
758 778 1472396194850 720 800 41 0
755 781 1472396194880 720 800 41 0
754 782 1472396194910 720 800 41 0
752 781 1472396194940 720 800 41 0
749 779 1472396194970 720 800 41 0
745 778 1472396195000 720 800 41 0
739 780 1472396195030 720 800 41 1
731 787 1472396195060 720 800 41 1
727 791 1472396195090 720 800 41 1
726 794 1472396195120 720 800 41 1
728 794 1472396195150 720 800 41 1
732 795 1472396195180 720 800 41 1
733 795 1472396195210 720 800 41 1
733 796 1472396195240 720 800 41 1
733 797 1472396195270 720 800 41 1
732 799 1472396195300 720 800 41 1
731 800 1472396195330 720 800 41 1
730 800 1472396195360 720 800 41 1
729 799 1472396195390 720 800 41 1
729 798 1472396195420 720 800 41 1
728 798 1472396195450 720 800 41 1
728 797 1472396195480 720 800 41 1
727 797 1472396195510 720 800 41 1
726 797 1472396195540 720 800 41 1
726 797 1472396195570 720 800 41 1
725 797 1472396195600 720 800 41 1
725 797 1472396195630 720 800 41 1
725 797 1472396195660 720 800 41 1
725 797 1472396195690 720 800 41 1
725 797 1472396195720 720 800 41 1
725 797 1472396195750 720 800 41 1
725 797 1472396195780 720 800 41 1
725 797 1472396195810 720 800 41 1
725 797 1472396195840 720 800 41 1
725 797 1472396195870 720 800 41 1
725 797 1472396195900 720 800 41 1
725 797 1472396195930 720 800 41 1
725 797 1472396195960 720 800 41 1
725 797 1472396195990 720 800 41 1
725 797 1472396196020 720 800 41 1
725 797 1472396196050 720 800 41 1
725 797 1472396196080 1270 800 46 0
725 797 1472396196110 1270 800 46 0
725 797 1472396196140 1270 800 46 0
725 797 1472396196170 1270 800 46 0
725 797 1472396196200 1270 800 46 0
725 797 1472396196230 1270 800 46 0
725 797 1472396196260 1270 800 46 0
725 797 1472396196290 1270 800 46 0
725 797 1472396196320 1270 800 46 0
725 797 1472396196350 1270 800 46 0
727 796 1472396196380 1270 800 46 0
737 790 1472396196410 1270 800 46 0
772 775 1472396196440 1270 800 46 0
824 763 1472396196470 1270 800 46 0
882 759 1472396196500 1270 800 46 0
915 764 1472396196530 1270 800 46 0
957 782 1472396196560 1270 800 46 0
996 800 1472396196590 1270 800 46 0
1034 811 1472396196620 1270 800 46 0
1074 811 1472396196650 1270 800 46 0
1121 802 1472396196680 1270 800 46 0
1151 795 1472396196710 1270 800 46 0
1178 793 1472396196740 1270 800 46 0
1180 797 1472396196770 1270 800 46 0
1172 799 1472396196800 1270 800 46 0
1167 798 1472396196830 1270 800 46 0
1167 794 1472396196860 1270 800 46 0
1174 790 1472396196890 1270 800 46 0
1190 782 1472396196920 1270 800 46 0
1207 777 1472396196950 1270 800 46 0
1219 776 1472396196980 1270 800 46 0
1227 778 1472396197010 1270 800 46 0
1231 782 1472396197040 1270 800 46 0
1233 784 1472396197070 1270 800 46 0
1236 786 1472396197100 1270 800 46 0
1237 787 1472396197130 1270 800 46 1
1238 787 1472396197160 1270 800 46 1
1238 787 1472396197190 1270 800 46 1
1241 787 1472396197220 1270 800 46 1
1245 785 1472396197250 1270 800 46 1
1250 784 1472396197280 1270 800 46 1
1257 781 1472396197310 1270 800 46 1
1265 779 1472396197340 1270 800 46 1
1268 779 1472396197370 1270 800 46 1
1272 780 1472396197400 1270 800 46 1
1275 781 1472396197430 1270 800 46 1
1278 783 1472396197460 1270 800 46 1
1279 786 1472396197490 1270 800 46 1
1279 788 1472396197520 1270 800 46 1
1279 789 1472396197550 1270 800 46 1
1278 791 1472396197580 1270 800 46 1
1277 794 1472396197610 1270 800 46 1
1277 796 1472396197640 1270 800 46 1
1277 797 1472396197670 1270 800 46 1
1276 797 1472396197700 1270 800 46 1
1276 797 1472396197730 1270 800 46 1
1276 797 1472396197760 1270 800 46 1
1276 796 1472396197790 1270 800 46 1
1276 796 1472396197820 1270 800 46 1
1277 795 1472396197850 1270 800 46 1
1277 795 1472396197880 1270 800 46 1
1277 795 1472396197910 1270 800 46 1
1277 795 1472396197940 1270 800 46 1
1277 795 1472396197970 1270 800 46 1
1277 795 1472396198000 1270 800 46 1
1277 795 1472396198030 1270 800 46 1
1275 796 1472396198060 1270 800 46 1
1272 797 1472396198090 1270 800 46 1
1270 798 1472396198120 720 800 41 0
1270 798 1472396198150 720 800 41 0
1270 798 1472396198180 720 800 41 0
1270 798 1472396198210 720 800 41 0
1270 798 1472396198240 720 800 41 0
1270 798 1472396198270 720 800 41 0
1270 798 1472396198300 720 800 41 0
1270 798 1472396198330 720 800 41 0
1270 798 1472396198360 720 800 41 0
1269 798 1472396198390 720 800 41 0
1262 796 1472396198420 720 800 41 0
1244 790 1472396198450 720 800 41 0
1215 781 1472396198480 720 800 41 0
1183 780 1472396198510 720 800 41 0
1113 782 1472396198540 720 800 41 0
1022 790 1472396198570 720 800 41 0
926 800 1472396198600 720 800 41 0
840 806 1472396198630 720 800 41 0
777 801 1472396198660 720 800 41 0
750 792 1472396198690 720 800 41 1
729 778 1472396198720 720 800 41 1
724 773 1472396198750 720 800 41 1
728 773 1472396198780 720 800 41 1
733 776 1472396198810 720 800 41 1
735 778 1472396198840 720 800 41 1
735 778 1472396198870 720 800 41 1
735 778 1472396198900 720 800 41 1
733 779 1472396198930 720 800 41 1
730 781 1472396198960 720 800 41 1
728 782 1472396198990 720 800 41 1
728 782 1472396199020 720 800 41 1
728 782 1472396199050 720 800 41 1
726 784 1472396199080 720 800 41 1
723 789 1472396199110 720 800 41 1
721 793 1472396199140 720 800 41 1
721 793 1472396199170 720 800 41 1
721 793 1472396199200 720 800 41 1
723 791 1472396199230 720 800 41 1
724 789 1472396199260 720 800 41 1
725 789 1472396199290 720 800 41 1
725 789 1472396199320 720 800 41 1
725 789 1472396199350 720 800 41 1
725 789 1472396199380 720 800 41 1
725 789 1472396199410 720 800 41 1
725 789 1472396199440 720 800 41 1
725 789 1472396199470 720 800 41 1
725 789 1472396199500 720 800 41 1
725 789 1472396199530 720 800 41 1
725 789 1472396199560 720 800 41 1
724 789 1472396199590 720 800 41 1
724 789 1472396199620 720 800 41 1
724 789 1472396199650 720 800 41 1
724 789 1472396199680 720 800 41 1
724 789 1472396199710 170 800 20 0
724 789 1472396199740 170 800 20 0
724 789 1472396199770 170 800 20 0
724 789 1472396199800 170 800 20 0
724 789 1472396199830 170 800 20 0
724 789 1472396199860 170 800 20 0
724 789 1472396199890 170 800 20 0
724 789 1472396199920 170 800 20 0
724 789 1472396199950 170 800 20 0
724 789 1472396199980 170 800 20 0
723 789 1472396200010 170 800 20 0
719 790 1472396200040 170 800 20 0
706 787 1472396200070 170 800 20 0
674 779 1472396200100 170 800 20 0
618 776 1472396200130 170 800 20 0
541 785 1472396200160 170 800 20 0
487 797 1472396200190 170 800 20 0
420 804 1472396200220 170 800 20 0
369 796 1472396200250 170 800 20 0
333 781 1472396200280 170 800 20 0
318 772 1472396200310 170 800 20 0
305 765 1472396200340 170 800 20 0
301 764 1472396200370 170 800 20 0
296 767 1472396200400 170 800 20 0
284 772 1472396200430 170 800 20 0
265 779 1472396200460 170 800 20 0
250 783 1472396200490 170 800 20 0
229 785 1472396200520 170 800 20 0
211 782 1472396200550 170 800 20 0
201 778 1472396200580 170 800 20 0
200 777 1472396200610 170 800 20 0
200 777 1472396200640 170 800 20 0
199 778 1472396200670 170 800 20 0
195 781 1472396200700 170 800 20 0
187 786 1472396200730 170 800 20 0
181 790 1472396200760 170 800 20 0
178 793 1472396200790 170 800 20 1
177 794 1472396200820 170 800 20 1
177 794 1472396200850 170 800 20 1
176 795 1472396200880 170 800 20 1
175 797 1472396200910 170 800 20 1
173 800 1472396200940 170 800 20 1
173 800 1472396200970 170 800 20 1
173 800 1472396201000 170 800 20 1
173 800 1472396201030 170 800 20 1
173 800 1472396201060 170 800 20 1
173 800 1472396201090 170 800 20 1
173 800 1472396201120 170 800 20 1
173 800 1472396201150 170 800 20 1
173 800 1472396201180 170 800 20 1
173 800 1472396201210 170 800 20 1
173 800 1472396201240 170 800 20 1
173 800 1472396201270 170 800 20 1
173 800 1472396201300 170 800 20 1
173 800 1472396201330 170 800 20 1
173 800 1472396201360 170 800 20 1
173 800 1472396201390 170 800 20 1
173 800 1472396201420 170 800 20 1
173 800 1472396201450 170 800 20 1
173 800 1472396201480 170 800 20 1
173 800 1472396201510 170 800 20 1
173 800 1472396201540 170 800 20 1
173 800 1472396201570 170 800 20 1
173 800 1472396201600 170 800 20 1
173 800 1472396201630 170 800 20 1
173 800 1472396201660 170 800 20 1
173 800 1472396201690 170 800 20 1
173 800 1472396201720 170 800 20 1
173 800 1472396201750 170 800 20 1
173 800 1472396201780 170 800 20 1
173 800 1472396201810 720 800 22 0
173 800 1472396201840 720 800 22 0
173 800 1472396201870 720 800 22 0
173 800 1472396201900 720 800 22 0
173 800 1472396201930 720 800 22 0
173 800 1472396201960 720 800 22 0
173 800 1472396201990 720 800 22 0
173 800 1472396202020 720 800 22 0
173 800 1472396202050 720 800 22 0
174 800 1472396202080 720 800 22 0
184 795 1472396202110 720 800 22 0
209 781 1472396202140 720 800 22 0
235 770 1472396202170 720 800 22 0
288 751 1472396202200 720 800 22 0
355 739 1472396202230 720 800 22 0
427 740 1472396202260 720 800 22 0
475 746 1472396202290 720 800 22 0
546 754 1472396202320 720 800 22 0
612 759 1472396202350 720 800 22 0
676 760 1472396202380 720 800 22 0
739 758 1472396202410 720 800 22 0
792 760 1472396202440 720 800 22 0
815 766 1472396202470 720 800 22 0
830 776 1472396202500 720 800 22 0
828 784 1472396202530 720 800 22 0
820 787 1472396202560 720 800 22 0
815 787 1472396202590 720 800 22 0
812 787 1472396202620 720 800 22 0
809 787 1472396202650 720 800 22 0
802 790 1472396202680 720 800 22 0
792 794 1472396202710 720 800 22 0
784 796 1472396202740 720 800 22 0
781 796 1472396202770 720 800 22 0
781 796 1472396202800 720 800 22 0
782 795 1472396202830 720 800 22 0
782 795 1472396202860 720 800 22 0
780 794 1472396202890 720 800 22 0
772 793 1472396202920 720 800 22 0
765 793 1472396202950 720 800 22 0
753 792 1472396202980 720 800 22 0
746 791 1472396203010 720 800 22 0
743 791 1472396203040 720 800 22 0
743 791 1472396203070 720 800 22 0
745 794 1472396203100 720 800 22 0
746 797 1472396203130 720 800 22 0
747 802 1472396203160 720 800 22 0
746 805 1472396203190 720 800 22 0
742 806 1472396203220 720 800 22 0
737 805 1472396203250 720 800 22 0
733 803 1472396203280 720 800 22 0
730 801 1472396203310 720 800 22 1
725 799 1472396203340 720 800 22 1
719 798 1472396203370 720 800 22 1
715 798 1472396203400 720 800 22 1
713 799 1472396203430 720 800 22 1
713 799 1472396203460 720 800 22 1
715 800 1472396203490 720 800 22 1
720 802 1472396203520 720 800 22 1
723 804 1472396203550 720 800 22 1
724 805 1472396203580 720 800 22 1
724 805 1472396203610 720 800 22 1
724 805 1472396203640 720 800 22 1
724 805 1472396203670 720 800 22 1
724 805 1472396203700 720 800 22 1
724 805 1472396203730 720 800 22 1
724 805 1472396203760 720 800 22 1
723 805 1472396203790 720 800 22 1
723 804 1472396203820 720 800 22 1
723 804 1472396203850 720 800 22 1
723 804 1472396203880 720 800 22 1
723 804 1472396203910 720 800 22 1
723 804 1472396203940 720 800 22 1
723 804 1472396203970 720 800 22 1
723 804 1472396204000 720 800 22 1
723 804 1472396204030 720 800 22 1
723 804 1472396204060 720 800 22 1
723 804 1472396204090 720 800 22 1
722 804 1472396204120 720 800 22 1
722 804 1472396204150 720 800 22 1
722 804 1472396204180 720 800 22 1
722 804 1472396204210 720 800 22 1
722 804 1472396204240 720 800 22 1
722 804 1472396204270 720 800 22 1
722 804 1472396204300 720 800 22 1
722 804 1472396204330 720 800 22 1
722 804 1472396204360 331 467 20 0
722 804 1472396204390 331 467 20 0
722 804 1472396204420 331 467 20 0
723 804 1472396204450 331 467 20 0
723 804 1472396204480 331 467 20 0
723 804 1472396204510 331 467 20 0
723 804 1472396204540 331 467 20 0
723 804 1472396204570 331 467 20 0
723 804 1472396204600 331 467 20 0
723 804 1472396204630 331 467 20 0
723 804 1472396204660 331 467 20 0
723 804 1472396204690 331 467 20 0
720 802 1472396204720 331 467 20 0
716 797 1472396204750 331 467 20 0
703 787 1472396204780 331 467 20 0
685 777 1472396204810 331 467 20 0
644 755 1472396204840 331 467 20 0
589 732 1472396204870 331 467 20 0
527 706 1472396204900 331 467 20 0
487 685 1472396204930 331 467 20 0
437 642 1472396204960 331 467 20 0
396 591 1472396204990 331 467 20 0
363 543 1472396205020 331 467 20 0
339 506 1472396205050 331 467 20 0
323 480 1472396205080 331 467 20 0
316 470 1472396205110 331 467 20 0
312 463 1472396205140 331 467 20 0
312 461 1472396205170 331 467 20 0
312 460 1472396205200 331 467 20 0
312 458 1472396205230 331 467 20 0
312 453 1472396205260 331 467 20 0
312 451 1472396205290 331 467 20 0
312 450 1472396205320 331 467 20 0
313 449 1472396205350 331 467 20 0
317 449 1472396205380 331 467 20 0
319 449 1472396205410 331 467 20 0
323 450 1472396205440 331 467 20 0
326 451 1472396205470 331 467 20 0
330 453 1472396205500 331 467 20 0
333 454 1472396205530 331 467 20 0
334 455 1472396205560 331 467 20 0
334 456 1472396205590 331 467 20 0
334 457 1472396205620 331 467 20 0
334 459 1472396205650 331 467 20 1
335 461 1472396205680 331 467 20 1
335 463 1472396205710 331 467 20 1
335 465 1472396205740 331 467 20 1
335 466 1472396205770 331 467 20 1
335 467 1472396205800 331 467 20 1
334 469 1472396205830 331 467 20 1
334 470 1472396205860 331 467 20 1
334 470 1472396205890 331 467 20 1
334 470 1472396205920 331 467 20 1
334 470 1472396205950 331 467 20 1
334 470 1472396205980 331 467 20 1
334 470 1472396206010 331 467 20 1
334 470 1472396206040 331 467 20 1
334 470 1472396206070 331 467 20 1
334 470 1472396206100 331 467 20 1
334 470 1472396206130 331 467 20 1
334 470 1472396206160 331 467 20 1
334 470 1472396206190 331 467 20 1
334 470 1472396206220 331 467 20 1
334 470 1472396206250 331 467 20 1
333 470 1472396206280 331 467 20 1
333 470 1472396206310 331 467 20 1
333 470 1472396206340 331 467 20 1
333 470 1472396206370 331 467 20 1
333 470 1472396206400 331 467 20 1
333 470 1472396206430 331 467 20 1
333 470 1472396206460 331 467 20 1
333 470 1472396206490 331 467 20 1
333 470 1472396206520 331 467 20 1
333 470 1472396206550 331 467 20 1
333 470 1472396206580 331 467 20 1
333 470 1472396206610 331 467 20 1
333 470 1472396206640 331 467 20 1
333 470 1472396206670 720 800 21 0
333 470 1472396206700 720 800 21 0
333 470 1472396206730 720 800 21 0
333 470 1472396206760 720 800 21 0
333 470 1472396206790 720 800 21 0
333 470 1472396206820 720 800 21 0
333 470 1472396206850 720 800 21 0
333 470 1472396206880 720 800 21 0
333 470 1472396206910 720 800 21 0
333 470 1472396206940 720 800 21 0
333 470 1472396206970 720 800 21 0
336 473 1472396207000 720 800 21 0
349 484 1472396207030 720 800 21 0
376 501 1472396207060 720 800 21 0
401 515 1472396207090 720 800 21 0
448 541 1472396207120 720 800 21 0
502 577 1472396207150 720 800 21 0
557 620 1472396207180 720 800 21 0
608 670 1472396207210 720 800 21 0
655 719 1472396207240 720 800 21 0
682 749 1472396207270 720 800 21 0
714 785 1472396207300 720 800 21 0
732 807 1472396207330 720 800 21 0
738 815 1472396207360 720 800 21 0
736 815 1472396207390 720 800 21 0
731 812 1472396207420 720 800 21 0
730 810 1472396207450 720 800 21 0
729 809 1472396207480 720 800 21 0
729 809 1472396207510 720 800 21 0
731 809 1472396207540 720 800 21 0
732 809 1472396207570 720 800 21 0
733 809 1472396207600 720 800 21 0
733 810 1472396207630 720 800 21 0
733 811 1472396207660 720 800 21 0
732 811 1472396207690 720 800 21 0
731 811 1472396207720 720 800 21 0
730 811 1472396207750 720 800 21 0
730 810 1472396207780 720 800 21 0
729 809 1472396207810 720 800 21 0
728 808 1472396207840 720 800 21 1
725 807 1472396207870 720 800 21 1
723 806 1472396207900 720 800 21 1
721 805 1472396207930 720 800 21 1
720 804 1472396207960 720 800 21 1
720 804 1472396207990 720 800 21 1
720 804 1472396208020 720 800 21 1
721 806 1472396208050 720 800 21 1
722 807 1472396208080 720 800 21 1
722 807 1472396208110 720 800 21 1
722 808 1472396208140 720 800 21 1
722 808 1472396208170 720 800 21 1
722 808 1472396208200 720 800 21 1
722 808 1472396208230 720 800 21 1
722 808 1472396208260 720 800 21 1
722 808 1472396208290 720 800 21 1
722 808 1472396208320 720 800 21 1
722 808 1472396208350 720 800 21 1
722 808 1472396208380 720 800 21 1
722 808 1472396208410 720 800 21 1
722 808 1472396208440 720 800 21 1
722 808 1472396208470 720 800 21 1
722 808 1472396208500 720 800 21 1
722 808 1472396208530 720 800 21 1
722 808 1472396208560 720 800 21 1
722 808 1472396208590 720 800 21 1
722 808 1472396208620 720 800 21 1
722 808 1472396208650 720 800 21 1
722 808 1472396208680 720 800 21 1
722 808 1472396208710 720 800 21 1
722 808 1472396208740 720 800 21 1
722 808 1472396208770 720 800 21 1
722 808 1472396208800 720 800 21 1
722 808 1472396208830 720 800 21 1
722 808 1472396208860 720 250 21 0
722 808 1472396208890 720 250 21 0
722 808 1472396208920 720 250 21 0
722 808 1472396208950 720 250 21 0
722 808 1472396208980 720 250 21 0
722 808 1472396209010 720 250 21 0
722 808 1472396209040 720 250 21 0
722 808 1472396209070 720 250 21 0
722 808 1472396209100 720 250 21 0
722 808 1472396209130 720 250 21 0
722 808 1472396209160 720 250 21 0
722 807 1472396209190 720 250 21 0
720 802 1472396209220 720 250 21 0
719 795 1472396209250 720 250 21 0
718 781 1472396209280 720 250 21 0
717 761 1472396209310 720 250 21 0
717 721 1472396209340 720 250 21 0
721 682 1472396209370 720 250 21 0
729 593 1472396209400 720 250 21 0
729 549 1472396209430 720 250 21 0
724 483 1472396209460 720 250 21 0
713 417 1472396209490 720 250 21 0
699 357 1472396209520 720 250 21 0
687 322 1472396209550 720 250 21 0
669 283 1472396209580 720 250 21 0
654 259 1472396209610 720 250 21 0
648 249 1472396209640 720 250 21 0
648 248 1472396209670 720 250 21 0
651 248 1472396209700 720 250 21 0
656 251 1472396209730 720 250 21 0
660 252 1472396209760 720 250 21 0
664 252 1472396209790 720 250 21 0
670 248 1472396209820 720 250 21 0
679 243 1472396209850 720 250 21 0
684 240 1472396209880 720 250 21 0
687 237 1472396209910 720 250 21 0
689 236 1472396209940 720 250 21 0
692 234 1472396209970 720 250 21 0
695 232 1472396210000 720 250 21 0
699 231 1472396210030 720 250 21 0
706 229 1472396210060 720 250 21 0
709 229 1472396210090 720 250 21 0
712 230 1472396210120 720 250 21 0
714 232 1472396210150 720 250 21 0
716 235 1472396210180 720 250 21 0
716 237 1472396210210 720 250 21 0
717 241 1472396210240 720 250 21 1
717 244 1472396210270 720 250 21 1
718 247 1472396210300 720 250 21 1
718 250 1472396210330 720 250 21 1
719 251 1472396210360 720 250 21 1
719 252 1472396210390 720 250 21 1
719 252 1472396210420 720 250 21 1
719 252 1472396210450 720 250 21 1
719 252 1472396210480 720 250 21 1
720 251 1472396210510 720 250 21 1
722 250 1472396210540 720 250 21 1
722 250 1472396210570 720 250 21 1
723 250 1472396210600 720 250 21 1
723 250 1472396210630 720 250 21 1
723 250 1472396210660 720 250 21 1
723 250 1472396210690 720 250 21 1
723 250 1472396210720 720 250 21 1
723 251 1472396210750 720 250 21 1
723 251 1472396210780 720 250 21 1
722 252 1472396210810 720 250 21 1
722 252 1472396210840 720 250 21 1
722 252 1472396210870 720 250 21 1
722 252 1472396210900 720 250 21 1
722 252 1472396210930 720 250 21 1
722 252 1472396210960 720 250 21 1
722 252 1472396210990 720 250 21 1
722 252 1472396211020 720 250 21 1
721 252 1472396211050 720 250 21 1
721 252 1472396211080 720 250 21 1
721 252 1472396211110 720 250 21 1
721 252 1472396211140 720 250 21 1
721 252 1472396211170 720 250 21 1
721 252 1472396211200 720 250 21 1
721 252 1472396211230 720 250 21 1
721 252 1472396211260 720 800 22 0
720 252 1472396211290 720 800 22 0
720 253 1472396211320 720 800 22 0
720 253 1472396211350 720 800 22 0
720 253 1472396211380 720 800 22 0
719 253 1472396211410 720 800 22 0
719 253 1472396211440 720 800 22 0
719 253 1472396211470 720 800 22 0
719 253 1472396211500 720 800 22 0
719 253 1472396211530 720 800 22 0
718 254 1472396211560 720 800 22 0
717 260 1472396211590 720 800 22 0
715 280 1472396211620 720 800 22 0
710 320 1472396211650 720 800 22 0
706 368 1472396211680 720 800 22 0
706 403 1472396211710 720 800 22 0
709 457 1472396211740 720 800 22 0
716 509 1472396211770 720 800 22 0
722 560 1472396211800 720 800 22 0
727 604 1472396211830 720 800 22 0
730 641 1472396211860 720 800 22 0
730 664 1472396211890 720 800 22 0
728 693 1472396211920 720 800 22 0
726 716 1472396211950 720 800 22 0
725 730 1472396211980 720 800 22 0
724 737 1472396212010 720 800 22 0
721 745 1472396212040 720 800 22 0
718 753 1472396212070 720 800 22 0
715 760 1472396212100 720 800 22 0
713 766 1472396212130 720 800 22 0
711 771 1472396212160 720 800 22 0
711 774 1472396212190 720 800 22 0
710 777 1472396212220 720 800 22 0
710 779 1472396212250 720 800 22 0
711 781 1472396212280 720 800 22 0
712 782 1472396212310 720 800 22 0
713 785 1472396212340 720 800 22 0
713 787 1472396212370 720 800 22 0
714 791 1472396212400 720 800 22 1
715 794 1472396212430 720 800 22 1
715 796 1472396212460 720 800 22 1
716 796 1472396212490 720 800 22 1
716 797 1472396212520 720 800 22 1
716 797 1472396212550 720 800 22 1
716 797 1472396212580 720 800 22 1
716 797 1472396212610 720 800 22 1
716 797 1472396212640 720 800 22 1
716 797 1472396212670 720 800 22 1
716 797 1472396212700 720 800 22 1
716 797 1472396212730 720 800 22 1
716 797 1472396212760 720 800 22 1
716 797 1472396212790 720 800 22 1
716 797 1472396212820 720 800 22 1
716 797 1472396212850 720 800 22 1
717 797 1472396212880 720 800 22 1
717 797 1472396212910 720 800 22 1
717 798 1472396212940 720 800 22 1
717 798 1472396212970 720 800 22 1
717 798 1472396213000 720 800 22 1
718 798 1472396213030 720 800 22 1
718 798 1472396213060 720 800 22 1
718 798 1472396213090 720 800 22 1
718 798 1472396213120 720 800 22 1
718 798 1472396213150 720 800 22 1
718 798 1472396213180 720 800 22 1
718 798 1472396213210 720 800 22 1
718 798 1472396213240 720 800 22 1
718 798 1472396213270 720 800 22 1
718 798 1472396213300 720 800 22 1
718 798 1472396213330 720 800 22 1
718 798 1472396213360 720 800 22 1
718 798 1472396213390 720 800 22 1
718 798 1472396213420 1109 467 20 0
718 798 1472396213450 1109 467 20 0
718 798 1472396213480 1109 467 20 0
718 798 1472396213510 1109 467 20 0
718 798 1472396213540 1109 467 20 0
718 798 1472396213570 1109 467 20 0
718 798 1472396213600 1109 467 20 0
718 798 1472396213630 1109 467 20 0
718 797 1472396213660 1109 467 20 0
719 795 1472396213690 1109 467 20 0
719 790 1472396213720 1109 467 20 0
721 783 1472396213750 1109 467 20 0
725 771 1472396213780 1109 467 20 0
732 756 1472396213810 1109 467 20 0
745 738 1472396213840 1109 467 20 0
763 720 1472396213870 1109 467 20 0
804 684 1472396213900 1109 467 20 0
845 657 1472396213930 1109 467 20 0
878 637 1472396213960 1109 467 20 0
892 627 1472396213990 1109 467 20 0
898 618 1472396214020 1109 467 20 0
897 612 1472396214050 1109 467 20 0
895 608 1472396214080 1109 467 20 0
897 605 1472396214110 1109 467 20 0
906 597 1472396214140 1109 467 20 0
916 590 1472396214170 1109 467 20 0
934 580 1472396214200 1109 467 20 0
956 567 1472396214230 1109 467 20 0
979 554 1472396214260 1109 467 20 0
1002 539 1472396214290 1109 467 20 0
1021 525 1472396214320 1109 467 20 0
1030 517 1472396214350 1109 467 20 0
1038 507 1472396214380 1109 467 20 0
1044 499 1472396214410 1109 467 20 0
1047 495 1472396214440 1109 467 20 0
1051 493 1472396214470 1109 467 20 0
1058 490 1472396214500 1109 467 20 0
1065 489 1472396214530 1109 467 20 0
1075 487 1472396214560 1109 467 20 0
1084 485 1472396214590 1109 467 20 0
1093 481 1472396214620 1109 467 20 0
1097 479 1472396214650 1109 467 20 0
1101 476 1472396214680 1109 467 20 0
1102 474 1472396214710 1109 467 20 1
1102 474 1472396214740 1109 467 20 1
1102 474 1472396214770 1109 467 20 1
1102 474 1472396214800 1109 467 20 1
1103 473 1472396214830 1109 467 20 1
1104 473 1472396214860 1109 467 20 1
1106 472 1472396214890 1109 467 20 1
1108 472 1472396214920 1109 467 20 1
1109 472 1472396214950 1109 467 20 1
1109 472 1472396214980 1109 467 20 1
1109 472 1472396215010 1109 467 20 1
1108 472 1472396215040 1109 467 20 1
1108 472 1472396215070 1109 467 20 1
1108 472 1472396215100 1109 467 20 1
1108 473 1472396215130 1109 467 20 1
1107 473 1472396215160 1109 467 20 1
1107 473 1472396215190 1109 467 20 1
1106 473 1472396215220 1109 467 20 1
1105 473 1472396215250 1109 467 20 1
1104 473 1472396215280 1109 467 20 1
1104 473 1472396215310 1109 467 20 1
1103 473 1472396215340 1109 467 20 1
1102 473 1472396215370 1109 467 20 1
1102 473 1472396215400 1109 467 20 1
1102 473 1472396215430 1109 467 20 1
1101 473 1472396215460 1109 467 20 1
1101 473 1472396215490 1109 467 20 1
1101 473 1472396215520 1109 467 20 1
1101 473 1472396215550 1109 467 20 1
1101 473 1472396215580 1109 467 20 1
1101 473 1472396215610 1109 467 20 1
1101 473 1472396215640 1109 467 20 1
1101 473 1472396215670 1109 467 20 1
1101 473 1472396215700 1109 467 20 1
1101 473 1472396215730 720 800 20 0
1101 473 1472396215760 720 800 20 0
1101 473 1472396215790 720 800 20 0
1101 473 1472396215820 720 800 20 0
1101 473 1472396215850 720 800 20 0
1101 473 1472396215880 720 800 20 0
1101 473 1472396215910 720 800 20 0
1101 473 1472396215940 720 800 20 0
1101 473 1472396215970 720 800 20 0
1101 473 1472396216000 720 800 20 0
1101 474 1472396216030 720 800 20 0
1101 474 1472396216060 720 800 20 0
1097 475 1472396216090 720 800 20 0
1088 478 1472396216120 720 800 20 0
1079 482 1472396216150 720 800 20 0
1056 491 1472396216180 720 800 20 0
1023 503 1472396216210 720 800 20 0
979 521 1472396216240 720 800 20 0
927 547 1472396216270 720 800 20 0
873 579 1472396216300 720 800 20 0
837 603 1472396216330 720 800 20 0
792 638 1472396216360 720 800 20 0
759 669 1472396216390 720 800 20 0
737 695 1472396216420 720 800 20 0
722 718 1472396216450 720 800 20 0
712 738 1472396216480 720 800 20 0
707 748 1472396216510 720 800 20 0
703 758 1472396216540 720 800 20 0
702 764 1472396216570 720 800 20 0
702 767 1472396216600 720 800 20 0
701 770 1472396216630 720 800 20 0
701 776 1472396216660 720 800 20 0
700 784 1472396216690 720 800 20 0
700 793 1472396216720 720 800 20 0
700 801 1472396216750 720 800 20 0
702 805 1472396216780 720 800 20 0
703 806 1472396216810 720 800 20 0
704 807 1472396216840 720 800 20 0
706 807 1472396216870 720 800 20 0
710 804 1472396216900 720 800 20 1
716 801 1472396216930 720 800 20 1
721 797 1472396216960 720 800 20 1
724 795 1472396216990 720 800 20 1
727 793 1472396217020 720 800 20 1
728 792 1472396217050 720 800 20 0
728 791 1472396217080 720 800 20 0
728 791 1472396217110 720 800 20 0
728 791 1472396217140 720 800 20 0
728 791 1472396217170 720 800 20 0
727 792 1472396217200 720 800 20 1
727 793 1472396217230 720 800 20 1
727 793 1472396217260 720 800 20 1
727 794 1472396217290 720 800 20 1
727 794 1472396217320 720 800 20 1
726 795 1472396217350 720 800 20 1
726 795 1472396217380 720 800 20 1
726 795 1472396217410 720 800 20 1
726 795 1472396217440 720 800 20 1
726 795 1472396217470 720 800 20 1
726 795 1472396217500 720 800 20 1
726 795 1472396217530 720 800 20 1
726 795 1472396217560 720 800 20 1
726 795 1472396217590 720 800 20 1
726 795 1472396217620 720 800 20 1
726 795 1472396217650 720 800 20 1
726 795 1472396217680 720 800 20 1
726 795 1472396217710 720 800 20 1
726 795 1472396217740 720 800 20 1
726 795 1472396217770 720 800 20 1
726 795 1472396217800 720 800 20 1
726 795 1472396217830 720 800 20 1
726 795 1472396217860 720 800 20 1
726 795 1472396217890 720 800 20 1
726 795 1472396217920 720 800 20 1
726 795 1472396217950 720 800 20 1
725 795 1472396217980 720 800 20 1
723 794 1472396218010 720 800 20 1
721 791 1472396218040 720 800 20 1
717 783 1472396218070 720 800 20 0
716 770 1472396218100 720 800 20 0
716 759 1472396218130 720 800 20 0
717 746 1472396218160 720 800 20 0
717 742 1472396218190 720 800 20 0
716 744 1472396218220 720 800 20 0
717 763 1472396218250 720 800 20 0
721 817 1472396218280 720 800 20 0
726 848 1472396218310 720 800 20 0
730 859 1472396218340 720 800 20 0
731 856 1472396218370 720 800 20 0
731 845 1472396218400 720 800 20 0
734 828 1472396218430 720 800 20 0
734 817 1472396218460 720 800 20 0
733 814 1472396218490 720 800 20 0
732 813 1472396218520 720 800 20 0
732 813 1472396218550 720 800 20 0
732 812 1472396218580 720 800 20 0
731 810 1472396218610 720 800 20 0
729 808 1472396218640 720 800 20 0
727 806 1472396218670 720 800 20 1
725 805 1472396218700 720 800 20 1
723 802 1472396218730 720 800 20 1
721 798 1472396218760 720 800 20 1
721 798 1472396218790 720 800 20 1
721 798 1472396218820 720 800 20 1
720 798 1472396218850 720 800 20 1
720 798 1472396218880 720 800 20 1
719 798 1472396218910 720 800 20 1
719 798 1472396218940 720 800 20 1
719 798 1472396218970 720 800 20 1
719 798 1472396219000 720 800 20 1
719 799 1472396219030 720 800 20 1
720 800 1472396219060 720 800 20 1
720 802 1472396219090 720 800 20 1
721 802 1472396219120 720 800 20 1
721 802 1472396219150 720 800 20 1
721 802 1472396219180 720 800 20 1
723 802 1472396219210 720 800 20 1
724 801 1472396219240 720 800 20 1
726 800 1472396219270 720 800 20 1
727 800 1472396219300 720 800 20 1
728 800 1472396219330 720 800 20 1
729 799 1472396219360 720 800 20 1
729 799 1472396219390 720 800 20 1
729 799 1472396219420 720 800 20 1
729 799 1472396219450 720 800 20 1
729 799 1472396219480 720 800 20 1
729 799 1472396219510 720 800 20 1
729 799 1472396219540 720 800 20 1
729 799 1472396219570 720 800 20 1
729 799 1472396219600 720 800 20 1
729 799 1472396219630 720 800 20 1
729 799 1472396219660 720 800 20 1
729 799 1472396219690 1270 800 22 0
729 799 1472396219720 1270 800 22 0
729 799 1472396219750 1270 800 22 0
729 799 1472396219780 1270 800 22 0
729 799 1472396219810 1270 800 22 0
729 799 1472396219840 1270 800 22 0
729 799 1472396219870 1270 800 22 0
729 799 1472396219900 1270 800 22 0
729 799 1472396219930 1270 800 22 0
729 798 1472396219960 1270 800 22 0
728 798 1472396219990 1270 800 22 0
728 797 1472396220020 1270 800 22 0
729 796 1472396220050 1270 800 22 0
731 794 1472396220080 1270 800 22 0
737 791 1472396220110 1270 800 22 0
746 785 1472396220140 1270 800 22 0
756 779 1472396220170 1270 800 22 0
773 770 1472396220200 1270 800 22 0
803 752 1472396220230 1270 800 22 0
846 730 1472396220260 1270 800 22 0
876 719 1472396220290 1270 800 22 0
919 711 1472396220320 1270 800 22 0
961 711 1472396220350 1270 800 22 0
1002 717 1472396220380 1270 800 22 0
1028 722 1472396220410 1270 800 22 0
1071 737 1472396220440 1270 800 22 0
1088 747 1472396220470 1270 800 22 0
1107 763 1472396220500 1270 800 22 0
1120 776 1472396220530 1270 800 22 0
1126 783 1472396220560 1270 800 22 0
1127 785 1472396220590 1270 800 22 0
1127 785 1472396220620 1270 800 22 0
1127 784 1472396220650 1270 800 22 0
1131 781 1472396220680 1270 800 22 0
1138 778 1472396220710 1270 800 22 0
1149 777 1472396220740 1270 800 22 0
1160 776 1472396220770 1270 800 22 0
1182 773 1472396220800 1270 800 22 0
1205 773 1472396220830 1270 800 22 0
1224 775 1472396220860 1270 800 22 0
1237 779 1472396220890 1270 800 22 0
1245 782 1472396220920 1270 800 22 0
1247 784 1472396220950 1270 800 22 0
1248 784 1472396220980 1270 800 22 0
1246 785 1472396221010 1270 800 22 0
1244 786 1472396221040 1270 800 22 0
1243 786 1472396221070 1270 800 22 0
1243 787 1472396221100 1270 800 22 0
1247 788 1472396221130 1270 800 22 0
1251 788 1472396221160 1270 800 22 0
1255 788 1472396221190 1270 800 22 0
1258 788 1472396221220 1270 800 22 0
1259 788 1472396221250 1270 800 22 0
1261 789 1472396221280 1270 800 22 0
1262 791 1472396221310 1270 800 22 1
1262 793 1472396221340 1270 800 22 1
1262 794 1472396221370 1270 800 22 1
1262 794 1472396221400 1270 800 22 1
1263 794 1472396221430 1270 800 22 1
1263 795 1472396221460 1270 800 22 1
1263 795 1472396221490 1270 800 22 1
1263 795 1472396221520 1270 800 22 1
1263 795 1472396221550 1270 800 22 1
1263 795 1472396221580 1270 800 22 1
1263 795 1472396221610 1270 800 22 1
1263 795 1472396221640 1270 800 22 1
1263 795 1472396221670 1270 800 22 1
1263 795 1472396221700 1270 800 22 1
1263 795 1472396221730 1270 800 22 1
1263 795 1472396221760 1270 800 22 1
1263 795 1472396221790 1270 800 22 1
1263 795 1472396221820 1270 800 22 1
1263 795 1472396221850 1270 800 22 1
1263 795 1472396221880 1270 800 22 1
1263 795 1472396221910 1270 800 22 1
1263 795 1472396221940 1270 800 22 1
1263 795 1472396221970 1270 800 22 1
1263 795 1472396222000 1270 800 22 1
1263 794 1472396222030 1270 800 22 1
1263 794 1472396222060 1270 800 22 1
1263 794 1472396222090 1270 800 22 1
1263 794 1472396222120 1270 800 22 1
1263 794 1472396222150 1270 800 22 1
1263 794 1472396222180 1270 800 22 1
1263 794 1472396222210 1270 800 22 1
1263 794 1472396222240 1270 800 22 1
1263 794 1472396222270 1270 800 22 1
1263 794 1472396222300 1270 800 22 1
1263 794 1472396222330 720 800 21 0
1263 794 1472396222360 720 800 21 0
1263 794 1472396222390 720 800 21 0
1263 794 1472396222420 720 800 21 0
1263 793 1472396222450 720 800 21 0
1263 793 1472396222480 720 800 21 0
1263 793 1472396222510 720 800 21 0
1263 793 1472396222540 720 800 21 0
1262 793 1472396222570 720 800 21 0
1262 792 1472396222600 720 800 21 0
1260 792 1472396222630 720 800 21 0
1251 790 1472396222660 720 800 21 0
1237 786 1472396222690 720 800 21 0
1210 783 1472396222720 720 800 21 0
1184 780 1472396222750 720 800 21 0
1134 776 1472396222780 720 800 21 0
1073 774 1472396222810 720 800 21 0
1007 775 1472396222840 720 800 21 0
941 777 1472396222870 720 800 21 0
882 781 1472396222900 720 800 21 0
849 783 1472396222930 720 800 21 0
811 784 1472396222960 720 800 21 0
793 784 1472396222990 720 800 21 0
789 783 1472396223020 720 800 21 0
789 783 1472396223050 720 800 21 0
793 784 1472396223080 720 800 21 0
795 786 1472396223110 720 800 21 0
795 789 1472396223140 720 800 21 0
792 791 1472396223170 720 800 21 0
787 792 1472396223200 720 800 21 0
782 792 1472396223230 720 800 21 0
775 791 1472396223260 720 800 21 0
768 791 1472396223290 720 800 21 0
759 791 1472396223320 720 800 21 0
749 793 1472396223350 720 800 21 0
740 796 1472396223380 720 800 21 0
736 799 1472396223410 720 800 21 0
734 800 1472396223440 720 800 21 0
734 800 1472396223470 720 800 21 0
735 799 1472396223500 720 800 21 0
736 799 1472396223530 720 800 21 0
736 799 1472396223560 720 800 21 0
735 800 1472396223590 720 800 21 0
734 801 1472396223620 720 800 21 0
731 802 1472396223650 720 800 21 0
729 802 1472396223680 720 800 21 1
729 802 1472396223710 720 800 21 1
728 802 1472396223740 720 800 21 1
726 801 1472396223770 720 800 21 1
724 801 1472396223800 720 800 21 1
721 801 1472396223830 720 800 21 1
718 801 1472396223860 720 800 21 1
717 802 1472396223890 720 800 21 1
716 802 1472396223920 720 800 21 1
716 802 1472396223950 720 800 21 1
717 802 1472396223980 720 800 21 1
719 802 1472396224010 720 800 21 1
721 803 1472396224040 720 800 21 1
722 803 1472396224070 720 800 21 1
722 804 1472396224100 720 800 21 1
722 804 1472396224130 720 800 21 1
722 804 1472396224160 720 800 21 1
722 804 1472396224190 720 800 21 1
722 804 1472396224220 720 800 21 1
722 804 1472396224250 720 800 21 1
722 804 1472396224280 720 800 21 1
722 804 1472396224310 720 800 21 1
722 804 1472396224340 720 800 21 1
722 804 1472396224370 720 800 21 1
722 804 1472396224400 720 800 21 1
722 804 1472396224430 720 800 21 1
722 804 1472396224460 720 800 21 1
722 804 1472396224490 720 800 21 1
722 804 1472396224520 720 800 21 1
722 804 1472396224550 720 800 21 1
722 804 1472396224580 720 800 21 1
722 804 1472396224610 720 800 21 1
722 804 1472396224640 720 800 21 1
722 804 1472396224670 720 800 21 1
722 804 1472396224700 170 800 13 0
722 804 1472396224730 170 800 13 0
722 804 1472396224760 170 800 13 0
722 804 1472396224790 170 800 13 0
722 804 1472396224820 170 800 13 0
722 804 1472396224850 170 800 13 0
722 804 1472396224880 170 800 13 0
722 804 1472396224910 170 800 13 0
722 804 1472396224940 170 800 13 0
722 804 1472396224970 170 800 13 0
721 804 1472396225000 170 800 13 0
718 802 1472396225030 170 800 13 0
702 800 1472396225060 170 800 13 0
664 805 1472396225090 170 800 13 0
611 815 1472396225120 170 800 13 0
549 827 1472396225150 170 800 13 0
505 834 1472396225180 170 800 13 0
444 839 1472396225210 170 800 13 0
392 836 1472396225240 170 800 13 0
349 829 1472396225270 170 800 13 0
316 822 1472396225300 170 800 13 0
296 817 1472396225330 170 800 13 0
288 816 1472396225360 170 800 13 0
287 816 1472396225390 170 800 13 0
286 816 1472396225420 170 800 13 0
280 819 1472396225450 170 800 13 0
267 823 1472396225480 170 800 13 0
250 826 1472396225510 170 800 13 0
234 826 1472396225540 170 800 13 0
224 824 1472396225570 170 800 13 0
212 820 1472396225600 170 800 13 0
206 817 1472396225630 170 800 13 0
205 816 1472396225660 170 800 13 0
205 816 1472396225690 170 800 13 0
205 816 1472396225720 170 800 13 0
204 815 1472396225750 170 800 13 0
202 814 1472396225780 170 800 13 0
199 812 1472396225810 170 800 13 0
196 810 1472396225840 170 800 13 0
190 809 1472396225870 170 800 13 0
185 808 1472396225900 170 800 13 0
182 808 1472396225930 170 800 13 0
180 809 1472396225960 170 800 13 0
180 809 1472396225990 170 800 13 0
180 809 1472396226020 170 800 13 0
180 809 1472396226050 170 800 13 0
179 809 1472396226080 170 800 13 0
177 808 1472396226110 170 800 13 0
175 807 1472396226140 170 800 13 0
174 807 1472396226170 170 800 13 0
172 806 1472396226200 170 800 13 0
172 806 1472396226230 170 800 13 0
172 806 1472396226260 170 800 13 0
172 806 1472396226290 170 800 13 0
171 806 1472396226320 170 800 13 0
170 806 1472396226350 170 800 13 0
168 805 1472396226380 170 800 13 0
167 805 1472396226410 170 800 13 0
167 804 1472396226440 170 800 13 0
167 804 1472396226470 170 800 13 0
168 805 1472396226500 170 800 13 0
170 805 1472396226530 170 800 13 0
171 806 1472396226560 170 800 13 0
171 806 1472396226590 170 800 13 0
171 806 1472396226620 170 800 13 0
171 806 1472396226650 170 800 13 0
171 806 1472396226680 170 800 13 0
171 806 1472396226710 170 800 13 0
171 806 1472396226740 170 800 13 0
171 805 1472396226770 170 800 13 0
171 805 1472396226800 170 800 13 0
171 805 1472396226830 170 800 13 0
171 804 1472396226860 170 800 13 0
171 804 1472396226890 170 800 13 0
171 804 1472396226920 170 800 13 0
171 804 1472396226950 170 800 13 0
171 804 1472396226980 170 800 13 0
171 804 1472396227010 170 800 13 0
171 804 1472396227040 170 800 13 0
171 804 1472396227070 170 800 13 0
171 804 1472396227100 170 800 13 0
171 804 1472396227130 170 800 13 0
171 804 1472396227160 170 800 13 0
171 804 1472396227190 170 800 13 0
171 804 1472396227220 170 800 13 0
171 804 1472396227250 170 800 13 0
171 804 1472396227280 170 800 13 0
171 804 1472396227310 170 800 13 0
171 804 1472396227340 170 800 13 0
171 804 1472396227370 170 800 13 0
171 804 1472396227400 170 800 13 0
171 804 1472396227430 170 800 13 0
171 804 1472396227460 170 800 13 0
171 803 1472396227490 170 800 13 1
170 802 1472396227520 170 800 13 1
170 802 1472396227550 170 800 13 1
170 802 1472396227580 170 800 13 1
170 802 1472396227610 170 800 13 1
170 801 1472396227640 170 800 13 1
169 801 1472396227670 170 800 13 1
169 801 1472396227700 170 800 13 1
169 800 1472396227730 170 800 13 1
168 800 1472396227760 170 800 13 1
168 800 1472396227790 170 800 13 1
168 800 1472396227820 170 800 13 1
168 799 1472396227850 170 800 13 1
168 799 1472396227880 170 800 13 1
168 799 1472396227910 170 800 13 1
168 799 1472396227940 170 800 13 1
168 799 1472396227970 170 800 13 1
168 799 1472396228000 170 800 13 1
168 799 1472396228030 170 800 13 1
168 799 1472396228060 170 800 13 1
168 799 1472396228090 170 800 13 1
168 799 1472396228120 170 800 13 1
168 799 1472396228150 170 800 13 1
168 799 1472396228180 170 800 13 1
168 799 1472396228210 170 800 13 1
168 799 1472396228240 170 800 13 1
168 800 1472396228270 170 800 13 1
169 800 1472396228300 170 800 13 1
169 800 1472396228330 170 800 13 1
169 800 1472396228360 170 800 13 1
169 800 1472396228390 170 800 13 1
169 800 1472396228420 170 800 13 1
169 800 1472396228450 170 800 13 1
169 800 1472396228480 170 800 13 1
169 800 1472396228510 720 800 13 0
170 801 1472396228540 720 800 13 0
172 802 1472396228570 720 800 13 0
172 802 1472396228600 720 800 13 0
172 802 1472396228630 720 800 13 0
172 802 1472396228660 720 800 13 0
172 802 1472396228690 720 800 13 0
172 802 1472396228720 720 800 13 0
172 802 1472396228750 720 800 13 0
172 802 1472396228780 720 800 13 0
172 802 1472396228810 720 800 13 0
172 802 1472396228840 720 800 13 0
172 802 1472396228870 720 800 13 0
172 802 1472396228900 720 800 13 0
172 802 1472396228930 720 800 13 0
172 802 1472396228960 720 800 13 0
172 802 1472396228990 720 800 13 0
174 803 1472396229020 720 800 13 0
180 803 1472396229050 720 800 13 0
191 803 1472396229080 720 800 13 0
207 807 1472396229110 720 800 13 0
230 812 1472396229140 720 800 13 0
248 815 1472396229170 720 800 13 0
282 819 1472396229200 720 800 13 0
321 820 1472396229230 720 800 13 0
365 814 1472396229260 720 800 13 0
414 804 1472396229290 720 800 13 0
465 795 1472396229320 720 800 13 0
499 791 1472396229350 720 800 13 0
541 792 1472396229380 720 800 13 0
568 799 1472396229410 720 800 13 0
583 807 1472396229440 720 800 13 0
589 811 1472396229470 720 800 13 0
597 814 1472396229500 720 800 13 0
607 814 1472396229530 720 800 13 0
619 813 1472396229560 720 800 13 0
630 812 1472396229590 720 800 13 0
640 812 1472396229620 720 800 13 0
645 812 1472396229650 720 800 13 0
653 812 1472396229680 720 800 13 0
660 811 1472396229710 720 800 13 0
665 810 1472396229740 720 800 13 0
667 809 1472396229770 720 800 13 0
670 809 1472396229800 720 800 13 0
672 809 1472396229830 720 800 13 0
676 808 1472396229860 720 800 13 0
680 808 1472396229890 720 800 13 0
686 807 1472396229920 720 800 13 0
690 806 1472396229950 720 800 13 0
695 804 1472396229980 720 800 13 0
699 802 1472396230010 720 800 13 0
702 799 1472396230040 720 800 13 0
705 798 1472396230070 720 800 13 0
707 797 1472396230100 720 800 13 0
709 797 1472396230130 720 800 13 0
711 796 1472396230160 720 800 13 0
713 796 1472396230190 720 800 13 0
714 796 1472396230220 720 800 13 0
716 796 1472396230250 720 800 13 0
716 797 1472396230280 720 800 13 0
717 797 1472396230310 720 800 13 0
717 797 1472396230340 720 800 13 0
718 798 1472396230370 720 800 13 1
718 798 1472396230400 720 800 13 1
718 799 1472396230430 720 800 13 1
718 800 1472396230460 720 800 13 1
718 801 1472396230490 720 800 13 1
718 801 1472396230520 720 800 13 1
718 802 1472396230550 720 800 13 1
718 803 1472396230580 720 800 13 1
718 804 1472396230610 720 800 13 0
718 804 1472396230640 720 800 13 0
718 804 1472396230670 720 800 13 0
718 804 1472396230700 720 800 13 0
718 804 1472396230730 720 800 13 0
718 804 1472396230760 720 800 13 0
718 804 1472396230790 720 800 13 0
718 804 1472396230820 720 800 13 0
718 804 1472396230850 720 800 13 0
718 804 1472396230880 720 800 13 0
718 804 1472396230910 720 800 13 0
717 803 1472396230940 720 800 13 0
717 803 1472396230970 720 800 13 0
717 803 1472396231000 720 800 13 0
717 803 1472396231030 720 800 13 0
717 803 1472396231060 720 800 13 0
717 803 1472396231090 720 800 13 0
717 803 1472396231120 720 800 13 0
717 803 1472396231150 720 800 13 0
717 804 1472396231180 720 800 13 0
717 804 1472396231210 720 800 13 0
717 804 1472396231240 720 800 13 0
717 804 1472396231270 720 800 13 0
717 804 1472396231300 720 800 13 0
716 805 1472396231330 720 800 13 0
716 805 1472396231360 720 800 13 0
716 805 1472396231390 720 800 13 0
716 805 1472396231420 720 800 13 0
716 805 1472396231450 720 800 13 0
716 805 1472396231480 720 800 13 0
715 805 1472396231510 720 800 13 0
715 805 1472396231540 720 800 13 0
715 805 1472396231570 720 800 13 0
715 805 1472396231600 720 800 13 0
715 805 1472396231630 720 800 13 0
715 805 1472396231660 720 800 13 0
715 805 1472396231690 720 800 13 0
715 805 1472396231720 720 800 13 0
715 805 1472396231750 720 800 13 0
715 805 1472396231780 720 800 13 0
715 805 1472396231810 720 800 13 0
715 805 1472396231840 720 800 13 0
715 805 1472396231870 720 800 13 0
715 804 1472396231900 720 800 13 0
715 803 1472396231930 720 800 13 0
715 803 1472396231960 720 800 13 0
716 802 1472396231990 720 800 13 0
716 801 1472396232020 720 800 13 0
717 801 1472396232050 720 800 13 1
718 800 1472396232080 720 800 13 1
718 800 1472396232110 720 800 13 1
719 799 1472396232140 720 800 13 1
719 799 1472396232170 720 800 13 1
719 799 1472396232200 720 800 13 1
719 799 1472396232230 720 800 13 1
720 800 1472396232260 720 800 13 1
720 800 1472396232290 720 800 13 1
721 800 1472396232320 720 800 13 1
722 800 1472396232350 720 800 13 1
722 800 1472396232380 720 800 13 1
722 800 1472396232410 720 800 13 1
722 800 1472396232440 720 800 13 1
722 799 1472396232470 720 800 13 1
722 799 1472396232500 720 800 13 1
722 799 1472396232530 720 800 13 1
721 798 1472396232560 720 800 13 1
721 797 1472396232590 720 800 13 1
720 795 1472396232620 720 800 13 0
719 793 1472396232650 720 800 13 0
719 790 1472396232680 720 800 13 0
719 785 1472396232710 720 800 13 0
720 783 1472396232740 720 800 13 0
720 782 1472396232770 720 800 13 0
720 782 1472396232800 720 800 13 0
721 786 1472396232830 720 800 13 0
722 789 1472396232860 720 800 13 0
722 790 1472396232890 720 800 13 0
723 791 1472396232920 720 800 13 0
723 792 1472396232950 720 800 13 0
723 793 1472396232980 720 800 13 0
723 796 1472396233010 720 800 13 0
724 798 1472396233040 720 800 13 0
724 800 1472396233070 720 800 13 0
724 800 1472396233100 720 800 13 0
724 801 1472396233130 720 800 13 0
724 802 1472396233160 720 800 13 0
724 802 1472396233190 720 800 13 0
724 802 1472396233220 720 800 13 0
723 802 1472396233250 720 800 13 1
723 802 1472396233280 720 800 13 1
722 801 1472396233310 720 800 13 1
721 799 1472396233340 720 800 13 1
720 797 1472396233370 720 800 13 1
719 797 1472396233400 720 800 13 1
719 796 1472396233430 720 800 13 0
719 796 1472396233460 720 800 13 0
718 796 1472396233490 720 800 13 0
718 796 1472396233520 720 800 13 0
718 796 1472396233550 720 800 13 0
718 797 1472396233580 720 800 13 1
718 798 1472396233610 720 800 13 1
717 799 1472396233640 720 800 13 1
717 800 1472396233670 720 800 13 1
717 800 1472396233700 720 800 13 1
717 800 1472396233730 720 800 13 1
717 800 1472396233760 720 800 13 1
717 801 1472396233790 720 800 13 1
716 803 1472396233820 720 800 13 0
716 804 1472396233850 720 800 13 0
716 804 1472396233880 720 800 13 0
716 804 1472396233910 720 800 13 0
716 804 1472396233940 720 800 13 0
716 804 1472396233970 720 800 13 0
716 805 1472396234000 720 800 13 0
716 805 1472396234030 720 800 13 0
716 805 1472396234060 720 800 13 0
716 805 1472396234090 720 800 13 0
716 805 1472396234120 720 800 13 0
716 805 1472396234150 720 800 13 0
716 805 1472396234180 720 800 13 0
716 805 1472396234210 720 800 13 0
716 805 1472396234240 720 800 13 0
716 805 1472396234270 720 800 13 0
722 803 1472396234300 720 800 13 1
725 803 1472396234330 720 800 13 0
726 803 1472396234360 720 800 13 0
728 803 1472396234390 720 800 13 0
729 803 1472396234420 720 800 13 0
729 803 1472396234450 720 800 13 0
729 803 1472396234480 720 800 13 0
729 803 1472396234510 720 800 13 0
729 803 1472396234540 720 800 13 0
728 803 1472396234570 720 800 13 0
726 803 1472396234600 720 800 13 0
724 803 1472396234630 720 800 13 0
722 803 1472396234660 720 800 13 1
721 803 1472396234690 720 800 13 1
720 802 1472396234720 720 800 13 1
719 802 1472396234750 720 800 13 1
719 802 1472396234780 720 800 13 1
719 802 1472396234810 720 800 13 1
719 802 1472396234840 720 800 13 1
719 802 1472396234870 720 800 13 1
719 802 1472396234900 720 800 13 1
719 802 1472396234930 720 800 13 1
719 802 1472396234960 720 800 13 1
719 802 1472396234990 720 800 13 1
720 801 1472396235020 720 800 13 1
720 801 1472396235050 720 800 13 1
721 800 1472396235080 720 800 13 1
722 800 1472396235110 720 800 13 1
722 800 1472396235140 720 800 13 1
722 800 1472396235170 720 800 13 1
722 800 1472396235200 720 800 13 1
722 800 1472396235230 720 800 13 1
722 800 1472396235260 720 800 13 1
722 800 1472396235290 720 800 13 1
722 800 1472396235320 720 800 13 1
722 800 1472396235350 720 800 13 1
722 800 1472396235380 720 800 13 1
722 800 1472396235410 720 800 13 1
722 800 1472396235440 720 800 13 1
723 801 1472396235470 720 800 13 1
725 802 1472396235500 720 800 13 0
726 805 1472396235530 720 800 13 0
727 805 1472396235560 720 800 13 0
728 806 1472396235590 720 800 13 0
728 806 1472396235620 720 800 13 0
728 806 1472396235650 720 800 13 0
728 806 1472396235680 720 800 13 0
728 806 1472396235710 720 800 13 0
728 806 1472396235740 720 800 13 0
728 806 1472396235770 720 800 13 0
728 806 1472396235800 720 800 13 0
728 805 1472396235830 720 800 13 0
728 804 1472396235860 720 800 13 0
727 804 1472396235890 720 800 13 0
726 802 1472396235920 720 800 13 0
725 801 1472396235950 720 800 13 0
724 800 1472396235980 720 800 13 0
723 800 1472396236010 720 800 13 1
723 800 1472396236040 720 800 13 1
722 800 1472396236070 720 800 13 1
721 799 1472396236100 720 800 13 1
720 799 1472396236130 720 800 13 1
719 798 1472396236160 720 800 13 1
719 798 1472396236190 720 800 13 1
719 798 1472396236220 720 800 13 1
719 798 1472396236250 720 800 13 1
719 798 1472396236280 720 800 13 1
719 799 1472396236310 720 800 13 1
720 799 1472396236340 720 800 13 1
720 799 1472396236370 720 800 13 1
720 799 1472396236400 720 800 13 1
720 799 1472396236430 720 800 13 1
720 799 1472396236460 720 800 13 1
720 799 1472396236490 720 800 13 1
720 799 1472396236520 720 800 13 1
720 799 1472396236550 720 800 13 1
720 799 1472396236580 720 800 13 1
720 799 1472396236610 720 800 13 1
720 799 1472396236640 720 800 13 1
720 799 1472396236670 720 800 13 1
720 799 1472396236700 720 800 13 1
720 799 1472396236730 720 800 13 1
720 799 1472396236760 720 800 13 1
720 799 1472396236790 720 800 13 1
720 799 1472396236820 720 800 13 1
720 799 1472396236850 720 800 13 1
720 799 1472396236880 720 800 13 1
720 799 1472396236910 720 800 13 1
720 799 1472396236940 720 800 13 1
720 799 1472396236970 720 800 13 1
720 799 1472396237000 720 800 13 1
720 799 1472396237030 331 467 13 0
720 799 1472396237060 331 467 13 0
720 799 1472396237090 331 467 13 0
720 799 1472396237120 331 467 13 0
720 799 1472396237150 331 467 13 0
720 799 1472396237180 331 467 13 0
720 799 1472396237210 331 467 13 0
720 799 1472396237240 331 467 13 0
720 799 1472396237270 331 467 13 0
720 799 1472396237300 331 467 13 0
720 799 1472396237330 331 467 13 0
720 799 1472396237360 331 467 13 0
720 799 1472396237390 331 467 13 0
720 799 1472396237420 331 467 13 0
718 798 1472396237450 331 467 13 0
713 796 1472396237480 331 467 13 0
702 791 1472396237510 331 467 13 0
692 787 1472396237540 331 467 13 0
676 777 1472396237570 331 467 13 0
659 764 1472396237600 331 467 13 0
644 747 1472396237630 331 467 13 0
629 729 1472396237660 331 467 13 0
618 718 1472396237690 331 467 13 0
600 705 1472396237720 331 467 13 0
583 690 1472396237750 331 467 13 0
569 668 1472396237780 331 467 13 0
556 643 1472396237810 331 467 13 0
547 628 1472396237840 331 467 13 0
534 610 1472396237870 331 467 13 0
519 599 1472396237900 331 467 13 0
506 590 1472396237930 331 467 13 0
494 582 1472396237960 331 467 13 0
481 573 1472396237990 331 467 13 0
467 565 1472396238020 331 467 13 0
458 559 1472396238050 331 467 13 0
443 550 1472396238080 331 467 13 0
429 539 1472396238110 331 467 13 0
416 528 1472396238140 331 467 13 0
405 517 1472396238170 331 467 13 0
398 510 1472396238200 331 467 13 0
388 503 1472396238230 331 467 13 0
379 497 1472396238260 331 467 13 0
371 493 1472396238290 331 467 13 0
366 490 1472396238320 331 467 13 0
359 484 1472396238350 331 467 13 0
354 478 1472396238380 331 467 13 0
348 472 1472396238410 331 467 13 0
343 467 1472396238440 331 467 13 0
337 462 1472396238470 331 467 13 0
331 458 1472396238500 331 467 13 0
327 456 1472396238530 331 467 13 0
322 453 1472396238560 331 467 13 0
320 452 1472396238590 331 467 13 0
319 451 1472396238620 331 467 13 0
319 451 1472396238650 331 467 13 0
319 451 1472396238680 331 467 13 0
319 451 1472396238710 331 467 13 0
319 451 1472396238740 331 467 13 0
320 451 1472396238770 331 467 13 0
322 453 1472396238800 331 467 13 0
325 456 1472396238830 331 467 13 0
326 458 1472396238860 331 467 13 0
328 461 1472396238890 331 467 13 0
329 463 1472396238920 331 467 13 0
330 464 1472396238950 331 467 13 1
330 464 1472396238980 331 467 13 1
330 464 1472396239010 331 467 13 1
330 464 1472396239040 331 467 13 1
331 464 1472396239070 331 467 13 1
332 465 1472396239100 331 467 13 1
334 466 1472396239130 331 467 13 1
336 467 1472396239160 331 467 13 0
336 468 1472396239190 331 467 13 0
337 468 1472396239220 331 467 13 0
337 468 1472396239250 331 467 13 0
337 468 1472396239280 331 467 13 0
337 468 1472396239310 331 467 13 0
337 468 1472396239340 331 467 13 0
337 468 1472396239370 331 467 13 0
337 468 1472396239400 331 467 13 0
337 468 1472396239430 331 467 13 0
337 468 1472396239460 331 467 13 0
337 468 1472396239490 331 467 13 0
336 468 1472396239520 331 467 13 0
336 468 1472396239550 331 467 13 0
336 468 1472396239580 331 467 13 0
336 468 1472396239610 331 467 13 0
336 467 1472396239640 331 467 13 0
336 467 1472396239670 331 467 13 0
335 467 1472396239700 331 467 13 0
335 467 1472396239730 331 467 13 0
335 467 1472396239760 331 467 13 0
335 467 1472396239790 331 467 13 0
335 467 1472396239820 331 467 13 0
335 467 1472396239850 331 467 13 0
335 467 1472396239880 331 467 13 0
335 467 1472396239910 331 467 13 0
335 467 1472396239940 331 467 13 0
335 467 1472396239970 331 467 13 0
335 467 1472396240000 331 467 13 0
335 467 1472396240030 331 467 13 0
335 467 1472396240060 331 467 13 0
335 467 1472396240090 331 467 13 0
335 467 1472396240120 331 467 13 0
335 467 1472396240150 331 467 13 0
335 467 1472396240180 331 467 13 0
335 467 1472396240210 331 467 13 0
335 467 1472396240240 331 467 13 0
335 467 1472396240270 331 467 13 0
335 467 1472396240300 331 467 13 0
335 467 1472396240330 331 467 13 0
335 467 1472396240360 331 467 13 0
335 467 1472396240390 331 467 13 0
335 467 1472396240420 331 467 13 0
335 467 1472396240450 331 467 13 0
335 467 1472396240480 331 467 13 0
335 467 1472396240510 331 467 13 0
335 467 1472396240540 331 467 13 0
335 467 1472396240570 331 467 13 0
335 467 1472396240600 331 467 13 0
335 467 1472396240630 331 467 13 0
335 467 1472396240660 331 467 13 0
335 467 1472396240690 331 467 13 0
335 467 1472396240720 331 467 13 0
335 467 1472396240750 331 467 13 0
335 467 1472396240780 331 467 13 0
335 467 1472396240810 331 467 13 0
335 467 1472396240840 331 467 13 0
335 467 1472396240870 331 467 13 0
335 467 1472396240900 331 467 13 0
335 467 1472396240930 331 467 13 0
335 467 1472396240960 331 467 13 0
335 467 1472396240990 331 467 13 0
335 467 1472396241020 331 467 13 0
335 467 1472396241050 331 467 13 0
335 467 1472396241080 331 467 13 0
334 467 1472396241110 331 467 13 1
334 467 1472396241140 331 467 13 1
334 466 1472396241170 331 467 13 1
333 466 1472396241200 331 467 13 1
333 466 1472396241230 331 467 13 1
332 466 1472396241260 331 467 13 1
332 466 1472396241290 331 467 13 1
332 466 1472396241320 331 467 13 1
332 466 1472396241350 331 467 13 1
331 466 1472396241380 331 467 13 1
331 466 1472396241410 331 467 13 1
331 467 1472396241440 331 467 13 1
330 467 1472396241470 331 467 13 1
330 468 1472396241500 331 467 13 1
329 468 1472396241530 331 467 13 1
329 469 1472396241560 331 467 13 1
329 469 1472396241590 331 467 13 1
328 469 1472396241620 331 467 13 0
328 470 1472396241650 331 467 13 0
328 470 1472396241680 331 467 13 0
328 470 1472396241710 331 467 13 0
328 470 1472396241740 331 467 13 0
328 470 1472396241770 331 467 13 0
328 470 1472396241800 331 467 13 0
328 470 1472396241830 331 467 13 0
328 470 1472396241860 331 467 13 0
328 470 1472396241890 331 467 13 0
329 470 1472396241920 331 467 13 0
329 470 1472396241950 331 467 13 0
329 469 1472396241980 331 467 13 1
331 468 1472396242010 331 467 13 1
332 466 1472396242040 331 467 13 1
333 464 1472396242070 331 467 13 0
334 464 1472396242100 331 467 13 0
334 463 1472396242130 331 467 13 0
334 463 1472396242160 331 467 13 0
334 463 1472396242190 331 467 13 0
334 463 1472396242220 331 467 13 0
334 463 1472396242250 331 467 13 0
334 463 1472396242280 331 467 13 0
334 464 1472396242310 331 467 13 0
334 464 1472396242340 331 467 13 0
334 464 1472396242370 331 467 13 0
333 465 1472396242400 331 467 13 1
333 466 1472396242430 331 467 13 1
333 467 1472396242460 331 467 13 1
333 467 1472396242490 331 467 13 1
333 468 1472396242520 331 467 13 1
333 468 1472396242550 331 467 13 1
333 468 1472396242580 331 467 13 1
333 469 1472396242610 331 467 13 1
333 469 1472396242640 331 467 13 1
332 469 1472396242670 331 467 13 1
332 469 1472396242700 331 467 13 1
332 469 1472396242730 331 467 13 1
332 469 1472396242760 331 467 13 1
332 469 1472396242790 331 467 13 1
332 469 1472396242820 331 467 13 1
332 469 1472396242850 331 467 13 1
332 469 1472396242880 331 467 13 1
332 469 1472396242910 331 467 13 1
332 469 1472396242940 331 467 13 1
332 469 1472396242970 331 467 13 1
332 468 1472396243000 331 467 13 1
332 468 1472396243030 331 467 13 1
332 468 1472396243060 331 467 13 1
332 468 1472396243090 331 467 13 1
332 468 1472396243120 331 467 13 1
332 468 1472396243150 331 467 13 1
332 468 1472396243180 331 467 13 1
332 468 1472396243210 331 467 13 1
332 468 1472396243240 331 467 13 1
332 468 1472396243270 331 467 13 1
332 468 1472396243300 331 467 13 1
332 468 1472396243330 331 467 13 1
332 468 1472396243360 331 467 13 1
332 468 1472396243390 331 467 13 1
332 468 1472396243420 720 800 13 0
332 468 1472396243450 720 800 13 0
332 468 1472396243480 720 800 13 0
332 468 1472396243510 720 800 13 0
332 468 1472396243540 720 800 13 0
332 468 1472396243570 720 800 13 0
332 468 1472396243600 720 800 13 0
332 468 1472396243630 720 800 13 0
332 468 1472396243660 720 800 13 0
332 468 1472396243690 720 800 13 0
332 468 1472396243720 720 800 13 0
332 468 1472396243750 720 800 13 0
332 468 1472396243780 720 800 13 0
332 468 1472396243810 720 800 13 0
332 468 1472396243840 720 800 13 0
333 468 1472396243870 720 800 13 0
338 471 1472396243900 720 800 13 0
347 478 1472396243930 720 800 13 0
357 485 1472396243960 720 800 13 0
375 502 1472396243990 720 800 13 0
399 528 1472396244020 720 800 13 0
430 560 1472396244050 720 800 13 0
454 585 1472396244080 720 800 13 0
493 621 1472396244110 720 800 13 0
536 655 1472396244140 720 800 13 0
580 684 1472396244170 720 800 13 0
622 710 1472396244200 720 800 13 0
658 734 1472396244230 720 800 13 0
684 756 1472396244260 720 800 13 0
696 769 1472396244290 720 800 13 0
707 784 1472396244320 720 800 13 0
710 792 1472396244350 720 800 13 0
710 794 1472396244380 720 800 13 0
710 794 1472396244410 720 800 13 0
712 794 1472396244440 720 800 13 0
716 794 1472396244470 720 800 13 0
719 794 1472396244500 720 800 13 0
722 796 1472396244530 720 800 13 0
723 798 1472396244560 720 800 13 1
723 799 1472396244590 720 800 13 1
723 799 1472396244620 720 800 13 1
723 799 1472396244650 720 800 13 1
723 799 1472396244680 720 800 13 1
723 799 1472396244710 720 800 13 1
723 799 1472396244740 720 800 13 1
723 799 1472396244770 720 800 13 1
723 799 1472396244800 720 800 13 1
723 799 1472396244830 720 800 13 1
723 799 1472396244860 720 800 13 1
723 799 1472396244890 720 800 13 1
722 799 1472396244920 720 800 13 1
722 799 1472396244950 720 800 13 1
721 799 1472396244980 720 800 13 1
721 799 1472396245010 720 800 13 1
720 799 1472396245040 720 800 13 1
720 799 1472396245070 720 800 13 1
720 799 1472396245100 720 800 13 1
720 799 1472396245130 720 800 13 1
720 799 1472396245160 720 800 13 1
720 799 1472396245190 720 800 13 1
720 799 1472396245220 720 800 13 1
720 799 1472396245250 720 800 13 1
720 799 1472396245280 720 800 13 1
720 799 1472396245310 720 800 13 1
720 799 1472396245340 720 800 13 1
720 799 1472396245370 720 800 13 1
720 799 1472396245400 720 800 13 1
720 799 1472396245430 720 800 13 1
720 799 1472396245460 720 800 13 1
720 799 1472396245490 720 800 13 1
720 799 1472396245520 720 800 13 1
720 799 1472396245550 720 250 13 0
720 799 1472396245580 720 250 13 0
720 799 1472396245610 720 250 13 0
720 799 1472396245640 720 250 13 0
720 799 1472396245670 720 250 13 0
720 799 1472396245700 720 250 13 0
720 799 1472396245730 720 250 13 0
720 799 1472396245760 720 250 13 0
720 799 1472396245790 720 250 13 0
720 799 1472396245820 720 250 13 0
720 799 1472396245850 720 250 13 0
720 799 1472396245880 720 250 13 0
720 799 1472396245910 720 250 13 0
720 799 1472396245940 720 250 13 0
720 799 1472396245970 720 250 13 0
719 797 1472396246000 720 250 13 0
718 790 1472396246030 720 250 13 0
714 777 1472396246060 720 250 13 0
709 765 1472396246090 720 250 13 0
703 740 1472396246120 720 250 13 0
701 702 1472396246150 720 250 13 0
702 655 1472396246180 720 250 13 0
706 603 1472396246210 720 250 13 0
708 568 1472396246240 720 250 13 0
708 517 1472396246270 720 250 13 0
706 471 1472396246300 720 250 13 0
703 432 1472396246330 720 250 13 0
701 402 1472396246360 720 250 13 0
698 382 1472396246390 720 250 13 0
697 373 1472396246420 720 250 13 0
697 366 1472396246450 720 250 13 0
698 361 1472396246480 720 250 13 0
698 354 1472396246510 720 250 13 0
698 343 1472396246540 720 250 13 0
699 328 1472396246570 720 250 13 0
699 312 1472396246600 720 250 13 0
699 301 1472396246630 720 250 13 0
700 288 1472396246660 720 250 13 0
700 281 1472396246690 720 250 13 0
700 278 1472396246720 720 250 13 0
703 276 1472396246750 720 250 13 0
706 275 1472396246780 720 250 13 0
709 272 1472396246810 720 250 13 0
712 269 1472396246840 720 250 13 0
713 266 1472396246870 720 250 13 0
713 265 1472396246900 720 250 13 0
713 263 1472396246930 720 250 13 0
713 262 1472396246960 720 250 13 0
714 260 1472396246990 720 250 13 0
714 258 1472396247020 720 250 13 0
715 257 1472396247050 720 250 13 0
715 256 1472396247080 720 250 13 0
715 256 1472396247110 720 250 13 0
715 256 1472396247140 720 250 13 0
715 256 1472396247170 720 250 13 0
715 256 1472396247200 720 250 13 0
715 256 1472396247230 720 250 13 0
715 256 1472396247260 720 250 13 0
715 256 1472396247290 720 250 13 0
716 255 1472396247320 720 250 13 0
718 253 1472396247350 720 250 13 1
720 252 1472396247380 720 250 13 1
721 251 1472396247410 720 250 13 1
721 251 1472396247440 720 250 13 1
721 251 1472396247470 720 250 13 1
721 251 1472396247500 720 250 13 1
721 251 1472396247530 720 250 13 1
721 251 1472396247560 720 250 13 1
721 251 1472396247590 720 250 13 1
721 250 1472396247620 720 250 13 1
721 250 1472396247650 720 250 13 1
721 250 1472396247680 720 250 13 1
721 250 1472396247710 720 250 13 1
721 250 1472396247740 720 250 13 1
721 250 1472396247770 720 250 13 1
721 251 1472396247800 720 250 13 1
721 251 1472396247830 720 250 13 1
721 251 1472396247860 720 250 13 1
721 251 1472396247890 720 250 13 1
721 251 1472396247920 720 250 13 1
721 251 1472396247950 720 250 13 1
721 251 1472396247980 720 250 13 1
721 251 1472396248010 720 250 13 1
721 251 1472396248040 720 250 13 1
721 251 1472396248070 720 250 13 1
721 251 1472396248100 720 250 13 1
721 251 1472396248130 720 250 13 1
721 251 1472396248160 720 250 13 1
721 251 1472396248190 720 250 13 1
721 251 1472396248220 720 250 13 1
721 251 1472396248250 720 250 13 1
720 252 1472396248280 720 250 13 1
720 252 1472396248310 720 250 13 1
720 252 1472396248340 720 250 13 1
720 252 1472396248370 720 250 13 1
720 252 1472396248400 720 800 13 0
720 252 1472396248430 720 800 13 0
720 252 1472396248460 720 800 13 0
720 252 1472396248490 720 800 13 0
720 252 1472396248520 720 800 13 0
720 252 1472396248550 720 800 13 0
720 252 1472396248580 720 800 13 0
720 252 1472396248610 720 800 13 0
720 252 1472396248640 720 800 13 0
720 252 1472396248670 720 800 13 0
720 252 1472396248700 720 800 13 0
720 252 1472396248730 720 800 13 0
719 253 1472396248760 720 800 13 0
719 258 1472396248790 720 800 13 0
718 267 1472396248820 720 800 13 0
718 281 1472396248850 720 800 13 0
717 295 1472396248880 720 800 13 0
716 321 1472396248910 720 800 13 0
713 356 1472396248940 720 800 13 0
712 396 1472396248970 720 800 13 0
716 435 1472396249000 720 800 13 0
723 473 1472396249030 720 800 13 0
732 511 1472396249060 720 800 13 0
737 536 1472396249090 720 800 13 0
744 572 1472396249120 720 800 13 0
749 607 1472396249150 720 800 13 0
750 628 1472396249180 720 800 13 0
751 664 1472396249210 720 800 13 0
751 684 1472396249240 720 800 13 0
750 695 1472396249270 720 800 13 0
748 709 1472396249300 720 800 13 0
743 723 1472396249330 720 800 13 0
737 737 1472396249360 720 800 13 0
733 746 1472396249390 720 800 13 0
729 759 1472396249420 720 800 13 0
727 769 1472396249450 720 800 13 0
727 777 1472396249480 720 800 13 0
727 780 1472396249510 720 800 13 0
727 781 1472396249540 720 800 13 0
727 782 1472396249570 720 800 13 0
727 783 1472396249600 720 800 13 0
727 785 1472396249630 720 800 13 0
726 788 1472396249660 720 800 13 0
725 791 1472396249690 720 800 13 0
724 794 1472396249720 720 800 13 0
723 796 1472396249750 720 800 13 0
723 797 1472396249780 720 800 13 0
722 798 1472396249810 720 800 13 1
722 799 1472396249840 720 800 13 1
722 799 1472396249870 720 800 13 1
722 800 1472396249900 720 800 13 1
722 800 1472396249930 720 800 13 1
722 800 1472396249960 720 800 13 1
721 799 1472396249990 720 800 13 1
721 799 1472396250020 720 800 13 1
721 799 1472396250050 720 800 13 1
721 799 1472396250080 720 800 13 1
721 799 1472396250110 720 800 13 1
721 799 1472396250140 720 800 13 1
721 799 1472396250170 720 800 13 1
721 799 1472396250200 720 800 13 1
721 799 1472396250230 720 800 13 1
721 799 1472396250260 720 800 13 1
721 799 1472396250290 720 800 13 1
721 799 1472396250320 720 800 13 1
721 799 1472396250350 720 800 13 1
721 799 1472396250380 720 800 13 1
721 799 1472396250410 720 800 13 1
721 799 1472396250440 720 800 13 1
721 799 1472396250470 720 800 13 1
721 799 1472396250500 720 800 13 1
721 799 1472396250530 720 800 13 1
721 799 1472396250560 720 800 13 1
721 799 1472396250590 720 800 13 1
721 799 1472396250620 720 800 13 1
721 799 1472396250650 720 800 13 1
721 799 1472396250680 720 800 13 1
721 799 1472396250710 720 800 13 1
721 799 1472396250740 720 800 13 1
721 799 1472396250770 720 800 13 1
721 799 1472396250800 1109 467 13 0
721 799 1472396250830 1109 467 13 0
721 799 1472396250860 1109 467 13 0
721 799 1472396250890 1109 467 13 0
721 799 1472396250920 1109 467 13 0
721 799 1472396250950 1109 467 13 0
721 799 1472396250980 1109 467 13 0
721 799 1472396251010 1109 467 13 0
721 799 1472396251040 1109 467 13 0
721 799 1472396251070 1109 467 13 0
721 799 1472396251100 1109 467 13 0
721 799 1472396251130 1109 467 13 0
722 798 1472396251160 1109 467 13 0
726 796 1472396251190 1109 467 13 0
733 792 1472396251220 1109 467 13 0
744 786 1472396251250 1109 467 13 0
761 778 1472396251280 1109 467 13 0
783 766 1472396251310 1109 467 13 0
801 756 1472396251340 1109 467 13 0
829 739 1472396251370 1109 467 13 0
858 720 1472396251400 1109 467 13 0
881 702 1472396251430 1109 467 13 0
893 688 1472396251460 1109 467 13 0
896 680 1472396251490 1109 467 13 0
896 674 1472396251520 1109 467 13 0
896 669 1472396251550 1109 467 13 0
900 662 1472396251580 1109 467 13 0
908 653 1472396251610 1109 467 13 0
918 643 1472396251640 1109 467 13 0
931 631 1472396251670 1109 467 13 0
942 621 1472396251700 1109 467 13 0
964 601 1472396251730 1109 467 13 0
988 577 1472396251760 1109 467 13 0
1014 553 1472396251790 1109 467 13 0
1030 538 1472396251820 1109 467 13 0
1051 518 1472396251850 1109 467 13 0
1067 502 1472396251880 1109 467 13 0
1079 491 1472396251910 1109 467 13 0
1087 483 1472396251940 1109 467 13 0
1093 477 1472396251970 1109 467 13 0
1096 473 1472396252000 1109 467 13 0
1099 468 1472396252030 1109 467 13 0
1102 462 1472396252060 1109 467 13 0
1105 459 1472396252090 1109 467 13 0
1109 457 1472396252120 1109 467 13 0
1111 456 1472396252150 1109 467 13 0
1112 456 1472396252180 1109 467 13 0
1112 455 1472396252210 1109 467 13 0
1112 455 1472396252240 1109 467 13 0
1112 455 1472396252270 1109 467 13 0
1112 455 1472396252300 1109 467 13 0
1112 456 1472396252330 1109 467 13 0
1112 457 1472396252360 1109 467 13 0
1112 461 1472396252390 1109 467 13 0
1112 466 1472396252420 1109 467 13 1
1112 469 1472396252450 1109 467 13 0
1112 471 1472396252480 1109 467 13 0
1112 471 1472396252510 1109 467 13 0
1112 471 1472396252540 1109 467 13 0
1111 469 1472396252570 1109 467 13 1
1111 467 1472396252600 1109 467 13 1
1111 466 1472396252630 1109 467 13 1
1110 466 1472396252660 1109 467 13 1
1110 465 1472396252690 1109 467 13 1
1110 465 1472396252720 1109 467 13 1
1110 465 1472396252750 1109 467 13 1
1110 465 1472396252780 1109 467 13 1
1110 465 1472396252810 1109 467 13 1
1110 465 1472396252840 1109 467 13 1
1110 466 1472396252870 1109 467 13 1
1110 466 1472396252900 1109 467 13 1
1110 466 1472396252930 1109 467 13 1
1110 466 1472396252960 1109 467 13 1
1110 466 1472396252990 1109 467 13 1
1111 466 1472396253020 1109 467 13 1
1111 467 1472396253050 1109 467 13 1
1111 467 1472396253080 1109 467 13 1
1111 467 1472396253110 1109 467 13 1
1111 467 1472396253140 1109 467 13 1
1111 467 1472396253170 1109 467 13 1
1111 467 1472396253200 1109 467 13 1
1111 467 1472396253230 1109 467 13 1
1111 467 1472396253260 1109 467 13 1
1111 467 1472396253290 1109 467 13 1
1111 467 1472396253320 1109 467 13 1
1111 467 1472396253350 1109 467 13 1
1111 467 1472396253380 1109 467 13 1
1111 467 1472396253410 1109 467 13 1
1111 467 1472396253440 1109 467 13 1
1111 467 1472396253470 1109 467 13 1
1111 467 1472396253500 1109 467 13 1
1111 467 1472396253530 1109 467 13 1
1111 467 1472396253560 1109 467 13 1
1111 467 1472396253590 720 800 13 0
1111 467 1472396253620 720 800 13 0
1111 467 1472396253650 720 800 13 0
1111 467 1472396253680 720 800 13 0
1111 467 1472396253710 720 800 13 0
1111 467 1472396253740 720 800 13 0
1111 467 1472396253770 720 800 13 0
1111 467 1472396253800 720 800 13 0
1111 467 1472396253830 720 800 13 0
1111 467 1472396253860 720 800 13 0
1111 467 1472396253890 720 800 13 0
1111 467 1472396253920 720 800 13 0
1106 471 1472396253950 720 800 13 0
1100 475 1472396253980 720 800 13 0
1085 487 1472396254010 720 800 13 0
1063 505 1472396254040 720 800 13 0
1030 530 1472396254070 720 800 13 0
993 560 1472396254100 720 800 13 0
955 590 1472396254130 720 800 13 0
923 617 1472396254160 720 800 13 0
905 633 1472396254190 720 800 13 0
884 653 1472396254220 720 800 13 0
866 671 1472396254250 720 800 13 0
850 688 1472396254280 720 800 13 0
835 705 1472396254310 720 800 13 0
825 717 1472396254340 720 800 13 0
811 733 1472396254370 720 800 13 0
798 748 1472396254400 720 800 13 0
788 760 1472396254430 720 800 13 0
781 768 1472396254460 720 800 13 0
772 777 1472396254490 720 800 13 0
764 784 1472396254520 720 800 13 0
757 788 1472396254550 720 800 13 0
752 792 1472396254580 720 800 13 0
747 796 1472396254610 720 800 13 0
744 798 1472396254640 720 800 13 0
740 802 1472396254670 720 800 13 0
735 805 1472396254700 720 800 13 0
731 808 1472396254730 720 800 13 0
728 810 1472396254760 720 800 13 0
726 810 1472396254790 720 800 13 0
725 810 1472396254820 720 800 13 0
724 809 1472396254850 720 800 13 0
723 809 1472396254880 720 800 13 0
722 809 1472396254910 720 800 13 0
720 809 1472396254940 720 800 13 0
720 808 1472396254970 720 800 13 0
720 807 1472396255000 720 800 13 0
720 807 1472396255030 720 800 13 0
720 806 1472396255060 720 800 13 0
721 805 1472396255090 720 800 13 0
722 804 1472396255120 720 800 13 0
723 802 1472396255150 720 800 13 0
723 801 1472396255180 720 800 13 1
723 801 1472396255210 720 800 13 1
723 801 1472396255240 720 800 13 1
723 801 1472396255270 720 800 13 1
724 802 1472396255300 720 800 13 0
724 802 1472396255330 720 800 13 0
724 803 1472396255360 720 800 13 0
724 803 1472396255390 720 800 13 0
724 803 1472396255420 720 800 13 0
724 803 1472396255450 720 800 13 0
724 803 1472396255480 720 800 13 0
724 803 1472396255510 720 800 13 0
724 803 1472396255540 720 800 13 0
724 803 1472396255570 720 800 13 0
724 803 1472396255600 720 800 13 0
724 802 1472396255630 720 800 13 0
723 802 1472396255660 720 800 13 0
723 801 1472396255690 720 800 13 1
722 800 1472396255720 720 800 13 1
722 800 1472396255750 720 800 13 1
722 800 1472396255780 720 800 13 1
722 800 1472396255810 720 800 13 1
722 800 1472396255840 720 800 13 1
722 800 1472396255870 720 800 13 1
722 800 1472396255900 720 800 13 1
722 800 1472396255930 720 800 13 1
722 800 1472396255960 720 800 13 1
722 800 1472396255990 720 800 13 1
722 800 1472396256020 720 800 13 1
722 800 1472396256050 720 800 13 1
722 800 1472396256080 720 800 13 1
722 800 1472396256110 720 800 13 1
722 800 1472396256140 720 800 13 1
722 800 1472396256170 720 800 13 1
722 800 1472396256200 720 800 13 1
722 800 1472396256230 720 800 13 1
722 800 1472396256260 720 800 13 1
722 800 1472396256290 720 800 13 1
722 800 1472396256320 720 800 13 1
722 800 1472396256350 720 800 13 1
722 800 1472396256380 720 800 13 1
722 800 1472396256410 720 800 13 1
722 800 1472396256440 720 800 13 1
722 800 1472396256470 720 800 13 1
722 800 1472396256500 720 800 13 1
722 800 1472396256530 720 800 13 1
722 800 1472396256560 720 800 13 1
722 800 1472396256590 720 800 13 1
722 800 1472396256620 720 800 13 1
722 800 1472396256650 720 800 13 1
722 800 1472396256680 720 800 13 1
722 800 1472396256710 720 800 13 1
722 800 1472396256740 1270 800 13 0
722 800 1472396256770 1270 800 13 0
722 800 1472396256800 1270 800 13 0
722 800 1472396256830 1270 800 13 0
722 800 1472396256860 1270 800 13 0
721 800 1472396256890 1270 800 13 0
721 800 1472396256920 1270 800 13 0
721 800 1472396256950 1270 800 13 0
721 800 1472396256980 1270 800 13 0
721 800 1472396257010 1270 800 13 0
721 800 1472396257040 1270 800 13 0
722 799 1472396257070 1270 800 13 0
724 799 1472396257100 1270 800 13 0
729 798 1472396257130 1270 800 13 0
737 797 1472396257160 1270 800 13 0
746 797 1472396257190 1270 800 13 0
761 796 1472396257220 1270 800 13 0
784 793 1472396257250 1270 800 13 0
814 787 1472396257280 1270 800 13 0
838 783 1472396257310 1270 800 13 0
874 779 1472396257340 1270 800 13 0
909 780 1472396257370 1270 800 13 0
943 785 1472396257400 1270 800 13 0
976 791 1472396257430 1270 800 13 0
997 794 1472396257460 1270 800 13 0
1027 798 1472396257490 1270 800 13 0
1052 801 1472396257520 1270 800 13 0
1074 803 1472396257550 1270 800 13 0
1095 803 1472396257580 1270 800 13 0
1115 803 1472396257610 1270 800 13 0
1129 803 1472396257640 1270 800 13 0
1149 802 1472396257670 1270 800 13 0
1167 802 1472396257700 1270 800 13 0
1182 803 1472396257730 1270 800 13 0
1190 805 1472396257760 1270 800 13 0
1199 807 1472396257790 1270 800 13 0
1206 810 1472396257820 1270 800 13 0
1212 813 1472396257850 1270 800 13 0
1217 814 1472396257880 1270 800 13 0
1224 815 1472396257910 1270 800 13 0
1231 816 1472396257940 1270 800 13 0
1236 817 1472396257970 1270 800 13 0
1245 817 1472396258000 1270 800 13 0
1252 817 1472396258030 1270 800 13 0
1256 817 1472396258060 1270 800 13 0
1258 817 1472396258090 1270 800 13 0
1258 817 1472396258120 1270 800 13 0
1257 817 1472396258150 1270 800 13 0
1257 816 1472396258180 1270 800 13 0
1257 814 1472396258210 1270 800 13 0
1258 813 1472396258240 1270 800 13 0
1260 811 1472396258270 1270 800 13 0
1264 809 1472396258300 1270 800 13 0
1267 807 1472396258330 1270 800 13 0
1271 805 1472396258360 1270 800 13 0
1273 804 1472396258390 1270 800 13 0
1273 804 1472396258420 1270 800 13 0
1274 803 1472396258450 1270 800 13 0
1274 803 1472396258480 1270 800 13 0
1274 803 1472396258510 1270 800 13 0
1274 803 1472396258540 1270 800 13 0
1273 804 1472396258570 1270 800 13 0
1272 805 1472396258600 1270 800 13 0
1272 806 1472396258630 1270 800 13 0
1271 806 1472396258660 1270 800 13 0
1271 806 1472396258690 1270 800 13 0
1271 806 1472396258720 1270 800 13 0
1271 806 1472396258750 1270 800 13 0
1271 806 1472396258780 1270 800 13 0
1271 806 1472396258810 1270 800 13 0
1271 806 1472396258840 1270 800 13 0
1271 806 1472396258870 1270 800 13 0
1271 806 1472396258900 1270 800 13 0
1271 806 1472396258930 1270 800 13 0
1271 806 1472396258960 1270 800 13 0
1271 806 1472396258990 1270 800 13 0
1271 806 1472396259020 1270 800 13 0
1271 806 1472396259050 1270 800 13 0
1271 806 1472396259080 1270 800 13 0
1271 806 1472396259110 1270 800 13 0
1271 806 1472396259140 1270 800 13 0
1271 806 1472396259170 1270 800 13 0
1271 806 1472396259200 1270 800 13 0
1271 806 1472396259230 1270 800 13 0
1271 806 1472396259260 1270 800 13 0
1271 806 1472396259290 1270 800 13 0
1271 805 1472396259320 1270 800 13 0
1271 804 1472396259350 1270 800 13 0
1271 804 1472396259380 1270 800 13 0
1271 804 1472396259410 1270 800 13 0
1271 804 1472396259440 1270 800 13 0
1271 804 1472396259470 1270 800 13 0
1271 804 1472396259500 1270 800 13 0
1271 804 1472396259530 1270 800 13 0
1271 803 1472396259560 1270 800 13 1
1271 802 1472396259590 1270 800 13 1
1272 801 1472396259620 1270 800 13 1
1273 799 1472396259650 1270 800 13 1
1273 799 1472396259680 1270 800 13 1
1273 799 1472396259710 1270 800 13 1
1273 799 1472396259740 1270 800 13 1
1273 799 1472396259770 1270 800 13 1
1273 799 1472396259800 1270 800 13 1
1273 799 1472396259830 1270 800 13 1
1273 799 1472396259860 1270 800 13 1
1273 799 1472396259890 1270 800 13 1
1273 799 1472396259920 1270 800 13 1
1272 800 1472396259950 1270 800 13 1
1272 800 1472396259980 1270 800 13 1
1272 800 1472396260010 1270 800 13 1
1272 801 1472396260040 1270 800 13 1
1272 801 1472396260070 1270 800 13 1
1271 801 1472396260100 1270 800 13 1
1271 801 1472396260130 1270 800 13 1
1271 801 1472396260160 1270 800 13 1
1271 801 1472396260190 1270 800 13 1
1271 801 1472396260220 1270 800 13 1
1271 801 1472396260250 1270 800 13 1
1271 801 1472396260280 1270 800 13 1
1271 801 1472396260310 1270 800 13 1
1271 801 1472396260340 1270 800 13 1
1271 801 1472396260370 1270 800 13 1
1271 801 1472396260400 1270 800 13 1
1271 801 1472396260430 1270 800 13 1
1271 801 1472396260460 1270 800 13 1
1271 801 1472396260490 1270 800 13 1
1271 801 1472396260520 1270 800 13 1
1271 801 1472396260550 1270 800 13 1
1271 801 1472396260580 1270 800 13 1
1271 801 1472396260610 720 800 13 0
1271 801 1472396260640 720 800 13 0
1271 801 1472396260670 720 800 13 0
1271 801 1472396260700 720 800 13 0
1271 801 1472396260730 720 800 13 0
1271 801 1472396260760 720 800 13 0
1271 801 1472396260790 720 800 13 0
1271 801 1472396260820 720 800 13 0
1271 801 1472396260850 720 800 13 0
1270 801 1472396260880 720 800 13 0
1263 800 1472396260910 720 800 13 0
1246 799 1472396260940 720 800 13 0
1216 799 1472396260970 720 800 13 0
1173 800 1472396261000 720 800 13 0
1121 802 1472396261030 720 800 13 0
1084 804 1472396261060 720 800 13 0
1029 805 1472396261090 720 800 13 0
978 805 1472396261120 720 800 13 0
934 802 1472396261150 720 800 13 0
898 797 1472396261180 720 800 13 0
871 792 1472396261210 720 800 13 0
857 788 1472396261240 720 800 13 0
841 785 1472396261270 720 800 13 0
828 783 1472396261300 720 800 13 0
817 782 1472396261330 720 800 13 0
804 784 1472396261360 720 800 13 0
790 786 1472396261390 720 800 13 0
780 788 1472396261420 720 800 13 0
764 791 1472396261450 720 800 13 0
748 793 1472396261480 720 800 13 0
735 793 1472396261510 720 800 13 0
727 793 1472396261540 720 800 13 0
719 792 1472396261570 720 800 13 0
715 791 1472396261600 720 800 13 0
714 790 1472396261630 720 800 13 0
714 790 1472396261660 720 800 13 0
714 790 1472396261690 720 800 13 0
714 790 1472396261720 720 800 13 0
715 791 1472396261750 720 800 13 0
716 792 1472396261780 720 800 13 0
717 795 1472396261810 720 800 13 0
719 798 1472396261840 720 800 13 1
721 802 1472396261870 720 800 13 1
722 805 1472396261900 720 800 13 0
723 808 1472396261930 720 800 13 0
724 809 1472396261960 720 800 13 0
724 809 1472396261990 720 800 13 0
724 806 1472396262020 720 800 13 0
723 804 1472396262050 720 800 13 0
723 803 1472396262080 720 800 13 0
723 802 1472396262110 720 800 13 1
723 801 1472396262140 720 800 13 1
723 801 1472396262170 720 800 13 1
723 801 1472396262200 720 800 13 1
723 801 1472396262230 720 800 13 1
723 801 1472396262260 720 800 13 1
723 801 1472396262290 720 800 13 1
723 801 1472396262320 720 800 13 1
723 801 1472396262350 720 800 13 1
723 801 1472396262380 720 800 13 1
723 801 1472396262410 720 800 13 1
723 801 1472396262440 720 800 13 1
723 802 1472396262470 720 800 13 1
723 802 1472396262500 720 800 13 1
723 802 1472396262530 720 800 13 1
723 802 1472396262560 720 800 13 1
723 802 1472396262590 720 800 13 1
723 802 1472396262620 720 800 13 1
723 802 1472396262650 720 800 13 1
723 802 1472396262680 720 800 13 1
723 802 1472396262710 720 800 13 1
723 802 1472396262740 720 800 13 1
723 802 1472396262770 720 800 13 1
723 802 1472396262800 720 800 13 1
723 802 1472396262830 720 800 13 1
723 802 1472396262860 720 800 13 1
723 802 1472396262890 720 800 13 1
723 802 1472396262920 720 800 13 1
723 802 1472396262950 720 800 13 1
723 802 1472396262980 720 800 13 1
723 802 1472396263010 720 800 13 1
723 802 1472396263040 720 800 13 1
723 802 1472396263070 720 800 13 1
723 802 1472396263100 720 800 13 1
723 802 1472396263130 720 800 13 1
723 802 1472396263160 320 800 33 0
723 802 1472396263190 320 800 33 0
723 802 1472396263220 320 800 33 0
723 802 1472396263250 320 800 33 0
723 802 1472396263280 320 800 33 0
723 802 1472396263310 320 800 33 0
723 802 1472396263340 320 800 33 0
723 802 1472396263370 320 800 33 0
723 802 1472396263400 320 800 33 0
722 802 1472396263430 320 800 33 0
720 801 1472396263460 320 800 33 0
715 799 1472396263490 320 800 33 0
709 798 1472396263520 320 800 33 0
697 797 1472396263550 320 800 33 0
678 796 1472396263580 320 800 33 0
654 796 1472396263610 320 800 33 0
624 796 1472396263640 320 800 33 0
590 796 1472396263670 320 800 33 0
567 796 1472396263700 320 800 33 0
532 798 1472396263730 320 800 33 0
498 800 1472396263760 320 800 33 0
469 801 1472396263790 320 800 33 0
445 800 1472396263820 320 800 33 0
427 797 1472396263850 320 800 33 0
418 795 1472396263880 320 800 33 0
409 791 1472396263910 320 800 33 0
403 788 1472396263940 320 800 33 0
399 786 1472396263970 320 800 33 0
393 785 1472396264000 320 800 33 0
386 785 1472396264030 320 800 33 0
379 787 1472396264060 320 800 33 0
367 790 1472396264090 320 800 33 0
354 793 1472396264120 320 800 33 0
341 795 1472396264150 320 800 33 1
333 796 1472396264180 320 800 33 1
323 797 1472396264210 320 800 33 1
317 796 1472396264240 320 800 33 1
314 795 1472396264270 320 800 33 1
313 794 1472396264300 320 800 33 1
313 793 1472396264330 320 800 33 1
314 793 1472396264360 320 800 33 1
316 792 1472396264390 320 800 33 1
319 792 1472396264420 320 800 33 1
321 792 1472396264450 320 800 33 1
323 793 1472396264480 320 800 33 1
324 794 1472396264510 320 800 33 1
325 794 1472396264540 320 800 33 1
325 795 1472396264570 320 800 33 1
326 796 1472396264600 320 800 33 1
326 796 1472396264630 320 800 33 1
326 796 1472396264660 320 800 33 1
326 796 1472396264690 320 800 33 1
326 796 1472396264720 320 800 33 1
326 796 1472396264750 320 800 33 1
326 796 1472396264780 320 800 33 1
326 796 1472396264810 320 800 33 1
326 796 1472396264840 320 800 33 1
326 796 1472396264870 320 800 33 1
326 796 1472396264900 320 800 33 1
326 796 1472396264930 320 800 33 1
326 796 1472396264960 320 800 33 1
326 796 1472396264990 320 800 33 1
326 796 1472396265020 320 800 33 1
326 796 1472396265050 320 800 33 1
326 796 1472396265080 320 800 33 1
326 796 1472396265110 320 800 33 1
326 796 1472396265140 320 800 33 1
326 796 1472396265170 320 800 33 1
326 796 1472396265200 720 800 36 0
326 796 1472396265230 720 800 36 0
326 796 1472396265260 720 800 36 0
326 796 1472396265290 720 800 36 0
326 796 1472396265320 720 800 36 0
326 796 1472396265350 720 800 36 0
326 796 1472396265380 720 800 36 0
326 796 1472396265410 720 800 36 0
326 796 1472396265440 720 800 36 0
326 796 1472396265470 720 800 36 0
326 796 1472396265500 720 800 36 0
326 796 1472396265530 720 800 36 0
326 796 1472396265560 720 800 36 0
329 795 1472396265590 720 800 36 0
334 793 1472396265620 720 800 36 0
343 792 1472396265650 720 800 36 0
352 791 1472396265680 720 800 36 0
370 789 1472396265710 720 800 36 0
393 786 1472396265740 720 800 36 0
423 782 1472396265770 720 800 36 0
457 778 1472396265800 720 800 36 0
493 776 1472396265830 720 800 36 0
518 776 1472396265860 720 800 36 0
555 779 1472396265890 720 800 36 0
590 784 1472396265920 720 800 36 0
622 789 1472396265950 720 800 36 0
652 793 1472396265980 720 800 36 0
678 795 1472396266010 720 800 36 0
693 796 1472396266040 720 800 36 0
712 796 1472396266070 720 800 36 1
726 796 1472396266100 720 800 36 1
735 796 1472396266130 720 800 36 1
739 796 1472396266160 720 800 36 1
743 796 1472396266190 720 800 36 1
746 796 1472396266220 720 800 36 1
747 797 1472396266250 720 800 36 0
748 797 1472396266280 720 800 36 0
748 798 1472396266310 720 800 36 0
748 798 1472396266340 720 800 36 0
747 798 1472396266370 720 800 36 0
744 799 1472396266400 720 800 36 1
740 799 1472396266430 720 800 36 1
737 800 1472396266460 720 800 36 1
734 800 1472396266490 720 800 36 1
732 800 1472396266520 720 800 36 1
729 799 1472396266550 720 800 36 1
727 799 1472396266580 720 800 36 1
726 798 1472396266610 720 800 36 1
726 797 1472396266640 720 800 36 1
726 797 1472396266670 720 800 36 1
726 797 1472396266700 720 800 36 1
726 797 1472396266730 720 800 36 1
726 797 1472396266760 720 800 36 1
726 797 1472396266790 720 800 36 1
726 797 1472396266820 720 800 36 1
726 797 1472396266850 720 800 36 1
726 797 1472396266880 720 800 36 1
726 797 1472396266910 720 800 36 1
726 797 1472396266940 720 800 36 1
726 797 1472396266970 720 800 36 1
726 797 1472396267000 720 800 36 1
726 797 1472396267030 720 800 36 1
726 797 1472396267060 720 800 36 1
726 797 1472396267090 720 800 36 1
726 797 1472396267120 720 800 36 1
726 797 1472396267150 720 800 36 1
726 797 1472396267180 720 800 36 1
726 797 1472396267210 720 800 36 1
725 797 1472396267240 720 800 36 1
725 797 1472396267270 720 800 36 1
725 797 1472396267300 720 800 36 1
725 797 1472396267330 720 800 36 1
725 797 1472396267360 720 800 36 1
725 797 1472396267390 720 800 36 1
725 797 1472396267420 437 517 31 0
725 797 1472396267450 437 517 31 0
725 797 1472396267480 437 517 31 0
725 797 1472396267510 437 517 31 0
725 797 1472396267540 437 517 31 0
725 797 1472396267570 437 517 31 0
725 797 1472396267600 437 517 31 0
725 797 1472396267630 437 517 31 0
725 797 1472396267660 437 517 31 0
725 797 1472396267690 437 517 31 0
725 797 1472396267720 437 517 31 0
725 797 1472396267750 437 517 31 0
725 796 1472396267780 437 517 31 0
722 793 1472396267810 437 517 31 0
717 786 1472396267840 437 517 31 0
711 779 1472396267870 437 517 31 0
698 767 1472396267900 437 517 31 0
681 749 1472396267930 437 517 31 0
661 727 1472396267960 437 517 31 0
639 702 1472396267990 437 517 31 0
622 685 1472396268020 437 517 31 0
594 664 1472396268050 437 517 31 0
566 645 1472396268080 437 517 31 0
539 627 1472396268110 437 517 31 0
524 616 1472396268140 437 517 31 0
506 599 1472396268170 437 517 31 0
494 582 1472396268200 437 517 31 0
486 566 1472396268230 437 517 31 0
482 552 1472396268260 437 517 31 0
478 542 1472396268290 437 517 31 0
476 537 1472396268320 437 517 31 0
472 530 1472396268350 437 517 31 0
469 526 1472396268380 437 517 31 0
466 523 1472396268410 437 517 31 0
462 520 1472396268440 437 517 31 0
458 518 1472396268470 437 517 31 1
455 516 1472396268500 437 517 31 1
451 513 1472396268530 437 517 31 1
446 510 1472396268560 437 517 31 1
440 509 1472396268590 437 517 31 1
435 509 1472396268620 437 517 31 1
432 509 1472396268650 437 517 31 1
432 509 1472396268680 437 517 31 1
432 509 1472396268710 437 517 31 1
433 509 1472396268740 437 517 31 1
433 509 1472396268770 437 517 31 1
433 509 1472396268800 437 517 31 1
433 509 1472396268830 437 517 31 1
433 509 1472396268860 437 517 31 1
434 509 1472396268890 437 517 31 1
434 510 1472396268920 437 517 31 1
435 510 1472396268950 437 517 31 1
435 510 1472396268980 437 517 31 1
435 510 1472396269010 437 517 31 1
435 510 1472396269040 437 517 31 1
435 510 1472396269070 437 517 31 1
435 510 1472396269100 437 517 31 1
435 510 1472396269130 437 517 31 1
435 510 1472396269160 437 517 31 1
435 510 1472396269190 437 517 31 1
435 510 1472396269220 437 517 31 1
435 510 1472396269250 437 517 31 1
435 510 1472396269280 437 517 31 1
435 510 1472396269310 437 517 31 1
435 510 1472396269340 437 517 31 1
435 510 1472396269370 437 517 31 1
435 510 1472396269400 437 517 31 1
435 510 1472396269430 437 517 31 1
435 510 1472396269460 437 517 31 1
435 510 1472396269490 437 517 31 1
435 510 1472396269520 720 800 37 0
435 510 1472396269550 720 800 37 0
435 510 1472396269580 720 800 37 0
435 510 1472396269610 720 800 37 0
435 510 1472396269640 720 800 37 0
435 510 1472396269670 720 800 37 0
435 510 1472396269700 720 800 37 0
435 510 1472396269730 720 800 37 0
435 510 1472396269760 720 800 37 0
435 510 1472396269790 720 800 37 0
436 511 1472396269820 720 800 37 0
442 515 1472396269850 720 800 37 0
451 521 1472396269880 720 800 37 0
464 530 1472396269910 720 800 37 0
482 543 1472396269940 720 800 37 0
503 562 1472396269970 720 800 37 0
518 576 1472396270000 720 800 37 0
543 600 1472396270030 720 800 37 0
569 625 1472396270060 720 800 37 0
593 650 1472396270090 720 800 37 0
607 666 1472396270120 720 800 37 0
626 691 1472396270150 720 800 37 0
641 714 1472396270180 720 800 37 0
654 736 1472396270210 720 800 37 0
665 754 1472396270240 720 800 37 0
675 769 1472396270270 720 800 37 0
682 777 1472396270300 720 800 37 0
692 785 1472396270330 720 800 37 0
701 792 1472396270360 720 800 37 1
710 797 1472396270390 720 800 37 1
717 800 1472396270420 720 800 37 1
721 803 1472396270450 720 800 37 1
722 805 1472396270480 720 800 37 1
723 806 1472396270510 720 800 37 1
723 806 1472396270540 720 800 37 1
723 806 1472396270570 720 800 37 1
723 806 1472396270600 720 800 37 1
723 806 1472396270630 720 800 37 1
723 806 1472396270660 720 800 37 1
723 806 1472396270690 720 800 37 1
723 806 1472396270720 720 800 37 1
723 806 1472396270750 720 800 37 1
723 806 1472396270780 720 800 37 1
723 806 1472396270810 720 800 37 1
723 806 1472396270840 720 800 37 1
723 806 1472396270870 720 800 37 1
723 805 1472396270900 720 800 37 1
723 805 1472396270930 720 800 37 1
723 805 1472396270960 720 800 37 1
723 805 1472396270990 720 800 37 1
723 805 1472396271020 720 800 37 1
723 805 1472396271050 720 800 37 1
723 805 1472396271080 720 800 37 1
723 805 1472396271110 720 800 37 1
723 805 1472396271140 720 800 37 1
723 805 1472396271170 720 800 37 1
723 804 1472396271200 720 800 37 1
722 803 1472396271230 720 800 37 1
722 803 1472396271260 720 800 37 1
722 803 1472396271290 720 800 37 1
722 803 1472396271320 720 800 37 1
722 803 1472396271350 720 800 37 1
722 803 1472396271380 720 400 32 0
722 803 1472396271410 720 400 32 0
722 803 1472396271440 720 400 32 0
722 803 1472396271470 720 400 32 0
722 803 1472396271500 720 400 32 0
722 803 1472396271530 720 400 32 0
722 803 1472396271560 720 400 32 0
722 803 1472396271590 720 400 32 0
722 803 1472396271620 720 400 32 0
722 803 1472396271650 720 400 32 0
722 803 1472396271680 720 400 32 0
722 803 1472396271710 720 400 32 0
722 803 1472396271740 720 400 32 0
722 803 1472396271770 720 400 32 0
721 802 1472396271800 720 400 32 0
720 799 1472396271830 720 400 32 0
720 793 1472396271860 720 400 32 0
718 783 1472396271890 720 400 32 0
716 775 1472396271920 720 400 32 0
714 758 1472396271950 720 400 32 0
714 735 1472396271980 720 400 32 0
716 706 1472396272010 720 400 32 0
720 674 1472396272040 720 400 32 0
724 639 1472396272070 720 400 32 0
726 614 1472396272100 720 400 32 0
729 575 1472396272130 720 400 32 0
731 537 1472396272160 720 400 32 0
732 501 1472396272190 720 400 32 0
732 470 1472396272220 720 400 32 0
730 444 1472396272250 720 400 32 0
727 431 1472396272280 720 400 32 0
722 419 1472396272310 720 400 32 1
717 413 1472396272340 720 400 32 1
713 411 1472396272370 720 400 32 1
713 410 1472396272400 720 400 32 1
713 410 1472396272430 720 400 32 1
713 410 1472396272460 720 400 32 1
714 409 1472396272490 720 400 32 1
714 408 1472396272520 720 400 32 1
715 406 1472396272550 720 400 32 1
715 406 1472396272580 720 400 32 1
715 406 1472396272610 720 400 32 1
716 405 1472396272640 720 400 32 1
717 405 1472396272670 720 400 32 1
718 404 1472396272700 720 400 32 1
719 404 1472396272730 720 400 32 1
719 403 1472396272760 720 400 32 1
719 403 1472396272790 720 400 32 1
719 403 1472396272820 720 400 32 1
719 403 1472396272850 720 400 32 1
719 403 1472396272880 720 400 32 1
719 403 1472396272910 720 400 32 1
719 403 1472396272940 720 400 32 1
719 403 1472396272970 720 400 32 1
719 403 1472396273000 720 400 32 1
719 403 1472396273030 720 400 32 1
719 403 1472396273060 720 400 32 1
719 403 1472396273090 720 400 32 1
719 403 1472396273120 720 400 32 1
719 403 1472396273150 720 400 32 1
719 403 1472396273180 720 400 32 1
719 403 1472396273210 720 400 32 1
719 403 1472396273240 720 400 32 1
719 403 1472396273270 720 400 32 1
719 403 1472396273300 720 400 32 1
719 403 1472396273330 720 800 36 0
719 403 1472396273360 720 800 36 0
719 403 1472396273390 720 800 36 0
719 403 1472396273420 720 800 36 0
719 403 1472396273450 720 800 36 0
719 403 1472396273480 720 800 36 0
719 403 1472396273510 720 800 36 0
719 403 1472396273540 720 800 36 0
719 403 1472396273570 720 800 36 0
719 403 1472396273600 720 800 36 0
718 405 1472396273630 720 800 36 0
718 411 1472396273660 720 800 36 0
717 423 1472396273690 720 800 36 0
717 439 1472396273720 720 800 36 0
715 466 1472396273750 720 800 36 0
713 488 1472396273780 720 800 36 0
710 527 1472396273810 720 800 36 0
707 571 1472396273840 720 800 36 0
705 617 1472396273870 720 800 36 0
704 647 1472396273900 720 800 36 0
704 690 1472396273930 720 800 36 0
703 728 1472396273960 720 800 36 0
703 760 1472396273990 720 800 36 0
705 782 1472396274020 720 800 36 1
707 798 1472396274050 720 800 36 1
709 807 1472396274080 720 800 36 1
710 818 1472396274110 720 800 36 1
711 829 1472396274140 720 800 36 0
711 839 1472396274170 720 800 36 0
712 848 1472396274200 720 800 36 0
713 852 1472396274230 720 800 36 0
713 853 1472396274260 720 800 36 0
713 851 1472396274290 720 800 36 0
714 846 1472396274320 720 800 36 0
713 843 1472396274350 720 800 36 0
713 840 1472396274380 720 800 36 0
713 836 1472396274410 720 800 36 0
713 833 1472396274440 720 800 36 0
713 827 1472396274470 720 800 36 0
713 823 1472396274500 720 800 36 1
712 822 1472396274530 720 800 36 1
712 822 1472396274560 720 800 36 1
712 822 1472396274590 720 800 36 1
712 821 1472396274620 720 800 36 1
712 821 1472396274650 720 800 36 1
712 819 1472396274680 720 800 36 1
712 817 1472396274710 720 800 36 1
713 815 1472396274740 720 800 36 1
716 811 1472396274770 720 800 36 1
718 807 1472396274800 720 800 36 1
719 805 1472396274830 720 800 36 1
719 804 1472396274860 720 800 36 1
719 804 1472396274890 720 800 36 1
719 804 1472396274920 720 800 36 1
719 806 1472396274950 720 800 36 1
719 808 1472396274980 720 800 36 1
718 809 1472396275010 720 800 36 1
718 809 1472396275040 720 800 36 1
718 809 1472396275070 720 800 36 1
718 809 1472396275100 720 800 36 1
718 809 1472396275130 720 800 36 1
718 809 1472396275160 720 800 36 1
718 808 1472396275190 720 800 36 1
718 808 1472396275220 720 800 36 1
718 808 1472396275250 720 800 36 1
718 808 1472396275280 720 800 36 1
718 808 1472396275587 720 800 36 1
718 808 1472396275610 720 800 36 1
718 808 1472396275640 1003 517 34 0
718 808 1472396275670 1003 517 34 0
718 808 1472396275700 1003 517 34 0
718 808 1472396275730 1003 517 34 0
718 808 1472396275760 1003 517 34 0
718 808 1472396275790 1003 517 34 0
718 808 1472396275820 1003 517 34 0
718 808 1472396275850 1003 517 34 0
718 808 1472396275880 1003 517 34 0
718 808 1472396275910 1003 517 34 0
718 809 1472396275940 1003 517 34 0
722 808 1472396275970 1003 517 34 0
728 805 1472396276000 1003 517 34 0
738 800 1472396276030 1003 517 34 0
746 796 1472396276060 1003 517 34 0
761 787 1472396276090 1003 517 34 0
777 774 1472396276120 1003 517 34 0
793 760 1472396276150 1003 517 34 0
807 745 1472396276180 1003 517 34 0
819 728 1472396276210 1003 517 34 0
827 717 1472396276240 1003 517 34 0
837 698 1472396276270 1003 517 34 0
848 677 1472396276300 1003 517 34 0
861 656 1472396276330 1003 517 34 0
876 633 1472396276360 1003 517 34 0
891 612 1472396276390 1003 517 34 0
900 599 1472396276420 1003 517 34 0
910 583 1472396276450 1003 517 34 0
916 571 1472396276480 1003 517 34 0
922 562 1472396276510 1003 517 34 0
926 558 1472396276540 1003 517 34 0
930 554 1472396276570 1003 517 34 0
935 551 1472396276600 1003 517 34 0
940 548 1472396276630 1003 517 34 0
944 544 1472396276660 1003 517 34 0
950 539 1472396276690 1003 517 34 0
953 535 1472396276720 1003 517 34 0
958 531 1472396276750 1003 517 34 0
964 527 1472396276780 1003 517 34 0
969 524 1472396276810 1003 517 34 0
974 521 1472396276840 1003 517 34 0
977 520 1472396276870 1003 517 34 0
979 520 1472396276900 1003 517 34 1
981 519 1472396276930 1003 517 34 1
982 519 1472396276960 1003 517 34 1
984 519 1472396276990 1003 517 34 1
986 520 1472396277020 1003 517 34 1
988 521 1472396277050 1003 517 34 1
990 521 1472396277080 1003 517 34 1
992 521 1472396277110 1003 517 34 1
993 521 1472396277140 1003 517 34 1
994 520 1472396277170 1003 517 34 1
995 520 1472396277200 1003 517 34 1
996 518 1472396277230 1003 517 34 1
997 517 1472396277260 1003 517 34 1
998 516 1472396277290 1003 517 34 1
999 516 1472396277320 1003 517 34 1
999 516 1472396277350 1003 517 34 1
1000 516 1472396277380 1003 517 34 1
1000 516 1472396277410 1003 517 34 1
1001 516 1472396277440 1003 517 34 1
1001 517 1472396277470 1003 517 34 1
1002 517 1472396277500 1003 517 34 1
1002 517 1472396277530 1003 517 34 1
1002 517 1472396277560 1003 517 34 1
1002 517 1472396277590 1003 517 34 1
1002 518 1472396277620 1003 517 34 1
1002 518 1472396277650 1003 517 34 1
1002 518 1472396277680 1003 517 34 1
1002 518 1472396277710 1003 517 34 1
1002 518 1472396277740 1003 517 34 1
1002 518 1472396277770 1003 517 34 1
1002 518 1472396277800 1003 517 34 1
1002 518 1472396277830 1003 517 34 1
1002 518 1472396277860 1003 517 34 1
1002 518 1472396277890 1003 517 34 1
1002 518 1472396277920 1003 517 34 1
1002 518 1472396277950 720 800 34 0
1002 518 1472396277980 720 800 34 0
1002 518 1472396278010 720 800 34 0
1002 518 1472396278040 720 800 34 0
1002 518 1472396278070 720 800 34 0
1002 518 1472396278100 720 800 34 0
1002 518 1472396278130 720 800 34 0
1002 518 1472396278160 720 800 34 0
1002 518 1472396278190 720 800 34 0
1001 519 1472396278220 720 800 34 0
996 522 1472396278250 720 800 34 0
990 527 1472396278280 720 800 34 0
978 536 1472396278310 720 800 34 0
962 549 1472396278340 720 800 34 0
946 564 1472396278370 720 800 34 0
931 577 1472396278400 720 800 34 0
904 599 1472396278430 720 800 34 0
877 622 1472396278460 720 800 34 0
851 644 1472396278490 720 800 34 0
837 657 1472396278520 720 800 34 0
819 675 1472396278550 720 800 34 0
805 691 1472396278580 720 800 34 0
794 706 1472396278610 720 800 34 0
783 721 1472396278640 720 800 34 0
772 736 1472396278670 720 800 34 0
765 745 1472396278700 720 800 34 0
755 757 1472396278730 720 800 34 0
748 766 1472396278760 720 800 34 0
743 772 1472396278790 720 800 34 0
739 775 1472396278820 720 800 34 0
736 778 1472396278850 720 800 34 0
734 780 1472396278880 720 800 34 1
732 783 1472396278910 720 800 34 1
730 786 1472396278940 720 800 34 1
728 789 1472396278970 720 800 34 1
727 791 1472396279000 720 800 34 1
726 791 1472396279030 720 800 34 1
726 791 1472396279060 720 800 34 1
726 791 1472396279090 720 800 34 1
726 791 1472396279120 720 800 34 1
726 791 1472396279150 720 800 34 1
726 791 1472396279180 720 800 34 1
726 791 1472396279210 720 800 34 1
725 792 1472396279240 720 800 34 1
724 794 1472396279270 720 800 34 1
723 795 1472396279300 720 800 34 1
723 796 1472396279330 720 800 34 1
723 796 1472396279360 720 800 34 1
723 796 1472396279390 720 800 34 1
723 796 1472396279420 720 800 34 1
723 796 1472396279450 720 800 34 1
723 795 1472396279480 720 800 34 1
723 795 1472396279510 720 800 34 1
723 795 1472396279540 720 800 34 1
723 795 1472396279570 720 800 34 1
723 794 1472396279600 720 800 34 1
723 794 1472396279630 720 800 34 1
723 794 1472396279660 720 800 34 1
723 794 1472396279690 720 800 34 1
723 794 1472396279720 720 800 34 1
723 794 1472396279750 720 800 34 1
723 794 1472396279780 720 800 34 1
723 794 1472396279810 720 800 34 1
723 794 1472396279840 720 800 34 1
723 794 1472396279870 720 800 34 1
723 794 1472396279900 1120 800 36 0
723 794 1472396279930 1120 800 36 0
723 794 1472396279960 1120 800 36 0
723 794 1472396279990 1120 800 36 0
723 794 1472396280020 1120 800 36 0
723 794 1472396280050 1120 800 36 0
723 794 1472396280080 1120 800 36 0
723 794 1472396280110 1120 800 36 0
723 794 1472396280140 1120 800 36 0
723 794 1472396280170 1120 800 36 0
723 794 1472396280200 1120 800 36 0
723 794 1472396280230 1120 800 36 0
723 794 1472396280260 1120 800 36 0
724 794 1472396280290 1120 800 36 0
726 793 1472396280320 1120 800 36 0
734 791 1472396280350 1120 800 36 0
741 790 1472396280380 1120 800 36 0
755 789 1472396280410 1120 800 36 0
775 785 1472396280440 1120 800 36 0
801 780 1472396280470 1120 800 36 0
819 777 1472396280500 1120 800 36 0
846 775 1472396280530 1120 800 36 0
872 776 1472396280560 1120 800 36 0
897 779 1472396280590 1120 800 36 0
919 783 1472396280620 1120 800 36 0
940 785 1472396280650 1120 800 36 0
952 786 1472396280680 1120 800 36 0
969 786 1472396280710 1120 800 36 0
985 785 1472396280740 1120 800 36 0
1001 784 1472396280770 1120 800 36 0
1017 783 1472396280800 1120 800 36 0
1032 783 1472396280830 1120 800 36 0
1042 784 1472396280860 1120 800 36 0
1056 787 1472396280890 1120 800 36 0
1068 790 1472396280920 1120 800 36 0
1078 794 1472396280950 1120 800 36 0
1083 796 1472396280980 1120 800 36 0
1091 799 1472396281010 1120 800 36 0
1097 801 1472396281040 1120 800 36 1
1102 802 1472396281070 1120 800 36 1
1107 802 1472396281100 1120 800 36 1
1111 803 1472396281130 1120 800 36 1
1113 803 1472396281160 1120 800 36 1
1117 802 1472396281190 1120 800 36 1
1121 802 1472396281220 1120 800 36 1
1124 802 1472396281250 1120 800 36 1
1125 802 1472396281280 1120 800 36 1
1126 802 1472396281310 1120 800 36 1
1126 802 1472396281340 1120 800 36 1
1126 802 1472396281370 1120 800 36 1
1126 802 1472396281400 1120 800 36 1
1126 802 1472396281430 1120 800 36 1
1126 802 1472396281460 1120 800 36 1
1126 802 1472396281490 1120 800 36 1
1126 802 1472396281520 1120 800 36 1
1126 802 1472396281550 1120 800 36 1
1126 802 1472396281580 1120 800 36 1
1126 802 1472396281610 1120 800 36 1
1126 802 1472396281640 1120 800 36 1
1126 802 1472396281670 1120 800 36 1
1126 802 1472396281700 1120 800 36 1
1126 802 1472396281730 1120 800 36 1
1126 802 1472396281760 1120 800 36 1
1126 802 1472396281790 1120 800 36 1
1126 802 1472396281820 1120 800 36 1
1126 802 1472396281850 1120 800 36 1
1126 802 1472396281880 1120 800 36 1
1126 802 1472396281910 1120 800 36 1
1126 801 1472396281940 1120 800 36 1
1126 801 1472396281970 1120 800 36 1
1126 800 1472396282000 1120 800 36 1
1125 800 1472396282030 1120 800 36 1
1125 800 1472396282060 720 800 32 0
1125 800 1472396282090 720 800 32 0
1125 800 1472396282120 720 800 32 0
1125 800 1472396282150 720 800 32 0
1125 800 1472396282180 720 800 32 0
1125 800 1472396282210 720 800 32 0
1125 800 1472396282240 720 800 32 0
1125 800 1472396282270 720 800 32 0
1125 800 1472396282300 720 800 32 0
1125 800 1472396282330 720 800 32 0
1125 800 1472396282360 720 800 32 0
1123 800 1472396282390 720 800 32 0
1119 798 1472396282420 720 800 32 0
1107 796 1472396282450 720 800 32 0
1093 795 1472396282480 720 800 32 0
1065 793 1472396282510 720 800 32 0
1029 791 1472396282540 720 800 32 0
989 788 1472396282570 720 800 32 0
948 786 1472396282600 720 800 32 0
910 782 1472396282630 720 800 32 0
887 779 1472396282660 720 800 32 0
855 774 1472396282690 720 800 32 0
826 769 1472396282720 720 800 32 0
801 765 1472396282750 720 800 32 0
779 762 1472396282780 720 800 32 0
761 760 1472396282810 720 800 32 0
750 760 1472396282840 720 800 32 0
736 762 1472396282870 720 800 32 0
727 765 1472396282900 720 800 32 0
721 769 1472396282930 720 800 32 0
718 772 1472396282960 720 800 32 0
714 778 1472396282990 720 800 32 0
711 785 1472396283020 720 800 32 1
708 790 1472396283050 720 800 32 1
707 792 1472396283080 720 800 32 1
707 792 1472396283110 720 800 32 1
708 791 1472396283140 720 800 32 1
709 788 1472396283170 720 800 32 1
711 786 1472396283200 720 800 32 1
714 785 1472396283230 720 800 32 1
716 784 1472396283260 720 800 32 1
718 783 1472396283290 720 800 32 1
718 783 1472396283320 720 800 32 1
719 784 1472396283350 720 800 32 1
718 787 1472396283380 720 800 32 1
718 790 1472396283410 720 800 32 1
718 792 1472396283440 720 800 32 1
718 792 1472396283470 720 800 32 1
718 792 1472396283500 720 800 32 1
718 792 1472396283530 720 800 32 1
718 792 1472396283560 720 800 32 1
718 792 1472396283590 720 800 32 1
718 792 1472396283620 720 800 32 1
719 791 1472396283650 720 800 32 1
719 791 1472396283680 720 800 32 1
719 791 1472396283710 720 800 32 1
719 791 1472396283740 720 800 32 1
719 791 1472396283770 720 800 32 1
719 791 1472396283800 720 800 32 1
719 791 1472396283830 720 800 32 1
719 791 1472396283860 720 800 32 1
719 791 1472396283890 720 800 32 1
719 791 1472396283920 720 800 32 1
719 791 1472396283950 720 800 32 1
719 791 1472396283980 720 800 32 1
719 791 1472396284010 320 800 17 0
719 791 1472396284040 320 800 17 0
719 791 1472396284070 320 800 17 0
719 791 1472396284100 320 800 17 0
719 791 1472396284130 320 800 17 0
719 791 1472396284160 320 800 17 0
719 791 1472396284190 320 800 17 0
719 791 1472396284220 320 800 17 0
719 791 1472396284250 320 800 17 0
719 791 1472396284280 320 800 17 0
719 791 1472396284310 320 800 17 0
718 791 1472396284340 320 800 17 0
717 789 1472396284370 320 800 17 0
712 787 1472396284400 320 800 17 0
705 783 1472396284430 320 800 17 0
698 781 1472396284460 320 800 17 0
681 779 1472396284490 320 800 17 0
659 777 1472396284520 320 800 17 0
633 776 1472396284550 320 800 17 0
605 776 1472396284580 320 800 17 0
576 775 1472396284610 320 800 17 0
557 775 1472396284640 320 800 17 0
530 774 1472396284670 320 800 17 0
504 775 1472396284700 320 800 17 0
480 777 1472396284730 320 800 17 0
460 778 1472396284760 320 800 17 0
444 778 1472396284790 320 800 17 0
434 778 1472396284820 320 800 17 0
422 777 1472396284850 320 800 17 0
410 776 1472396284880 320 800 17 0
398 776 1472396284910 320 800 17 0
390 776 1472396284940 320 800 17 0
379 777 1472396284970 320 800 17 0
369 779 1472396285000 320 800 17 0
359 782 1472396285030 320 800 17 0
349 785 1472396285060 320 800 17 0
341 788 1472396285090 320 800 17 0
335 790 1472396285120 320 800 17 0
328 793 1472396285150 320 800 17 0
322 795 1472396285180 320 800 17 1
319 795 1472396285210 320 800 17 1
318 795 1472396285240 320 800 17 1
318 795 1472396285270 320 800 17 1
318 795 1472396285301 320 800 17 1
318 795 1472396285330 320 800 17 1
318 795 1472396285360 320 800 17 1
318 795 1472396285390 320 800 17 1
318 795 1472396285420 320 800 17 1
318 795 1472396285450 320 800 17 1
319 795 1472396285480 320 800 17 1
319 796 1472396285510 320 800 17 1
320 796 1472396285540 320 800 17 1
320 797 1472396285570 320 800 17 1
321 798 1472396285600 320 800 17 1
321 799 1472396285630 320 800 17 1
322 799 1472396285660 320 800 17 1
322 799 1472396285690 320 800 17 1
322 799 1472396285720 320 800 17 1
322 799 1472396285750 320 800 17 1
322 799 1472396285780 320 800 17 1
322 799 1472396285810 320 800 17 1
322 799 1472396285840 320 800 17 1
322 799 1472396285870 320 800 17 1
322 799 1472396285900 320 800 17 1
322 799 1472396285930 320 800 17 1
322 799 1472396285960 320 800 17 1
322 799 1472396285990 320 800 17 1
322 799 1472396286020 320 800 17 1
322 799 1472396286050 320 800 17 1
322 799 1472396286080 320 800 17 1
322 799 1472396286110 320 800 17 1
322 799 1472396286140 320 800 17 1
322 799 1472396286170 720 800 18 0
322 799 1472396286200 720 800 18 0
322 799 1472396286230 720 800 18 0
322 799 1472396286260 720 800 18 0
322 799 1472396286290 720 800 18 0
322 799 1472396286320 720 800 18 0
322 799 1472396286350 720 800 18 0
322 799 1472396286380 720 800 18 0
322 799 1472396286410 720 800 18 0
322 799 1472396286440 720 800 18 0
322 799 1472396286470 720 800 18 0
322 799 1472396286500 720 800 18 0
324 798 1472396286530 720 800 18 0
332 797 1472396286560 720 800 18 0
346 793 1472396286590 720 800 18 0
360 789 1472396286620 720 800 18 0
387 782 1472396286650 720 800 18 0
419 776 1472396286680 720 800 18 0
455 772 1472396286710 720 800 18 0
493 770 1472396286740 720 800 18 0
531 769 1472396286770 720 800 18 0
557 770 1472396286800 720 800 18 0
592 774 1472396286830 720 800 18 0
624 779 1472396286860 720 800 18 0
652 785 1472396286890 720 800 18 0
668 789 1472396286920 720 800 18 0
687 796 1472396286950 720 800 18 0
700 801 1472396286980 720 800 18 0
708 806 1472396287010 720 800 18 0
713 808 1472396287040 720 800 18 0
716 808 1472396287070 720 800 18 0
717 808 1472396287100 720 800 18 1
718 808 1472396287130 720 800 18 1
719 808 1472396287160 720 800 18 1
720 808 1472396287190 720 800 18 1
721 808 1472396287220 720 800 18 1
722 807 1472396287250 720 800 18 1
723 806 1472396287280 720 800 18 1
724 805 1472396287310 720 800 18 1
724 804 1472396287340 720 800 18 1
724 804 1472396287370 720 800 18 1
724 803 1472396287400 720 800 18 1
723 802 1472396287430 720 800 18 1
723 801 1472396287460 720 800 18 1
722 799 1472396287490 720 800 18 1
720 798 1472396287520 720 800 18 1
719 797 1472396287550 720 800 18 1
718 797 1472396287580 720 800 18 1
718 797 1472396287610 720 800 18 1
718 798 1472396287640 720 800 18 1
718 799 1472396287670 720 800 18 1
718 800 1472396287700 720 800 18 1
718 801 1472396287730 720 800 18 1
719 802 1472396287760 720 800 18 1
719 802 1472396287790 720 800 18 1
720 802 1472396287820 720 800 18 1
720 802 1472396287850 720 800 18 1
720 802 1472396287880 720 800 18 1
720 801 1472396287910 720 800 18 1
720 801 1472396287940 720 800 18 1
720 801 1472396287970 720 800 18 1
720 800 1472396288000 720 800 18 1
720 800 1472396288030 720 800 18 1
720 800 1472396288060 720 800 18 1
720 800 1472396288090 720 800 18 1
720 800 1472396288120 720 800 18 1
720 800 1472396288150 437 517 17 0
720 800 1472396288180 437 517 17 0
720 800 1472396288210 437 517 17 0
720 800 1472396288240 437 517 17 0
720 800 1472396288270 437 517 17 0
720 800 1472396288300 437 517 17 0
720 800 1472396288330 437 517 17 0
720 801 1472396288360 437 517 17 0
720 801 1472396288390 437 517 17 0
720 801 1472396288420 437 517 17 0
720 801 1472396288450 437 517 17 0
719 800 1472396288480 437 517 17 0
718 799 1472396288510 437 517 17 0
714 796 1472396288540 437 517 17 0
708 791 1472396288570 437 517 17 0
702 786 1472396288600 437 517 17 0
690 776 1472396288630 437 517 17 0
673 760 1472396288660 437 517 17 0
654 739 1472396288690 437 517 17 0
633 715 1472396288720 437 517 17 0
609 691 1472396288750 437 517 17 0
591 678 1472396288780 437 517 17 0
562 660 1472396288810 437 517 17 0
532 644 1472396288840 437 517 17 0
504 628 1472396288870 437 517 17 0
489 615 1472396288900 437 517 17 0
472 595 1472396288930 437 517 17 0
462 575 1472396288960 437 517 17 0
457 558 1472396288990 437 517 17 0
455 547 1472396289020 437 517 17 0
456 540 1472396289050 437 517 17 0
457 538 1472396289080 437 517 17 0
457 537 1472396289110 437 517 17 0
458 537 1472396289140 437 517 17 0
458 536 1472396289170 437 517 17 0
457 535 1472396289200 437 517 17 0
454 534 1472396289230 437 517 17 0
452 533 1472396289260 437 517 17 0
448 532 1472396289290 437 517 17 0
445 531 1472396289320 437 517 17 0
442 529 1472396289350 437 517 17 0
439 527 1472396289380 437 517 17 0
438 525 1472396289410 437 517 17 0
437 524 1472396289440 437 517 17 1
436 522 1472396289470 437 517 17 1
435 520 1472396289500 437 517 17 1
435 519 1472396289530 437 517 17 1
435 518 1472396289560 437 517 17 1
435 518 1472396289590 437 517 17 1
436 519 1472396289620 437 517 17 1
438 519 1472396289650 437 517 17 1
439 520 1472396289680 437 517 17 1
439 520 1472396289710 437 517 17 1
439 520 1472396289740 437 517 17 1
439 520 1472396289770 437 517 17 1
439 520 1472396289800 437 517 17 1
439 520 1472396289830 437 517 17 1
439 520 1472396289860 437 517 17 1
439 520 1472396289890 437 517 17 1
439 520 1472396289920 437 517 17 1
439 520 1472396289950 437 517 17 1
439 520 1472396289980 437 517 17 1
439 520 1472396290010 437 517 17 1
439 520 1472396290040 437 517 17 1
439 519 1472396290070 437 517 17 1
439 519 1472396290100 437 517 17 1
438 518 1472396290130 437 517 17 1
438 518 1472396290160 437 517 17 1
438 518 1472396290190 437 517 17 1
438 518 1472396290220 437 517 17 1
438 518 1472396290250 437 517 17 1
438 518 1472396290280 437 517 17 1
438 518 1472396290310 437 517 17 1
438 518 1472396290340 437 517 17 1
438 518 1472396290370 437 517 17 1
438 518 1472396290400 437 517 17 1
438 518 1472396290430 720 800 18 0
438 518 1472396290460 720 800 18 0
438 518 1472396290490 720 800 18 0
438 518 1472396290520 720 800 18 0
438 518 1472396290550 720 800 18 0
438 518 1472396290580 720 800 18 0
438 518 1472396290610 720 800 18 0
438 518 1472396290640 720 800 18 0
438 518 1472396290670 720 800 18 0
438 518 1472396290700 720 800 18 0
438 519 1472396290730 720 800 18 0
441 524 1472396290760 720 800 18 0
447 531 1472396290790 720 800 18 0
455 540 1472396290820 720 800 18 0
467 551 1472396290850 720 800 18 0
476 559 1472396290880 720 800 18 0
494 574 1472396290910 720 800 18 0
515 590 1472396290940 720 800 18 0
537 607 1472396290970 720 800 18 0
560 626 1472396291000 720 800 18 0
582 646 1472396291030 720 800 18 0
596 660 1472396291060 720 800 18 0
614 683 1472396291090 720 800 18 0
629 705 1472396291120 720 800 18 0
642 726 1472396291150 720 800 18 0
655 743 1472396291180 720 800 18 0
667 755 1472396291210 720 800 18 0
674 761 1472396291240 720 800 18 0
684 767 1472396291270 720 800 18 0
692 770 1472396291300 720 800 18 0
697 771 1472396291330 720 800 18 0
699 771 1472396291360 720 800 18 0
702 771 1472396291390 720 800 18 0
703 771 1472396291420 720 800 18 0
704 772 1472396291450 720 800 18 0
704 774 1472396291480 720 800 18 0
705 777 1472396291510 720 800 18 0
706 779 1472396291540 720 800 18 0
708 781 1472396291570 720 800 18 0
710 784 1472396291600 720 800 18 0
711 786 1472396291630 720 800 18 0
713 788 1472396291660 720 800 18 0
714 789 1472396291690 720 800 18 0
714 789 1472396291720 720 800 18 0
715 790 1472396291750 720 800 18 0
716 790 1472396291780 720 800 18 0
717 791 1472396291810 720 800 18 0
718 791 1472396291840 720 800 18 0
719 792 1472396291870 720 800 18 1
719 792 1472396291900 720 800 18 1
720 793 1472396291930 720 800 18 1
720 794 1472396291960 720 800 18 1
720 794 1472396291990 720 800 18 1
721 795 1472396292020 720 800 18 1
721 795 1472396292050 720 800 18 1
721 796 1472396292080 720 800 18 1
721 796 1472396292110 720 800 18 1
721 797 1472396292140 720 800 18 1
721 798 1472396292170 720 800 18 1
721 798 1472396292200 720 800 18 1
721 798 1472396292230 720 800 18 1
721 798 1472396292260 720 800 18 1
721 798 1472396292290 720 800 18 1
721 798 1472396292320 720 800 18 1
721 798 1472396292350 720 800 18 1
720 798 1472396292380 720 800 18 1
720 797 1472396292410 720 800 18 1
720 797 1472396292440 720 800 18 1
720 797 1472396292470 720 800 18 1
720 797 1472396292500 720 800 18 1
720 797 1472396292530 720 800 18 1
720 797 1472396292560 720 800 18 1
720 797 1472396292590 720 800 18 1
720 797 1472396292620 720 800 18 1
720 797 1472396292650 720 800 18 1
720 797 1472396292680 720 800 18 1
720 797 1472396292710 720 800 18 1
720 797 1472396292740 720 800 18 1
720 797 1472396292770 720 800 18 1
720 797 1472396292800 720 800 18 1
720 797 1472396292830 720 800 18 1
720 797 1472396292860 720 800 18 1
720 797 1472396292890 720 400 17 0
720 797 1472396292920 720 400 17 0
720 797 1472396292950 720 400 17 0
720 797 1472396292980 720 400 17 0
720 797 1472396293010 720 400 17 0
720 797 1472396293040 720 400 17 0
720 797 1472396293070 720 400 17 0
720 797 1472396293100 720 400 17 0
720 797 1472396293130 720 400 17 0
720 797 1472396293160 720 400 17 0
720 797 1472396293190 720 400 17 0
721 796 1472396293220 720 400 17 0
722 793 1472396293250 720 400 17 0
722 788 1472396293280 720 400 17 0
719 780 1472396293310 720 400 17 0
717 773 1472396293340 720 400 17 0
712 762 1472396293370 720 400 17 0
708 746 1472396293400 720 400 17 0
707 722 1472396293430 720 400 17 0
709 693 1472396293460 720 400 17 0
711 662 1472396293490 720 400 17 0
713 641 1472396293520 720 400 17 0
715 609 1472396293550 720 400 17 0
715 577 1472396293580 720 400 17 0
716 546 1472396293610 720 400 17 0
716 519 1472396293640 720 400 17 0
715 495 1472396293670 720 400 17 0
715 482 1472396293700 720 400 17 0
713 468 1472396293730 720 400 17 0
711 459 1472396293760 720 400 17 0
710 453 1472396293790 720 400 17 0
709 449 1472396293820 720 400 17 0
709 445 1472396293850 720 400 17 0
710 443 1472396293880 720 400 17 0
711 439 1472396293910 720 400 17 0
712 434 1472396293940 720 400 17 0
712 429 1472396293970 720 400 17 0
713 425 1472396294000 720 400 17 0
713 421 1472396294030 720 400 17 0
714 417 1472396294060 720 400 17 0
715 415 1472396294090 720 400 17 0
716 414 1472396294120 720 400 17 0
717 413 1472396294150 720 400 17 0
718 413 1472396294180 720 400 17 0
719 412 1472396294210 720 400 17 0
719 410 1472396294240 720 400 17 0
719 408 1472396294270 720 400 17 0
719 406 1472396294300 720 400 17 1
719 404 1472396294330 720 400 17 1
719 404 1472396294360 720 400 17 1
719 404 1472396294390 720 400 17 1
719 404 1472396294420 720 400 17 1
720 404 1472396294450 720 400 17 1
720 404 1472396294480 720 400 17 1
720 404 1472396294510 720 400 17 1
720 404 1472396294540 720 400 17 1
720 404 1472396294570 720 400 17 1
720 404 1472396294600 720 400 17 1
720 404 1472396294630 720 400 17 1
720 404 1472396294660 720 400 17 1
720 404 1472396294690 720 400 17 1
720 404 1472396294720 720 400 17 1
720 404 1472396294750 720 400 17 1
720 404 1472396294780 720 400 17 1
720 404 1472396294810 720 400 17 1
720 404 1472396294840 720 400 17 1
720 404 1472396294870 720 400 17 1
720 403 1472396294900 720 400 17 1
720 403 1472396294930 720 400 17 1
720 403 1472396294960 720 400 17 1
720 403 1472396294990 720 400 17 1
720 403 1472396295020 720 400 17 1
720 403 1472396295050 720 400 17 1
720 403 1472396295080 720 400 17 1
720 403 1472396295110 720 400 17 1
720 403 1472396295140 720 400 17 1
720 403 1472396295170 720 400 17 1
720 403 1472396295200 720 400 17 1
720 403 1472396295230 720 400 17 1
720 403 1472396295260 720 400 17 1
720 403 1472396295290 720 800 18 0
720 403 1472396295320 720 800 18 0
720 403 1472396295350 720 800 18 0
720 403 1472396295380 720 800 18 0
720 403 1472396295410 720 800 18 0
720 403 1472396295440 720 800 18 0
720 403 1472396295470 720 800 18 0
720 403 1472396295500 720 800 18 0
720 403 1472396295530 720 800 18 0
720 403 1472396295560 720 800 18 0
720 404 1472396295590 720 800 18 0
720 409 1472396295620 720 800 18 0
721 419 1472396295650 720 800 18 0
721 428 1472396295680 720 800 18 0
722 443 1472396295710 720 800 18 0
722 463 1472396295740 720 800 18 0
723 487 1472396295770 720 800 18 0
723 514 1472396295800 720 800 18 0
725 539 1472396295830 720 800 18 0
726 556 1472396295860 720 800 18 0
728 579 1472396295890 720 800 18 0
729 604 1472396295920 720 800 18 0
730 629 1472396295950 720 800 18 0
730 647 1472396295980 720 800 18 0
730 672 1472396296010 720 800 18 0
730 696 1472396296040 720 800 18 0
730 718 1472396296070 720 800 18 0
730 737 1472396296100 720 800 18 0
730 752 1472396296130 720 800 18 0
730 760 1472396296160 720 800 18 0
730 769 1472396296190 720 800 18 0
730 776 1472396296220 720 800 18 0
729 780 1472396296250 720 800 18 0
728 785 1472396296280 720 800 18 0
726 790 1472396296310 720 800 18 0
724 793 1472396296340 720 800 18 1
723 796 1472396296370 720 800 18 1
723 798 1472396296400 720 800 18 1
723 799 1472396296430 720 800 18 1
723 799 1472396296460 720 800 18 1
723 798 1472396296490 720 800 18 1
723 797 1472396296520 720 800 18 1
723 796 1472396296550 720 800 18 1
723 796 1472396296580 720 800 18 1
723 796 1472396296610 720 800 18 1
723 796 1472396296640 720 800 18 1
723 796 1472396296670 720 800 18 1
723 796 1472396296700 720 800 18 1
723 796 1472396296730 720 800 18 1
723 796 1472396296760 720 800 18 1
723 796 1472396296790 720 800 18 1
723 796 1472396296820 720 800 18 1
723 796 1472396296850 720 800 18 1
723 796 1472396296880 720 800 18 1
723 796 1472396296910 720 800 18 1
723 796 1472396296940 720 800 18 1
723 796 1472396296970 720 800 18 1
723 796 1472396297000 720 800 18 1
723 796 1472396297030 720 800 18 1
723 796 1472396297060 720 800 18 1
723 796 1472396297090 720 800 18 1
723 796 1472396297120 720 800 18 1
723 796 1472396297150 720 800 18 1
723 796 1472396297180 720 800 18 1
723 796 1472396297210 720 800 18 1
723 796 1472396297240 720 800 18 1
723 796 1472396297270 720 800 18 1
723 796 1472396297300 720 800 18 1
723 796 1472396297330 720 800 18 1
723 796 1472396297360 1003 517 18 0
723 796 1472396297390 1003 517 18 0
723 796 1472396297420 1003 517 18 0
723 796 1472396297450 1003 517 18 0
723 796 1472396297480 1003 517 18 0
723 796 1472396297510 1003 517 18 0
723 796 1472396297540 1003 517 18 0
723 796 1472396297570 1003 517 18 0
723 796 1472396297600 1003 517 18 0
723 795 1472396297630 1003 517 18 0
724 794 1472396297660 1003 517 18 0
727 791 1472396297690 1003 517 18 0
730 787 1472396297720 1003 517 18 0
736 783 1472396297750 1003 517 18 0
742 777 1472396297780 1003 517 18 0
752 770 1472396297810 1003 517 18 0
759 763 1472396297840 1003 517 18 0
774 750 1472396297870 1003 517 18 0
790 735 1472396297900 1003 517 18 0
806 719 1472396297930 1003 517 18 0
816 708 1472396297960 1003 517 18 0
831 691 1472396297990 1003 517 18 0
848 671 1472396298020 1003 517 18 0
867 649 1472396298050 1003 517 18 0
886 626 1472396298080 1003 517 18 0
905 605 1472396298110 1003 517 18 0
916 591 1472396298140 1003 517 18 0
932 573 1472396298170 1003 517 18 0
946 556 1472396298200 1003 517 18 0
959 541 1472396298230 1003 517 18 0
969 530 1472396298260 1003 517 18 0
977 523 1472396298290 1003 517 18 0
979 521 1472396298320 1003 517 18 0
982 518 1472396298350 1003 517 18 0
984 516 1472396298380 1003 517 18 0
986 514 1472396298410 1003 517 18 0
990 513 1472396298440 1003 517 18 0
993 513 1472396298470 1003 517 18 0
996 513 1472396298500 1003 517 18 1
998 513 1472396298530 1003 517 18 1
1000 513 1472396298560 1003 517 18 1
1002 513 1472396298590 1003 517 18 1
1003 514 1472396298620 1003 517 18 1
1004 514 1472396298650 1003 517 18 1
1005 515 1472396298680 1003 517 18 1
1005 515 1472396298710 1003 517 18 1
1005 515 1472396298740 1003 517 18 1
1005 515 1472396298770 1003 517 18 1
1005 515 1472396298800 1003 517 18 1
1005 515 1472396298830 1003 517 18 1
1005 515 1472396298860 1003 517 18 1
1005 515 1472396298890 1003 517 18 1
1005 515 1472396298920 1003 517 18 1
1005 515 1472396298950 1003 517 18 1
1005 515 1472396298980 1003 517 18 1
1005 515 1472396299010 1003 517 18 1
1005 515 1472396299040 1003 517 18 1
1005 515 1472396299070 1003 517 18 1
1005 515 1472396299100 1003 517 18 1
1005 515 1472396299130 1003 517 18 1
1005 515 1472396299160 1003 517 18 1
1005 515 1472396299190 1003 517 18 1
1005 515 1472396299220 1003 517 18 1
1005 515 1472396299250 1003 517 18 1
1005 515 1472396299280 1003 517 18 1
1005 515 1472396299310 1003 517 18 1
1005 515 1472396299340 1003 517 18 1
1005 515 1472396299370 1003 517 18 1
1005 515 1472396299400 1003 517 18 1
1005 515 1472396299430 1003 517 18 1
1005 515 1472396299460 1003 517 18 1
1005 515 1472396299490 1003 517 18 1
1005 515 1472396299520 1003 517 18 1
1005 515 1472396299550 720 800 18 0
1005 515 1472396299580 720 800 18 0
1005 515 1472396299610 720 800 18 0
1005 515 1472396299640 720 800 18 0
1005 515 1472396299670 720 800 18 0
1005 515 1472396299700 720 800 18 0
1005 515 1472396299730 720 800 18 0
1005 515 1472396299760 720 800 18 0
1005 515 1472396299790 720 800 18 0
1004 515 1472396299820 720 800 18 0
1001 518 1472396299850 720 800 18 0
993 524 1472396299880 720 800 18 0
983 533 1472396299910 720 800 18 0
976 540 1472396299940 720 800 18 0
958 558 1472396299970 720 800 18 0
935 580 1472396300000 720 800 18 0
907 607 1472396300031 720 800 18 0
879 634 1472396300060 720 800 18 0
855 659 1472396300090 720 800 18 0
841 672 1472396300120 720 800 18 0
826 690 1472396300150 720 800 18 0
814 705 1472396300180 720 800 18 0
803 722 1472396300210 720 800 18 0
792 739 1472396300240 720 800 18 0
780 756 1472396300270 720 800 18 0
773 767 1472396300300 720 800 18 0
764 780 1472396300330 720 800 18 0
757 790 1472396300360 720 800 18 0
751 796 1472396300390 720 800 18 0
747 800 1472396300420 720 800 18 0
744 802 1472396300450 720 800 18 0
744 803 1472396300480 720 800 18 0
743 803 1472396300510 720 800 18 0
742 803 1472396300540 720 800 18 0
740 804 1472396300570 720 800 18 0
738 804 1472396300600 720 800 18 0
736 804 1472396300630 720 800 18 0
734 804 1472396300660 720 800 18 0
731 803 1472396300690 720 800 18 0
728 800 1472396300720 720 800 18 1
725 798 1472396300750 720 800 18 1
723 796 1472396300780 720 800 18 1
723 796 1472396300810 720 800 18 1
722 796 1472396300840 720 800 18 1
723 797 1472396300870 720 800 18 1
724 799 1472396300900 720 800 18 1
726 800 1472396300930 720 800 18 1
726 801 1472396300960 720 800 18 1
727 802 1472396300990 720 800 18 1
728 802 1472396301020 720 800 18 1
728 802 1472396301050 720 800 18 1
728 802 1472396301080 720 800 18 1
728 802 1472396301110 720 800 18 1
727 802 1472396301140 720 800 18 1
727 802 1472396301170 720 800 18 1
727 801 1472396301200 720 800 18 1
726 800 1472396301230 720 800 18 1
726 800 1472396301260 720 800 18 1
726 800 1472396301290 720 800 18 1
725 799 1472396301320 720 800 18 1
725 799 1472396301350 720 800 18 1
725 799 1472396301380 720 800 18 1
725 799 1472396301410 720 800 18 1
725 799 1472396301440 720 800 18 1
725 799 1472396301470 720 800 18 1
725 799 1472396301500 720 800 18 1
725 799 1472396301530 720 800 18 1
725 799 1472396301560 720 800 18 1
725 799 1472396301590 720 800 18 1
725 799 1472396301620 720 800 18 1
725 799 1472396301650 720 800 18 1
725 799 1472396301680 720 800 18 1
725 799 1472396301710 720 800 18 1
725 799 1472396301740 720 800 18 1
725 800 1472396301770 1120 800 18 0
725 800 1472396301800 1120 800 18 0
725 800 1472396301830 1120 800 18 0
725 800 1472396301860 1120 800 18 0
725 800 1472396301890 1120 800 18 0
725 800 1472396301920 1120 800 18 0
725 800 1472396301950 1120 800 18 0
725 800 1472396301980 1120 800 18 0
725 800 1472396302010 1120 800 18 0
725 800 1472396302040 1120 800 18 0
728 799 1472396302070 1120 800 18 0
731 798 1472396302100 1120 800 18 0
741 797 1472396302130 1120 800 18 0
757 794 1472396302160 1120 800 18 0
781 789 1472396302190 1120 800 18 0
809 785 1472396302220 1120 800 18 0
840 784 1472396302250 1120 800 18 0
860 785 1472396302280 1120 800 18 0
889 789 1472396302310 1120 800 18 0
915 794 1472396302340 1120 800 18 0
941 799 1472396302370 1120 800 18 0
957 802 1472396302400 1120 800 18 0
979 804 1472396302430 1120 800 18 0
1000 804 1472396302460 1120 800 18 0
1020 803 1472396302490 1120 800 18 0
1037 801 1472396302520 1120 800 18 0
1052 800 1472396302550 1120 800 18 0
1062 800 1472396302580 1120 800 18 0
1074 800 1472396302610 1120 800 18 0
1082 802 1472396302640 1120 800 18 0
1087 804 1472396302670 1120 800 18 0
1089 807 1472396302700 1120 800 18 0
1090 808 1472396302730 1120 800 18 0
1090 808 1472396302760 1120 800 18 0
1090 809 1472396302790 1120 800 18 0
1092 809 1472396302820 1120 800 18 0
1095 809 1472396302850 1120 800 18 0
1100 809 1472396302880 1120 800 18 0
1107 809 1472396302910 1120 800 18 0
1113 808 1472396302940 1120 800 18 0
1121 808 1472396302970 1120 800 18 1
1128 807 1472396303000 1120 800 18 0
1133 807 1472396303030 1120 800 18 0
1135 807 1472396303060 1120 800 18 0
1135 807 1472396303090 1120 800 18 0
1133 807 1472396303120 1120 800 18 0
1132 806 1472396303150 1120 800 18 0
1131 806 1472396303180 1120 800 18 0
1131 806 1472396303210 1120 800 18 0
1130 806 1472396303240 1120 800 18 0
1130 806 1472396303270 1120 800 18 0
1130 806 1472396303300 1120 800 18 0
1129 804 1472396303330 1120 800 18 0
1127 802 1472396303360 1120 800 18 1
1125 801 1472396303390 1120 800 18 1
1124 801 1472396303420 1120 800 18 1
1124 801 1472396303450 1120 800 18 1
1124 801 1472396303480 1120 800 18 1
1124 801 1472396303510 1120 800 18 1
1125 802 1472396303540 1120 800 18 1
1125 803 1472396303570 1120 800 18 1
1125 804 1472396303600 1120 800 18 1
1126 804 1472396303630 1120 800 18 1
1126 804 1472396303660 1120 800 18 1
1125 804 1472396303690 1120 800 18 1
1125 804 1472396303720 1120 800 18 1
1125 803 1472396303750 1120 800 18 1
1125 803 1472396303780 1120 800 18 1
1125 803 1472396303810 1120 800 18 1
1125 803 1472396303840 1120 800 18 1
1125 803 1472396303870 1120 800 18 1
1125 803 1472396303900 1120 800 18 1
1125 803 1472396303930 1120 800 18 1
1125 803 1472396303960 1120 800 18 1
1125 803 1472396303990 1120 800 18 1
1125 802 1472396304020 1120 800 18 1
1124 802 1472396304050 1120 800 18 1
1124 802 1472396304080 1120 800 18 1
1124 802 1472396304110 1120 800 18 1
1124 802 1472396304140 1120 800 18 1
1124 802 1472396304170 1120 800 18 1
1124 802 1472396304200 1120 800 18 1
1124 802 1472396304230 1120 800 18 1
1124 802 1472396304260 1120 800 18 1
1124 802 1472396304290 1120 800 18 1
1124 802 1472396304320 1120 800 18 1
1124 802 1472396304350 1120 800 18 1
1124 802 1472396304380 1120 800 18 1
1124 802 1472396304410 720 800 17 0
1124 802 1472396304440 720 800 17 0
1124 802 1472396304470 720 800 17 0
1124 802 1472396304500 720 800 17 0
1124 802 1472396304530 720 800 17 0
1124 802 1472396304560 720 800 17 0
1124 802 1472396304590 720 800 17 0
1124 802 1472396304620 720 800 17 0
1123 801 1472396304650 720 800 17 0
1121 799 1472396304680 720 800 17 0
1117 797 1472396304710 720 800 17 0
1112 795 1472396304740 720 800 17 0
1099 792 1472396304770 720 800 17 0
1075 789 1472396304800 720 800 17 0
1042 789 1472396304830 720 800 17 0
1004 789 1472396304860 720 800 17 0
964 789 1472396304890 720 800 17 0
938 788 1472396304920 720 800 17 0
902 787 1472396304950 720 800 17 0
872 785 1472396304980 720 800 17 0
848 784 1472396305010 720 800 17 0
835 783 1472396305040 720 800 17 0
820 782 1472396305070 720 800 17 0
809 782 1472396305100 720 800 17 0
799 783 1472396305130 720 800 17 0
789 787 1472396305160 720 800 17 0
777 793 1472396305190 720 800 17 0
768 798 1472396305220 720 800 17 0
752 806 1472396305250 720 800 17 0
738 813 1472396305280 720 800 17 0
727 816 1472396305310 720 800 17 0
720 815 1472396305340 720 800 17 0
717 811 1472396305370 720 800 17 0
717 809 1472396305400 720 800 17 0
717 807 1472396305430 720 800 17 1
717 806 1472396305460 720 800 17 1
717 806 1472396305490 720 800 17 1
716 805 1472396305520 720 800 17 1
716 804 1472396305550 720 800 17 1
715 804 1472396305580 720 800 17 1
715 804 1472396305610 720 800 17 1
716 805 1472396305640 720 800 17 1
717 806 1472396305670 720 800 17 1
718 806 1472396305700 720 800 17 1
719 807 1472396305730 720 800 17 1
720 807 1472396305760 720 800 17 1
721 807 1472396305790 720 800 17 1
722 806 1472396305820 720 800 17 1
722 806 1472396305850 720 800 17 1
722 806 1472396305880 720 800 17 1
722 805 1472396305910 720 800 17 1
722 804 1472396305940 720 800 17 1
723 804 1472396305970 720 800 17 1
723 803 1472396306000 720 800 17 1
723 803 1472396306030 720 800 17 1
722 802 1472396306060 720 800 17 1
722 801 1472396306090 720 800 17 1
721 801 1472396306120 720 800 17 1
720 801 1472396306150 720 800 17 1
720 801 1472396306180 720 800 17 1
720 801 1472396306210 720 800 17 1
720 802 1472396306240 720 800 17 1
720 802 1472396306270 720 800 17 1
720 802 1472396306300 720 800 17 1
720 802 1472396306330 720 800 17 1
720 802 1472396306360 720 800 17 1
720 802 1472396306390 720 800 17 1
720 802 1472396306420 720 800 17 1
720 802 1472396306450 720 800 17 1
720 802 1472396306480 320 800 12 0
720 802 1472396306510 320 800 12 0
720 802 1472396306540 320 800 12 0
720 802 1472396306570 320 800 12 0
720 802 1472396306600 320 800 12 0
721 802 1472396306630 320 800 12 0
721 802 1472396306660 320 800 12 0
721 802 1472396306690 320 800 12 0
721 802 1472396306720 320 800 12 0
721 802 1472396306750 320 800 12 0
720 801 1472396306780 320 800 12 0
717 800 1472396306810 320 800 12 0
711 799 1472396306840 320 800 12 0
704 798 1472396306870 320 800 12 0
695 797 1472396306900 320 800 12 0
676 797 1472396306930 320 800 12 0
649 799 1472396306960 320 800 12 0
617 802 1472396306990 320 800 12 0
595 805 1472396307020 320 800 12 0
561 809 1472396307050 320 800 12 0
529 812 1472396307080 320 800 12 0
500 815 1472396307110 320 800 12 0
475 817 1472396307140 320 800 12 0
455 818 1472396307170 320 800 12 0
444 818 1472396307200 320 800 12 0
431 816 1472396307230 320 800 12 0
422 812 1472396307260 320 800 12 0
415 808 1472396307290 320 800 12 0
407 804 1472396307320 320 800 12 0
399 801 1472396307350 320 800 12 0
393 800 1472396307380 320 800 12 0
384 799 1472396307410 320 800 12 0
374 799 1472396307440 320 800 12 0
364 800 1472396307470 320 800 12 0
355 801 1472396307500 320 800 12 0
346 802 1472396307530 320 800 12 0
341 802 1472396307560 320 800 12 0
333 803 1472396307590 320 800 12 0
326 803 1472396307620 320 800 12 0
320 802 1472396307650 320 800 12 1
317 801 1472396307680 320 800 12 0
313 799 1472396307710 320 800 12 0
311 798 1472396307740 320 800 12 0
310 797 1472396307770 320 800 12 0
309 796 1472396307800 320 800 12 0
309 796 1472396307830 320 800 12 0
310 796 1472396307860 320 800 12 0
312 796 1472396307890 320 800 12 0
315 796 1472396307920 320 800 12 0
318 796 1472396307950 320 800 12 0
319 796 1472396307980 320 800 12 0
320 796 1472396308010 320 800 12 0
320 796 1472396308040 320 800 12 0
320 796 1472396308070 320 800 12 0
321 796 1472396308100 320 800 12 0
322 796 1472396308130 320 800 12 0
324 797 1472396308160 320 800 12 0
324 797 1472396308190 320 800 12 0
324 797 1472396308220 320 800 12 0
324 797 1472396308250 320 800 12 0
324 797 1472396308280 320 800 12 0
324 797 1472396308310 320 800 12 0
324 798 1472396308340 320 800 12 0
324 798 1472396308370 320 800 12 0
323 799 1472396308400 320 800 12 0
323 799 1472396308430 320 800 12 0
322 799 1472396308460 320 800 12 1
322 799 1472396308490 320 800 12 1
321 800 1472396308520 320 800 12 1
321 800 1472396308550 320 800 12 1
321 800 1472396308580 320 800 12 1
320 800 1472396308610 320 800 12 1
320 800 1472396308640 320 800 12 1
320 800 1472396308670 320 800 12 1
320 800 1472396308700 320 800 12 1
320 800 1472396308730 320 800 12 1
320 800 1472396308760 320 800 12 1
320 800 1472396308790 320 800 12 1
320 800 1472396308820 320 800 12 1
320 800 1472396308850 320 800 12 1
320 800 1472396308880 320 800 12 1
320 800 1472396308910 320 800 12 1
320 800 1472396308940 320 800 12 1
320 800 1472396308970 320 800 12 1
320 800 1472396309000 320 800 12 1
320 800 1472396309030 320 800 12 1
320 800 1472396309060 320 800 12 1
320 800 1472396309090 320 800 12 1
320 800 1472396309120 320 800 12 1
320 800 1472396309150 320 800 12 1
320 800 1472396309180 320 800 12 1
320 800 1472396309210 320 800 12 1
320 800 1472396309240 320 800 12 1
320 800 1472396309270 320 800 12 1
320 800 1472396309300 320 800 12 1
320 800 1472396309330 320 800 12 1
320 800 1472396309360 320 800 12 1
320 800 1472396309390 320 800 12 1
320 800 1472396309420 320 800 12 1
320 800 1472396309450 320 800 12 1
320 800 1472396309480 320 800 12 1
320 800 1472396309510 720 800 12 0
320 800 1472396309540 720 800 12 0
320 800 1472396309570 720 800 12 0
320 800 1472396309600 720 800 12 0
320 800 1472396309630 720 800 12 0
320 800 1472396309660 720 800 12 0
320 800 1472396309690 720 800 12 0
320 800 1472396309720 720 800 12 0
320 800 1472396309750 720 800 12 0
320 800 1472396309780 720 800 12 0
322 800 1472396309810 720 800 12 0
325 800 1472396309840 720 800 12 0
331 800 1472396309870 720 800 12 0
339 802 1472396309900 720 800 12 0
352 803 1472396309930 720 800 12 0
368 804 1472396309960 720 800 12 0
390 802 1472396309990 720 800 12 0
406 800 1472396310020 720 800 12 0
432 797 1472396310050 720 800 12 0
461 793 1472396310080 720 800 12 0
491 789 1472396310110 720 800 12 0
513 787 1472396310140 720 800 12 0
555 782 1472396310170 720 800 12 0
577 781 1472396310200 720 800 12 0
606 779 1472396310230 720 800 12 0
633 779 1472396310260 720 800 12 0
657 779 1472396310290 720 800 12 0
670 780 1472396310320 720 800 12 0
688 782 1472396310350 720 800 12 0
702 784 1472396310380 720 800 12 0
714 786 1472396310410 720 800 12 0
724 788 1472396310440 720 800 12 0
732 790 1472396310470 720 800 12 0
735 791 1472396310500 720 800 12 0
737 793 1472396310530 720 800 12 0
738 795 1472396310560 720 800 12 0
738 796 1472396310590 720 800 12 0
738 798 1472396310620 720 800 12 0
737 799 1472396310650 720 800 12 0
737 799 1472396310680 720 800 12 0
735 800 1472396310710 720 800 12 0
733 800 1472396310740 720 800 12 0
731 800 1472396310770 720 800 12 0
729 800 1472396310800 720 800 12 0
727 799 1472396310830 720 800 12 0
725 798 1472396310860 720 800 12 0
724 797 1472396310890 720 800 12 0
723 795 1472396310920 720 800 12 0
722 793 1472396310950 720 800 12 0
722 792 1472396310980 720 800 12 0
722 791 1472396311010 720 800 12 0
722 791 1472396311040 720 800 12 0
722 793 1472396311070 720 800 12 0
723 795 1472396311100 720 800 12 0
723 796 1472396311130 720 800 12 0
723 796 1472396311160 720 800 12 0
723 797 1472396311190 720 800 12 0
723 797 1472396311220 720 800 12 0
723 797 1472396311250 720 800 12 0
723 798 1472396311280 720 800 12 0
723 798 1472396311310 720 800 12 0
723 798 1472396311340 720 800 12 0
723 798 1472396311370 720 800 12 0
723 798 1472396311400 720 800 12 0
723 798 1472396311430 720 800 12 0
723 798 1472396311460 720 800 12 0
723 798 1472396311490 720 800 12 0
723 798 1472396311520 720 800 12 0
721 798 1472396311550 720 800 12 1
720 797 1472396311580 720 800 12 0
718 797 1472396311610 720 800 12 0
718 796 1472396311640 720 800 12 0
717 796 1472396311670 720 800 12 0
717 796 1472396311700 720 800 12 0
717 797 1472396311730 720 800 12 0
717 798 1472396311760 720 800 12 0
717 798 1472396311790 720 800 12 0
717 798 1472396311820 720 800 12 0
717 798 1472396311850 720 800 12 0
717 798 1472396311880 720 800 12 0
717 798 1472396311910 720 800 12 0
718 799 1472396311940 720 800 12 1
719 800 1472396311970 720 800 12 1
720 800 1472396312000 720 800 12 1
720 801 1472396312030 720 800 12 1
721 801 1472396312060 720 800 12 1
721 801 1472396312090 720 800 12 1
721 801 1472396312120 720 800 12 1
721 801 1472396312150 720 800 12 1
721 801 1472396312180 720 800 12 1
721 801 1472396312210 720 800 12 1
721 801 1472396312240 720 800 12 1
721 801 1472396312270 720 800 12 1
721 801 1472396312300 720 800 12 1
721 801 1472396312330 720 800 12 1
721 801 1472396312360 720 800 12 1
721 801 1472396312390 720 800 12 1
721 801 1472396312420 720 800 12 1
720 800 1472396312450 720 800 12 1
720 800 1472396312480 720 800 12 1
720 799 1472396312510 720 800 12 1
720 799 1472396312540 720 800 12 1
720 799 1472396312570 720 800 12 1
720 799 1472396312600 720 800 12 1
720 799 1472396312630 720 800 12 1
720 799 1472396312660 720 800 12 1
720 799 1472396312690 720 800 12 1
720 799 1472396312720 720 800 12 1
720 799 1472396312750 720 800 12 1
720 799 1472396312780 720 800 12 1
720 799 1472396312810 720 800 12 1
720 799 1472396312840 720 800 12 1
720 799 1472396312870 720 800 12 1
721 800 1472396312900 720 800 12 1
721 800 1472396312930 720 800 12 1
721 800 1472396312960 720 800 12 1
721 800 1472396312990 437 517 12 0
721 800 1472396313020 437 517 12 0
721 800 1472396313050 437 517 12 0
721 800 1472396313080 437 517 12 0
721 800 1472396313110 437 517 12 0
721 800 1472396313140 437 517 12 0
721 800 1472396313170 437 517 12 0
721 800 1472396313200 437 517 12 0
721 800 1472396313230 437 517 12 0
721 800 1472396313260 437 517 12 0
721 800 1472396313290 437 517 12 0
721 800 1472396313320 437 517 12 0
721 800 1472396313350 437 517 12 0
721 800 1472396313380 437 517 12 0
721 800 1472396313410 437 517 12 0
721 800 1472396313440 437 517 12 0
719 799 1472396313470 437 517 12 0
716 797 1472396313500 437 517 12 0
707 792 1472396313530 437 517 12 0
690 786 1472396313560 437 517 12 0
666 779 1472396313590 437 517 12 0
647 772 1472396313620 437 517 12 0
620 756 1472396313650 437 517 12 0
595 733 1472396313680 437 517 12 0
575 707 1472396313710 437 517 12 0
557 687 1472396313740 437 517 12 0
541 673 1472396313770 437 517 12 0
533 665 1472396313800 437 517 12 0
524 654 1472396313830 437 517 12 0
519 643 1472396313860 437 517 12 0
515 631 1472396313890 437 517 12 0
512 621 1472396313920 437 517 12 0
507 613 1472396313950 437 517 12 0
504 608 1472396313980 437 517 12 0
497 601 1472396314010 437 517 12 0
490 592 1472396314040 437 517 12 0
484 582 1472396314070 437 517 12 0
480 575 1472396314100 437 517 12 0
473 565 1472396314130 437 517 12 0
468 556 1472396314160 437 517 12 0
464 548 1472396314190 437 517 12 0
460 541 1472396314220 437 517 12 0
456 535 1472396314250 437 517 12 0
453 532 1472396314280 437 517 12 0
449 525 1472396314310 437 517 12 0
446 518 1472396314340 437 517 12 0
444 512 1472396314370 437 517 12 0
441 508 1472396314400 437 517 12 0
440 506 1472396314430 437 517 12 0
440 506 1472396314460 437 517 12 0
440 506 1472396314490 437 517 12 0
440 507 1472396314520 437 517 12 0
440 508 1472396314550 437 517 12 0
440 509 1472396314580 437 517 12 0
440 511 1472396314610 437 517 12 0
439 512 1472396314640 437 517 12 0
439 514 1472396314670 437 517 12 0
439 516 1472396314700 437 517 12 1
439 517 1472396314730 437 517 12 1
439 517 1472396314760 437 517 12 1
439 517 1472396314790 437 517 12 1
439 517 1472396314820 437 517 12 1
439 517 1472396314850 437 517 12 1
439 517 1472396314880 437 517 12 1
439 517 1472396314910 437 517 12 1
439 517 1472396314940 437 517 12 1
439 517 1472396314970 437 517 12 1
439 517 1472396315000 437 517 12 1
439 517 1472396315030 437 517 12 1
439 517 1472396315060 437 517 12 1
439 517 1472396315090 437 517 12 1
439 517 1472396315120 437 517 12 1
439 517 1472396315150 437 517 12 1
439 516 1472396315180 437 517 12 1
438 515 1472396315210 437 517 12 1
437 514 1472396315240 437 517 12 0
436 514 1472396315270 437 517 12 0
436 514 1472396315300 437 517 12 0
436 514 1472396315330 437 517 12 0
436 514 1472396315360 437 517 12 0
437 515 1472396315390 437 517 12 1
438 516 1472396315420 437 517 12 1
439 517 1472396315450 437 517 12 1
439 517 1472396315480 437 517 12 1
439 517 1472396315510 437 517 12 1
440 517 1472396315540 437 517 12 0
440 517 1472396315570 437 517 12 0
440 517 1472396315600 437 517 12 0
440 517 1472396315630 437 517 12 0
440 517 1472396315660 437 517 12 0
440 517 1472396315690 437 517 12 0
440 517 1472396315720 437 517 12 0
440 517 1472396315750 437 517 12 0
440 517 1472396315780 437 517 12 0
440 517 1472396315810 437 517 12 0
440 517 1472396315840 437 517 12 0
439 517 1472396315870 437 517 12 1
439 516 1472396315900 437 517 12 1
438 516 1472396315930 437 517 12 1
438 515 1472396315960 437 517 12 1
437 515 1472396315990 437 517 12 1
437 515 1472396316020 437 517 12 1
437 515 1472396316050 437 517 12 1
437 515 1472396316080 437 517 12 1
437 515 1472396316110 437 517 12 1
437 515 1472396316140 437 517 12 1
437 515 1472396316170 437 517 12 1
437 515 1472396316200 437 517 12 1
437 515 1472396316230 437 517 12 1
437 515 1472396316260 437 517 12 1
437 515 1472396316290 437 517 12 1
437 515 1472396316320 437 517 12 1
437 515 1472396316350 437 517 12 1
437 515 1472396316380 437 517 12 1
438 515 1472396316410 437 517 12 1
438 516 1472396316440 437 517 12 1
438 516 1472396316470 437 517 12 1
438 516 1472396316500 437 517 12 1
438 516 1472396316530 437 517 12 1
438 516 1472396316560 437 517 12 1
438 516 1472396316590 437 517 12 1
438 516 1472396316620 437 517 12 1
438 516 1472396316650 437 517 12 1
438 516 1472396316680 437 517 12 1
438 516 1472396316710 437 517 12 1
438 516 1472396316740 437 517 12 1
438 516 1472396316770 437 517 12 1
438 516 1472396316800 437 517 12 1
438 516 1472396316830 437 517 12 1
438 516 1472396316860 437 517 12 1
438 516 1472396316890 720 800 12 0
438 516 1472396316920 720 800 12 0
438 516 1472396316950 720 800 12 0
438 516 1472396316980 720 800 12 0
438 516 1472396317010 720 800 12 0
438 516 1472396317040 720 800 12 0
438 516 1472396317070 720 800 12 0
438 516 1472396317100 720 800 12 0
438 516 1472396317130 720 800 12 0
438 516 1472396317160 720 800 12 0
438 516 1472396317190 720 800 12 0
438 516 1472396317220 720 800 12 0
438 516 1472396317250 720 800 12 0
438 516 1472396317280 720 800 12 0
438 516 1472396317310 720 800 12 0
438 516 1472396317340 720 800 12 0
438 516 1472396317370 720 800 12 0
438 516 1472396317400 720 800 12 0
441 518 1472396317430 720 800 12 0
445 521 1472396317460 720 800 12 0
451 526 1472396317490 720 800 12 0
461 534 1472396317520 720 800 12 0
475 544 1472396317550 720 800 12 0
486 553 1472396317580 720 800 12 0
507 568 1472396317610 720 800 12 0
529 584 1472396317640 720 800 12 0
553 601 1472396317670 720 800 12 0
576 618 1472396317700 720 800 12 0
596 637 1472396317730 720 800 12 0
608 650 1472396317760 720 800 12 0
623 668 1472396317790 720 800 12 0
635 686 1472396317820 720 800 12 0
644 701 1472396317850 720 800 12 0
652 712 1472396317880 720 800 12 0
659 720 1472396317910 720 800 12 0
662 723 1472396317940 720 800 12 0
667 726 1472396317970 720 800 12 0
670 727 1472396318000 720 800 12 0
672 729 1472396318030 720 800 12 0
673 729 1472396318060 720 800 12 0
674 731 1472396318090 720 800 12 0
676 733 1472396318120 720 800 12 0
677 735 1472396318150 720 800 12 0
678 738 1472396318180 720 800 12 0
680 740 1472396318210 720 800 12 0
681 742 1472396318240 720 800 12 0
683 745 1472396318270 720 800 12 0
685 747 1472396318300 720 800 12 0
686 749 1472396318330 720 800 12 0
688 751 1472396318360 720 800 12 0
689 753 1472396318390 720 800 12 0
691 755 1472396318420 720 800 12 0
693 757 1472396318450 720 800 12 0
695 760 1472396318480 720 800 12 0
697 763 1472396318510 720 800 12 0
699 766 1472396318540 720 800 12 0
701 768 1472396318570 720 800 12 0
702 770 1472396318600 720 800 12 0
703 772 1472396318630 720 800 12 0
705 774 1472396318660 720 800 12 0
706 776 1472396318690 720 800 12 0
707 778 1472396318720 720 800 12 0
709 779 1472396318750 720 800 12 0
710 781 1472396318780 720 800 12 0
712 782 1472396318810 720 800 12 0
713 784 1472396318840 720 800 12 0
714 785 1472396318870 720 800 12 0
715 786 1472396318900 720 800 12 0
716 788 1472396318930 720 800 12 0
716 790 1472396318960 720 800 12 0
717 791 1472396318990 720 800 12 0
718 792 1472396319020 720 800 12 0
719 793 1472396319050 720 800 12 0
719 793 1472396319080 720 800 12 0
719 793 1472396319110 720 800 12 0
719 794 1472396319140 720 800 12 0
720 795 1472396319170 720 800 12 0
720 796 1472396319200 720 800 12 0
721 797 1472396319230 720 800 12 0
721 798 1472396319260 720 800 12 1
721 798 1472396319290 720 800 12 1
722 799 1472396319320 720 800 12 1
722 800 1472396319350 720 800 12 1
722 800 1472396319380 720 800 12 1
722 800 1472396319410 720 800 12 1
722 800 1472396319440 720 800 12 1
722 800 1472396319470 720 800 12 1
722 801 1472396319500 720 800 12 1
722 801 1472396319530 720 800 12 1
722 801 1472396319560 720 800 12 1
722 801 1472396319590 720 800 12 1
722 801 1472396319620 720 800 12 1
722 801 1472396319650 720 800 12 1
722 801 1472396319680 720 800 12 1
721 801 1472396319710 720 800 12 1
720 801 1472396319740 720 800 12 1
720 800 1472396319770 720 800 12 1
720 800 1472396319800 720 800 12 1
720 800 1472396319830 720 800 12 1
720 800 1472396319860 720 800 12 1
720 800 1472396319890 720 800 12 1
720 800 1472396319920 720 800 12 1
720 800 1472396319950 720 800 12 1
720 800 1472396319980 720 800 12 1
720 800 1472396320010 720 800 12 1
720 800 1472396320040 720 800 12 1
720 800 1472396320070 720 800 12 1
720 800 1472396320100 720 800 12 1
720 800 1472396320130 720 800 12 1
720 800 1472396320160 720 800 12 1
720 800 1472396320190 720 800 12 1
720 800 1472396320220 720 800 12 1
720 800 1472396320250 720 800 12 1
720 800 1472396320280 720 400 12 0
720 800 1472396320310 720 400 12 0
720 800 1472396320340 720 400 12 0
720 800 1472396320370 720 400 12 0
720 800 1472396320400 720 400 12 0
720 800 1472396320430 720 400 12 0
720 800 1472396320460 720 400 12 0
720 800 1472396320490 720 400 12 0
720 800 1472396320520 720 400 12 0
720 800 1472396320550 720 400 12 0
720 800 1472396320580 720 400 12 0
720 800 1472396320610 720 400 12 0
720 800 1472396320640 720 400 12 0
720 799 1472396320670 720 400 12 0
720 797 1472396320700 720 400 12 0
719 792 1472396320730 720 400 12 0
718 785 1472396320760 720 400 12 0
715 775 1472396320790 720 400 12 0
712 764 1472396320820 720 400 12 0
708 750 1472396320850 720 400 12 0
707 739 1472396320880 720 400 12 0
706 721 1472396320910 720 400 12 0
705 703 1472396320940 720 400 12 0
703 688 1472396320970 720 400 12 0
702 672 1472396321000 720 400 12 0
701 654 1472396321030 720 400 12 0
701 640 1472396321060 720 400 12 0
703 618 1472396321090 720 400 12 0
707 596 1472396321120 720 400 12 0
710 573 1472396321150 720 400 12 0
712 559 1472396321180 720 400 12 0
713 535 1472396321210 720 400 12 0
713 525 1472396321240 720 400 12 0
711 511 1472396321270 720 400 12 0
709 499 1472396321300 720 400 12 0
707 488 1472396321330 720 400 12 0
706 481 1472396321360 720 400 12 0
706 471 1472396321390 720 400 12 0
706 460 1472396321420 720 400 12 0
706 449 1472396321450 720 400 12 0
707 439 1472396321480 720 400 12 0
708 430 1472396321510 720 400 12 0
708 425 1472396321540 720 400 12 0
709 420 1472396321570 720 400 12 0
710 417 1472396321600 720 400 12 0
711 415 1472396321630 720 400 12 0
713 413 1472396321660 720 400 12 0
714 412 1472396321690 720 400 12 0
715 412 1472396321720 720 400 12 0
717 411 1472396321750 720 400 12 0
718 410 1472396321780 720 400 12 0
719 409 1472396321810 720 400 12 0
720 408 1472396321840 720 400 12 0
720 407 1472396321870 720 400 12 0
720 406 1472396321900 720 400 12 0
720 406 1472396321930 720 400 12 0
720 406 1472396321960 720 400 12 0
720 405 1472396321990 720 400 12 0
720 405 1472396322020 720 400 12 0
720 404 1472396322050 720 400 12 0
720 403 1472396322080 720 400 12 0
719 403 1472396322110 720 400 12 0
719 403 1472396322140 720 400 12 0
719 403 1472396322170 720 400 12 0
719 403 1472396322200 720 400 12 0
719 403 1472396322230 720 400 12 0
719 404 1472396322260 720 400 12 0
720 404 1472396322290 720 400 12 0
720 404 1472396322320 720 400 12 0
720 404 1472396322350 720 400 12 0
720 404 1472396322380 720 400 12 0
720 404 1472396322410 720 400 12 0
720 404 1472396322440 720 400 12 0
720 404 1472396322470 720 400 12 0
720 404 1472396322500 720 400 12 0
720 403 1472396322530 720 400 12 0
720 403 1472396322560 720 400 12 0
720 402 1472396322590 720 400 12 1
720 401 1472396322620 720 400 12 1
720 400 1472396322650 720 400 12 1
720 400 1472396322680 720 400 12 1
720 400 1472396322710 720 400 12 1
720 399 1472396322740 720 400 12 1
720 399 1472396322770 720 400 12 1
720 399 1472396322800 720 400 12 1
719 398 1472396322830 720 400 12 1
719 397 1472396322860 720 400 12 0
718 396 1472396322890 720 400 12 0
718 396 1472396322920 720 400 12 0
718 396 1472396322950 720 400 12 0
718 397 1472396322980 720 400 12 0
718 398 1472396323010 720 400 12 0
718 399 1472396323040 720 400 12 1
718 400 1472396323070 720 400 12 1
718 400 1472396323100 720 400 12 1
718 401 1472396323130 720 400 12 1
718 401 1472396323160 720 400 12 1
718 401 1472396323190 720 400 12 1
718 401 1472396323220 720 400 12 1
718 401 1472396323250 720 400 12 1
718 401 1472396323280 720 400 12 1
718 401 1472396323310 720 400 12 1
718 401 1472396323340 720 400 12 1
719 401 1472396323370 720 400 12 1
719 401 1472396323400 720 400 12 1
720 401 1472396323430 720 400 12 1
721 400 1472396323460 720 400 12 1
721 400 1472396323490 720 400 12 1
721 400 1472396323520 720 400 12 1
721 400 1472396323550 720 400 12 1
721 400 1472396323580 720 400 12 1
721 400 1472396323610 720 400 12 1
721 400 1472396323640 720 400 12 1
721 400 1472396323670 720 400 12 1
721 400 1472396323700 720 400 12 1
721 400 1472396323730 720 400 12 1
721 400 1472396323760 720 400 12 1
721 400 1472396323790 720 400 12 1
721 400 1472396323820 720 400 12 1
721 400 1472396323850 720 400 12 1
721 400 1472396323880 720 400 12 1
721 400 1472396323910 720 400 12 1
721 400 1472396323940 720 400 12 1
721 400 1472396323970 720 400 12 1
721 400 1472396324000 720 400 12 1
721 400 1472396324030 720 400 12 1
720 400 1472396324060 720 800 12 0
720 401 1472396324090 720 800 12 0
720 401 1472396324120 720 800 12 0
719 402 1472396324150 720 800 12 0
719 403 1472396324180 720 800 12 0
719 403 1472396324210 720 800 12 0
719 403 1472396324240 720 800 12 0
719 403 1472396324270 720 800 12 0
719 403 1472396324300 720 800 12 0
719 403 1472396324330 720 800 12 0
719 403 1472396324360 720 800 12 0
719 403 1472396324390 720 800 12 0
719 403 1472396324420 720 800 12 0
718 404 1472396324450 720 800 12 0
718 406 1472396324480 720 800 12 0
716 410 1472396324510 720 800 12 0
715 416 1472396324540 720 800 12 0
715 426 1472396324570 720 800 12 0
714 438 1472396324600 720 800 12 0
715 452 1472396324630 720 800 12 0
715 464 1472396324660 720 800 12 0
716 482 1472396324690 720 800 12 0
719 500 1472396324720 720 800 12 0
722 518 1472396324750 720 800 12 0
724 536 1472396324780 720 800 12 0
726 554 1472396324810 720 800 12 0
727 566 1472396324840 720 800 12 0
727 584 1472396324870 720 800 12 0
728 601 1472396324900 720 800 12 0
728 617 1472396324930 720 800 12 0
728 631 1472396324960 720 800 12 0
728 642 1472396324990 720 800 12 0
728 649 1472396325020 720 800 12 0
728 659 1472396325050 720 800 12 0
728 667 1472396325080 720 800 12 0
727 675 1472396325110 720 800 12 0
727 679 1472396325140 720 800 12 0
726 686 1472396325170 720 800 12 0
725 692 1472396325200 720 800 12 0
724 697 1472396325230 720 800 12 0
723 702 1472396325260 720 800 12 0
722 706 1472396325290 720 800 12 0
721 708 1472396325320 720 800 12 0
721 712 1472396325350 720 800 12 0
720 715 1472396325380 720 800 12 0
719 717 1472396325410 720 800 12 0
718 719 1472396325440 720 800 12 0
718 721 1472396325470 720 800 12 0
718 723 1472396325500 720 800 12 0
717 726 1472396325530 720 800 12 0
717 729 1472396325560 720 800 12 0
717 731 1472396325590 720 800 12 0
717 734 1472396325620 720 800 12 0
717 736 1472396325650 720 800 12 0
717 738 1472396325680 720 800 12 0
717 741 1472396325710 720 800 12 0
717 743 1472396325740 720 800 12 0
718 746 1472396325770 720 800 12 0
718 748 1472396325800 720 800 12 0
718 750 1472396325830 720 800 12 0
718 753 1472396325860 720 800 12 0
719 756 1472396325890 720 800 12 0
719 759 1472396325920 720 800 12 0
720 762 1472396325951 720 800 12 0
720 765 1472396325980 720 800 12 0
720 768 1472396326010 720 800 12 0
720 771 1472396326040 720 800 12 0
720 774 1472396326070 720 800 12 0
720 777 1472396326100 720 800 12 0
721 779 1472396326130 720 800 12 0
721 781 1472396326160 720 800 12 0
721 782 1472396326190 720 800 12 0
721 784 1472396326220 720 800 12 0
720 786 1472396326250 720 800 12 0
720 788 1472396326280 720 800 12 0
720 789 1472396326310 720 800 12 0
720 790 1472396326340 720 800 12 0
721 792 1472396326370 720 800 12 0
721 793 1472396326400 720 800 12 0
721 795 1472396326430 720 800 12 0
721 796 1472396326460 720 800 12 0
721 796 1472396326490 720 800 12 0
721 797 1472396326520 720 800 12 0
721 798 1472396326550 720 800 12 1
722 799 1472396326580 720 800 12 1
722 799 1472396326610 720 800 12 1
722 799 1472396326640 720 800 12 1
722 799 1472396326670 720 800 12 1
722 799 1472396326700 720 800 12 1
722 799 1472396326730 720 800 12 1
722 799 1472396326760 720 800 12 1
722 799 1472396326790 720 800 12 1
722 799 1472396326820 720 800 12 1
722 799 1472396326850 720 800 12 1
722 799 1472396326880 720 800 12 1
722 799 1472396326910 720 800 12 1
722 799 1472396326940 720 800 12 1
722 799 1472396326970 720 800 12 1
722 799 1472396327000 720 800 12 1
722 799 1472396327030 720 800 12 1
722 799 1472396327060 720 800 12 1
722 799 1472396327090 720 800 12 1
722 799 1472396327120 720 800 12 1
721 799 1472396327150 720 800 12 1
720 801 1472396327180 720 800 12 1
720 801 1472396327210 720 800 12 1
720 801 1472396327240 720 800 12 1
720 801 1472396327270 720 800 12 1
720 801 1472396327300 720 800 12 1
720 801 1472396327330 720 800 12 1
720 801 1472396327360 720 800 12 1
720 801 1472396327390 720 800 12 1
720 801 1472396327420 720 800 12 1
720 801 1472396327450 720 800 12 1
720 801 1472396327480 720 800 12 1
720 801 1472396327510 720 800 12 1
720 801 1472396327540 720 800 12 1
720 801 1472396327570 1003 517 12 0
720 801 1472396327600 1003 517 12 0
721 800 1472396327630 1003 517 12 0
721 800 1472396327660 1003 517 12 0
721 800 1472396327690 1003 517 12 0
721 800 1472396327720 1003 517 12 0
721 800 1472396327750 1003 517 12 0
721 800 1472396327780 1003 517 12 0
721 800 1472396327810 1003 517 12 0
721 800 1472396327840 1003 517 12 0
721 800 1472396327870 1003 517 12 0
721 800 1472396327900 1003 517 12 0
721 800 1472396327930 1003 517 12 0
721 800 1472396327960 1003 517 12 0
721 800 1472396327990 1003 517 12 0
721 800 1472396328020 1003 517 12 0
721 800 1472396328050 1003 517 12 0
721 800 1472396328080 1003 517 12 0
721 800 1472396328110 1003 517 12 0
721 800 1472396328140 1003 517 12 0
722 799 1472396328170 1003 517 12 0
725 797 1472396328200 1003 517 12 0
730 792 1472396328230 1003 517 12 0
736 785 1472396328260 1003 517 12 0
741 776 1472396328290 1003 517 12 0
744 769 1472396328320 1003 517 12 0
748 760 1472396328350 1003 517 12 0
751 752 1472396328380 1003 517 12 0
755 743 1472396328410 1003 517 12 0
760 736 1472396328440 1003 517 12 0
772 722 1472396328470 1003 517 12 0
789 705 1472396328500 1003 517 12 0
811 684 1472396328530 1003 517 12 0
836 660 1472396328560 1003 517 12 0
862 636 1472396328590 1003 517 12 0
879 620 1472396328620 1003 517 12 0
900 599 1472396328650 1003 517 12 0
911 585 1472396328680 1003 517 12 0
912 580 1472396328710 1003 517 12 0
910 578 1472396328740 1003 517 12 0
908 578 1472396328770 1003 517 12 0
907 577 1472396328800 1003 517 12 0
908 575 1472396328830 1003 517 12 0
910 574 1472396328860 1003 517 12 0
913 572 1472396328890 1003 517 12 0
915 572 1472396328920 1003 517 12 0
921 568 1472396328950 1003 517 12 0
927 564 1472396328980 1003 517 12 0
939 555 1472396329010 1003 517 12 0
950 548 1472396329040 1003 517 12 0
960 542 1472396329070 1003 517 12 0
964 539 1472396329100 1003 517 12 0
969 535 1472396329130 1003 517 12 0
972 533 1472396329160 1003 517 12 0
974 533 1472396329190 1003 517 12 0
976 532 1472396329220 1003 517 12 0
978 531 1472396329250 1003 517 12 0
980 530 1472396329280 1003 517 12 0
984 529 1472396329310 1003 517 12 0
989 526 1472396329340 1003 517 12 0
995 524 1472396329370 1003 517 12 0
1000 522 1472396329400 1003 517 12 0
1001 522 1472396329430 1003 517 12 0
1001 522 1472396329460 1003 517 12 0
1001 522 1472396329490 1003 517 12 0
1001 522 1472396329520 1003 517 12 0
1001 522 1472396329550 1003 517 12 0
1001 522 1472396329580 1003 517 12 0
1001 522 1472396329610 1003 517 12 0
1001 522 1472396329640 1003 517 12 0
1001 522 1472396329670 1003 517 12 0
1001 522 1472396329700 1003 517 12 0
1001 522 1472396329730 1003 517 12 0
1001 522 1472396329760 1003 517 12 0
1001 522 1472396329790 1003 517 12 0
1001 522 1472396329820 1003 517 12 0
1001 522 1472396329850 1003 517 12 0
1002 521 1472396329880 1003 517 12 0
1002 519 1472396329910 1003 517 12 1
1002 518 1472396329940 1003 517 12 1
1002 518 1472396329970 1003 517 12 1
1002 517 1472396330000 1003 517 12 1
1002 517 1472396330030 1003 517 12 1
1003 517 1472396330060 1003 517 12 1
1003 517 1472396330090 1003 517 12 1
1004 517 1472396330120 1003 517 12 1
1004 517 1472396330150 1003 517 12 1
1004 517 1472396330180 1003 517 12 1
1004 517 1472396330210 1003 517 12 1
1004 517 1472396330240 1003 517 12 1
1004 517 1472396330270 1003 517 12 1
1004 517 1472396330300 1003 517 12 1
1004 517 1472396330330 1003 517 12 1
1004 517 1472396330360 1003 517 12 1
1004 517 1472396330390 1003 517 12 1
1004 517 1472396330420 1003 517 12 1
1004 517 1472396330450 1003 517 12 1
1004 517 1472396330480 1003 517 12 1
1004 517 1472396330510 1003 517 12 1
1004 517 1472396330540 1003 517 12 1
1004 517 1472396330570 1003 517 12 1
1004 517 1472396330600 1003 517 12 1
1004 517 1472396330630 1003 517 12 1
1004 517 1472396330660 1003 517 12 1
1004 517 1472396330690 1003 517 12 1
1003 517 1472396330720 1003 517 12 1
1003 517 1472396330750 1003 517 12 1
1003 517 1472396330780 1003 517 12 1
1003 517 1472396330810 1003 517 12 1
1003 517 1472396330840 1003 517 12 1
1003 517 1472396330870 1003 517 12 1
1003 517 1472396330900 1003 517 12 1
1003 517 1472396330930 1003 517 12 1
1003 517 1472396330960 720 800 12 0
1003 517 1472396330990 720 800 12 0
1003 517 1472396331020 720 800 12 0
1003 517 1472396331050 720 800 12 0
1003 517 1472396331080 720 800 12 0
1003 517 1472396331110 720 800 12 0
1003 517 1472396331140 720 800 12 0
1003 517 1472396331170 720 800 12 0
1003 517 1472396331200 720 800 12 0
1002 518 1472396331230 720 800 12 0
1000 519 1472396331260 720 800 12 0
996 523 1472396331290 720 800 12 0
992 527 1472396331320 720 800 12 0
988 533 1472396331350 720 800 12 0
978 543 1472396331380 720 800 12 0
964 557 1472396331410 720 800 12 0
952 569 1472396331440 720 800 12 0
932 587 1472396331470 720 800 12 0
911 605 1472396331500 720 800 12 0
894 621 1472396331530 720 800 12 0
884 630 1472396331560 720 800 12 0
868 645 1472396331590 720 800 12 0
861 651 1472396331620 720 800 12 0
854 658 1472396331650 720 800 12 0
849 665 1472396331680 720 800 12 0
844 672 1472396331710 720 800 12 0
839 678 1472396331740 720 800 12 0
831 689 1472396331770 720 800 12 0
820 702 1472396331800 720 800 12 0
809 715 1472396331830 720 800 12 0
797 727 1472396331860 720 800 12 0
786 737 1472396331890 720 800 12 0
780 743 1472396331920 720 800 12 0
773 750 1472396331950 720 800 12 0
768 755 1472396331980 720 800 12 0
764 759 1472396332010 720 800 12 0
762 761 1472396332040 720 800 12 0
760 763 1472396332070 720 800 12 0
758 765 1472396332100 720 800 12 0
755 767 1472396332130 720 800 12 0
752 770 1472396332160 720 800 12 0
748 775 1472396332190 720 800 12 0
745 777 1472396332220 720 800 12 0
740 781 1472396332250 720 800 12 0
736 785 1472396332280 720 800 12 0
733 787 1472396332310 720 800 12 0
732 788 1472396332340 720 800 12 0
731 788 1472396332370 720 800 12 0
730 788 1472396332400 720 800 12 0
730 788 1472396332430 720 800 12 0
729 789 1472396332460 720 800 12 0
728 790 1472396332490 720 800 12 0
727 790 1472396332520 720 800 12 0
727 791 1472396332550 720 800 12 0
726 792 1472396332580 720 800 12 0
726 794 1472396332610 720 800 12 0
726 795 1472396332640 720 800 12 0
725 797 1472396332670 720 800 12 0
725 798 1472396332700 720 800 12 0
725 799 1472396332730 720 800 12 0
725 799 1472396332760 720 800 12 0
724 799 1472396332790 720 800 12 0
723 800 1472396332820 720 800 12 0
722 801 1472396332850 720 800 12 1
722 802 1472396332880 720 800 12 0
722 802 1472396332910 720 800 12 0
722 802 1472396332940 720 800 12 0
722 802 1472396332970 720 800 12 0
722 802 1472396333000 720 800 12 0
722 802 1472396333030 720 800 12 0
721 802 1472396333060 720 800 12 1
721 801 1472396333090 720 800 12 1
721 801 1472396333120 720 800 12 1
721 801 1472396333150 720 800 12 1
721 800 1472396333180 720 800 12 1
721 800 1472396333210 720 800 12 1
721 800 1472396333240 720 800 12 1
721 800 1472396333270 720 800 12 1
721 800 1472396333300 720 800 12 1
721 800 1472396333330 720 800 12 1
721 800 1472396333360 720 800 12 1
721 800 1472396333390 720 800 12 1
721 800 1472396333420 720 800 12 1
721 800 1472396333450 720 800 12 1
721 800 1472396333480 720 800 12 1
721 800 1472396333510 720 800 12 1
721 800 1472396333540 720 800 12 1
721 800 1472396333570 720 800 12 1
721 800 1472396333600 720 800 12 1
721 800 1472396333630 720 800 12 1
721 800 1472396333660 720 800 12 1
721 800 1472396333690 720 800 12 1
721 800 1472396333720 720 800 12 1
721 800 1472396333750 720 800 12 1
721 800 1472396333780 720 800 12 1
721 800 1472396333810 720 800 12 1
721 800 1472396333840 720 800 12 1
721 800 1472396333870 720 800 12 1
721 800 1472396333900 720 800 12 1
721 800 1472396333930 720 800 12 1
721 800 1472396333960 720 800 12 1
721 800 1472396333990 720 800 12 1
721 800 1472396334020 720 800 12 1
721 800 1472396334050 720 800 12 1
721 800 1472396334080 720 800 12 1
721 800 1472396334110 1120 800 12 0
721 800 1472396334140 1120 800 12 0
721 800 1472396334170 1120 800 12 0
721 800 1472396334200 1120 800 12 0
721 800 1472396334230 1120 800 12 0
721 800 1472396334260 1120 800 12 0
721 800 1472396334290 1120 800 12 0
721 800 1472396334320 1120 800 12 0
721 800 1472396334350 1120 800 12 0
721 800 1472396334380 1120 800 12 0
722 800 1472396334410 1120 800 12 0
725 800 1472396334440 1120 800 12 0
730 801 1472396334470 1120 800 12 0
736 803 1472396334500 1120 800 12 0
741 804 1472396334530 1120 800 12 0
750 807 1472396334560 1120 800 12 0
764 810 1472396334590 1120 800 12 0
781 811 1472396334620 1120 800 12 0
800 813 1472396334650 1120 800 12 0
817 815 1472396334680 1120 800 12 0
833 818 1472396334710 1120 800 12 0
842 821 1472396334740 1120 800 12 0
855 824 1472396334770 1120 800 12 0
871 824 1472396334800 1120 800 12 0
890 823 1472396334830 1120 800 12 0
902 821 1472396334860 1120 800 12 0
920 818 1472396334890 1120 800 12 0
932 818 1472396334920 1120 800 12 0
942 818 1472396334950 1120 800 12 0
950 819 1472396334980 1120 800 12 0
960 819 1472396335010 1120 800 12 0
968 818 1472396335040 1120 800 12 0
981 817 1472396335070 1120 800 12 0
995 815 1472396335100 1120 800 12 0
1007 815 1472396335130 1120 800 12 0
1015 816 1472396335160 1120 800 12 0
1022 818 1472396335190 1120 800 12 0
1025 819 1472396335220 1120 800 12 0
1031 819 1472396335250 1120 800 12 0
1038 819 1472396335280 1120 800 12 0
1047 818 1472396335310 1120 800 12 0
1059 816 1472396335340 1120 800 12 0
1073 813 1472396335370 1120 800 12 0
1082 811 1472396335400 1120 800 12 0
1093 808 1472396335430 1120 800 12 0
1100 807 1472396335460 1120 800 12 0
1101 807 1472396335490 1120 800 12 0
1100 807 1472396335520 1120 800 12 0
1099 806 1472396335550 1120 800 12 0
1099 806 1472396335580 1120 800 12 0
1099 805 1472396335610 1120 800 12 0
1100 805 1472396335640 1120 800 12 0
1102 805 1472396335670 1120 800 12 0
1105 805 1472396335700 1120 800 12 0
1107 804 1472396335730 1120 800 12 0
1109 803 1472396335760 1120 800 12 0
1111 802 1472396335790 1120 800 12 0
1113 801 1472396335820 1120 800 12 0
1114 801 1472396335850 1120 800 12 0
1114 801 1472396335880 1120 800 12 0
1115 801 1472396335910 1120 800 12 0
1116 802 1472396335940 1120 800 12 0
1116 802 1472396335970 1120 800 12 0
1117 803 1472396336000 1120 800 12 0
1117 803 1472396336030 1120 800 12 0
1117 803 1472396336060 1120 800 12 0
1118 803 1472396336090 1120 800 12 0
1119 802 1472396336120 1120 800 12 1
1121 801 1472396336150 1120 800 12 1
1122 800 1472396336180 1120 800 12 1
1123 799 1472396336210 1120 800 12 0
1124 798 1472396336240 1120 800 12 0
1124 798 1472396336270 1120 800 12 0
1124 798 1472396336300 1120 800 12 0
1124 798 1472396336330 1120 800 12 0
1124 798 1472396336360 1120 800 12 0
1124 798 1472396336390 1120 800 12 0
1123 798 1472396336420 1120 800 12 0
1123 799 1472396336450 1120 800 12 0
1123 800 1472396336480 1120 800 12 0
1122 801 1472396336510 1120 800 12 1
1122 801 1472396336540 1120 800 12 1
1121 802 1472396336570 1120 800 12 1
1121 803 1472396336600 1120 800 12 0
1121 803 1472396336630 1120 800 12 0
1121 803 1472396336660 1120 800 12 0
1121 803 1472396336690 1120 800 12 0
1121 803 1472396336720 1120 800 12 0
1121 803 1472396336750 1120 800 12 0
1121 803 1472396336780 1120 800 12 0
1121 803 1472396336810 1120 800 12 0
1121 803 1472396336840 1120 800 12 0
1121 803 1472396336870 1120 800 12 0
1121 803 1472396336900 1120 800 12 0
1121 803 1472396336930 1120 800 12 0
1121 803 1472396336960 1120 800 12 0
1121 803 1472396336990 1120 800 12 0
1121 803 1472396337020 1120 800 12 0
1121 803 1472396337050 1120 800 12 0
1121 803 1472396337080 1120 800 12 0
1121 803 1472396337110 1120 800 12 0
1121 803 1472396337140 1120 800 12 0
1121 803 1472396337170 1120 800 12 0
1121 803 1472396337200 1120 800 12 0
1121 803 1472396337230 1120 800 12 0
1121 803 1472396337260 1120 800 12 0
1121 803 1472396337290 1120 800 12 0
1121 803 1472396337320 1120 800 12 0
1121 803 1472396337350 1120 800 12 0
1121 803 1472396337380 1120 800 12 0
1121 803 1472396337410 1120 800 12 0
1121 803 1472396337440 1120 800 12 0
1121 803 1472396337470 1120 800 12 0
1121 803 1472396337500 1120 800 12 0
1121 803 1472396337530 1120 800 12 0
1121 803 1472396337560 1120 800 12 0
1121 803 1472396337590 1120 800 12 0
1121 803 1472396337620 1120 800 12 0
1121 803 1472396337650 1120 800 12 0
1120 803 1472396337680 1120 800 12 0
1120 803 1472396337710 1120 800 12 0
1120 803 1472396337740 1120 800 12 0
1120 803 1472396337770 1120 800 12 0
1120 803 1472396337800 1120 800 12 0
1120 803 1472396337830 1120 800 12 0
1120 803 1472396337860 1120 800 12 0
1120 803 1472396337890 1120 800 12 0
1120 803 1472396337920 1120 800 12 0
1120 803 1472396337950 1120 800 12 0
1120 803 1472396337980 1120 800 12 0
1120 803 1472396338010 1120 800 12 0
1120 803 1472396338040 1120 800 12 0
1120 803 1472396338070 1120 800 12 0
1120 803 1472396338100 1120 800 12 0
1120 803 1472396338130 1120 800 12 0
1120 803 1472396338160 1120 800 12 0
1120 803 1472396338190 1120 800 12 0
1120 803 1472396338220 1120 800 12 0
1120 803 1472396338250 1120 800 12 0
1120 803 1472396338280 1120 800 12 0
1120 803 1472396338310 1120 800 12 0
1120 803 1472396338340 1120 800 12 0
1120 803 1472396338370 1120 800 12 0
1120 802 1472396338400 1120 800 12 1
1120 801 1472396338430 1120 800 12 1
1120 801 1472396338460 1120 800 12 1
1120 801 1472396338490 1120 800 12 1
1120 801 1472396338520 1120 800 12 1
1120 801 1472396338550 1120 800 12 1
1120 801 1472396338580 1120 800 12 1
1120 801 1472396338610 1120 800 12 1
1120 801 1472396338640 1120 800 12 1
1120 800 1472396338670 1120 800 12 1
1120 800 1472396338700 1120 800 12 1
1120 800 1472396338730 1120 800 12 1
1120 800 1472396338760 1120 800 12 1
1120 800 1472396338790 1120 800 12 1
1120 800 1472396338820 1120 800 12 1
1120 800 1472396338850 1120 800 12 1
1120 800 1472396338880 1120 800 12 1
1120 800 1472396338910 1120 800 12 1
1120 800 1472396338940 1120 800 12 1
1120 800 1472396338970 1120 800 12 1
1120 800 1472396339000 1120 800 12 1
1120 800 1472396339030 1120 800 12 1
1120 800 1472396339060 1120 800 12 1
1120 800 1472396339090 1120 800 12 1
1120 800 1472396339120 1120 800 12 1
1120 800 1472396339150 1120 800 12 1
1120 800 1472396339180 1120 800 12 1
1120 800 1472396339210 1120 800 12 1
1120 800 1472396339240 1120 800 12 1
1120 800 1472396339270 1120 800 12 1
1120 800 1472396339300 1120 800 12 1
1120 800 1472396339330 1120 800 12 1
1120 800 1472396339360 1120 800 12 1
1120 800 1472396339390 720 800 12 0
1120 800 1472396339420 720 800 12 0
1120 800 1472396339450 720 800 12 0
1120 800 1472396339480 720 800 12 0
1120 800 1472396339510 720 800 12 0
1120 800 1472396339540 720 800 12 0
1120 800 1472396339570 720 800 12 0
1120 800 1472396339600 720 800 12 0
1120 800 1472396339630 720 800 12 0
1120 800 1472396339660 720 800 12 0
1120 800 1472396339690 720 800 12 0
1120 800 1472396339720 720 800 12 0
1118 801 1472396339750 720 800 12 0
1114 801 1472396339780 720 800 12 0
1109 801 1472396339810 720 800 12 0
1104 800 1472396339840 720 800 12 0
1096 799 1472396339870 720 800 12 0
1086 795 1472396339900 720 800 12 0
1071 793 1472396339930 720 800 12 0
1048 792 1472396339960 720 800 12 0
1030 792 1472396339990 720 800 12 0
1001 794 1472396340020 720 800 12 0
969 797 1472396340050 720 800 12 0
936 799 1472396340080 720 800 12 0
914 800 1472396340110 720 800 12 0
884 800 1472396340140 720 800 12 0
859 798 1472396340170 720 800 12 0
840 795 1472396340200 720 800 12 0
826 792 1472396340230 720 800 12 0
818 789 1472396340260 720 800 12 0
815 787 1472396340290 720 800 12 0
814 786 1472396340320 720 800 12 0
813 785 1472396340350 720 800 12 0
810 785 1472396340380 720 800 12 0
806 786 1472396340410 720 800 12 0
800 787 1472396340440 720 800 12 0
792 789 1472396340470 720 800 12 0
786 790 1472396340500 720 800 12 0
777 791 1472396340530 720 800 12 0
767 791 1472396340560 720 800 12 0
757 791 1472396340590 720 800 12 0
749 791 1472396340620 720 800 12 0
744 791 1472396340650 720 800 12 0
737 792 1472396340680 720 800 12 0
732 792 1472396340710 720 800 12 0
726 792 1472396340740 720 800 12 0
722 792 1472396340770 720 800 12 0
717 792 1472396340800 720 800 12 0
714 791 1472396340830 720 800 12 0
713 791 1472396340860 720 800 12 0
713 791 1472396340890 720 800 12 0
714 793 1472396340920 720 800 12 0
714 795 1472396340950 720 800 12 0
714 796 1472396340980 720 800 12 0
714 797 1472396341010 720 800 12 0
714 798 1472396341040 720 800 12 0
714 798 1472396341070 720 800 12 0
714 798 1472396341100 720 800 12 0
715 798 1472396341130 720 800 12 0
715 798 1472396341160 720 800 12 0
715 798 1472396341190 720 800 12 0
717 798 1472396341220 720 800 12 0
718 798 1472396341250 720 800 12 0
718 798 1472396341280 720 800 12 0
718 798 1472396341310 720 800 12 0
718 798 1472396341340 720 800 12 0
719 798 1472396341370 720 800 12 1
719 798 1472396341400 720 800 12 1
719 798 1472396341430 720 800 12 1
719 798 1472396341460 720 800 12 1
719 798 1472396341490 720 800 12 1
719 799 1472396341520 720 800 12 1
719 799 1472396341550 720 800 12 1
719 799 1472396341580 720 800 12 1
720 799 1472396341610 720 800 12 1
720 799 1472396341640 720 800 12 1
720 799 1472396341670 720 800 12 1
720 800 1472396341700 720 800 12 1
720 800 1472396341730 720 800 12 1
720 800 1472396341760 720 800 12 1
720 800 1472396341790 720 800 12 1
720 800 1472396341820 720 800 12 1
720 800 1472396341850 720 800 12 1
720 800 1472396341880 720 800 12 1
720 800 1472396341910 720 800 12 1
720 800 1472396341940 720 800 12 1
720 800 1472396341970 720 800 12 1
720 800 1472396342000 720 800 12 1
720 800 1472396342030 720 800 12 1
720 800 1472396342060 720 800 12 1
720 800 1472396342090 720 800 12 1
720 800 1472396342120 720 800 12 1
720 800 1472396342150 720 800 12 1
720 800 1472396342180 720 800 12 1
720 800 1472396342210 720 800 12 1
720 800 1472396342240 720 800 12 1
720 800 1472396342270 720 800 12 1
720 800 1472396342300 720 800 12 1
720 800 1472396342330 720 800 12 1
720 800 1472396342360 720 800 12 1
