player.x player.y time target.x target.y target.r insideTarget?
1057 26 1330681010131 720 800 20 0
1048 119 1330681010162 720 800 20 0
1041 232 1330681010191 720 800 20 0
1043 371 1330681010223 720 800 20 0
1058 523 1330681010251 720 800 20 0
1083 668 1330681010283 720 800 20 0
1112 795 1330681010312 720 800 20 0
1139 891 1330681010343 720 800 20 0
1149 887 1330681010372 720 800 20 0
1149 887 1330681010404 720 800 20 0
1149 887 1330681010433 720 800 20 0
1149 887 1330681010464 720 800 20 0
1149 887 1330681010492 720 800 20 0
1149 887 1330681010521 720 800 20 0
1149 887 1330681010553 720 800 20 0
1149 887 1330681010581 720 800 20 0
1149 887 1330681010613 720 800 20 0
1149 887 1330681010641 720 800 20 0
1144 730 1330681010673 720 800 20 0
1140 594 1330681010702 720 800 20 0
1145 423 1330681010734 720 800 20 0
1162 256 1330681010762 720 800 20 0
1188 111 1330681010794 720 800 20 0
1217 15 1330681010822 720 800 20 0
1223 21 1330681010851 720 800 20 0
1223 21 1330681010883 720 800 20 0
1223 21 1330681010911 720 800 20 0
1223 21 1330681010941 720 800 20 0
1287 4 1330681010973 720 800 20 0
1298 10 1330681011001 720 800 20 0
1333 67 1330681011033 720 800 20 0
1371 113 1330681011062 720 800 20 0
1404 155 1330681011094 720 800 20 0
1406 192 1330681011122 720 800 20 0
1407 213 1330681011151 720 800 20 0
1407 213 1330681011183 720 800 20 0
1407 213 1330681011211 720 800 20 0
1407 213 1330681011243 720 800 20 0
1407 213 1330681011271 720 800 20 0
1407 213 1330681011303 720 800 20 0
1407 236 1330681011332 720 800 20 0
1405 235 1330681011364 720 800 20 0
1377 233 1330681011392 720 800 20 0
1298 234 1330681011424 720 800 20 0
1229 234 1330681011452 720 800 20 0
1150 235 1330681011481 720 800 20 0
1062 233 1330681011513 720 800 20 0
964 222 1330681011541 720 800 20 0
831 209 1330681011573 720 800 20 0
748 204 1330681011601 720 800 20 0
635 197 1330681011633 720 800 20 0
521 192 1330681011662 720 800 20 0
412 193 1330681011693 720 800 20 0
311 191 1330681011722 720 800 20 0
154 198 1330681011772 720 800 20 0
134 201 1330681011781 720 800 20 0
63 215 1330681011811 720 800 20 0
6 226 1330681011841 720 800 20 0
2 233 1330681011871 720 800 20 0
11 242 1330681011901 720 800 20 0
11 242 1330681011931 720 800 20 0
11 242 1330681011961 720 800 20 0
11 242 1330681011991 720 800 20 0
11 242 1330681012021 720 800 20 0
11 242 1330681012051 720 800 20 0
11 242 1330681012081 720 800 20 0
11 242 1330681012111 720 800 20 0
11 242 1330681012141 720 800 20 0
11 242 1330681012171 720 800 20 0
19 240 1330681012201 720 800 20 0
48 233 1330681012231 720 800 20 0
160 221 1330681012261 720 800 20 0
284 204 1330681012291 720 800 20 0
414 186 1330681012321 720 800 20 0
555 172 1330681012351 720 800 20 0
701 163 1330681012381 720 800 20 0
849 154 1330681012411 720 800 20 0
991 151 1330681012441 720 800 20 0
1125 153 1330681012471 720 800 20 0
1240 160 1330681012501 720 800 20 0
1333 173 1330681012531 720 800 20 0
1405 188 1330681012561 720 800 20 0
1429 202 1330681012591 720 800 20 0
1424 215 1330681012621 720 800 20 0
1426 226 1330681012651 720 800 20 0
1430 227 1330681012681 720 800 20 0
1430 227 1330681012711 720 800 20 0
1430 227 1330681012741 720 800 20 0
1430 227 1330681012771 720 800 20 0
1430 227 1330681012801 720 800 20 0
1430 227 1330681012831 720 800 20 0
1430 227 1330681012861 720 800 20 0
1432 211 1330681012891 720 800 20 0
1431 205 1330681012921 720 800 20 0
1409 200 1330681012951 720 800 20 0
1341 197 1330681012981 720 800 20 0
1267 197 1330681013011 720 800 20 0
1203 197 1330681013041 720 800 20 0
1137 196 1330681013071 720 800 20 0
1073 199 1330681013101 720 800 20 0
1013 210 1330681013131 720 800 20 0
961 220 1330681013161 720 800 20 0
922 226 1330681013191 720 800 20 0
893 231 1330681013221 720 800 20 0
872 237 1330681013251 720 800 20 0
858 244 1330681013281 720 800 20 0
850 249 1330681013311 720 800 20 0
848 253 1330681013341 720 800 20 0
848 256 1330681013371 720 800 20 0
848 259 1330681013401 720 800 20 0
845 262 1330681013431 720 800 20 0
838 265 1330681013461 720 800 20 0
824 271 1330681013491 720 800 20 0
811 276 1330681013521 720 800 20 0
799 276 1330681013551 720 800 20 0
793 276 1330681013581 720 800 20 0
789 277 1330681013611 720 800 20 0
789 277 1330681013641 720 800 20 0
791 277 1330681013671 720 800 20 0
792 276 1330681013701 720 800 20 0
794 279 1330681013731 720 800 20 0
797 281 1330681013761 720 800 20 0
799 284 1330681013791 720 800 20 0
800 287 1330681013821 720 800 20 0
801 289 1330681013851 720 800 20 0
801 289 1330681013881 720 800 20 0
802 292 1330681013911 720 800 20 0
803 294 1330681013941 720 800 20 0
803 295 1330681013971 720 800 20 0
804 298 1330681014001 720 800 20 0
805 300 1330681014031 720 800 20 0
805 300 1330681014061 720 800 20 0
806 302 1330681014091 720 800 20 0
806 302 1330681014121 720 800 20 0
806 304 1330681014151 720 800 20 0
806 304 1330681014181 720 800 20 0
804 306 1330681014211 720 800 20 0
804 308 1330681014241 720 800 20 0
803 309 1330681014271 720 800 20 0
803 309 1330681014301 720 800 20 0
803 310 1330681014331 720 800 20 0
803 311 1330681014361 720 800 20 0
803 311 1330681014391 720 800 20 0
803 311 1330681014421 720 800 20 0
802 312 1330681014451 720 800 20 0
801 312 1330681014481 720 800 20 0
801 312 1330681014511 720 800 20 0
800 313 1330681014541 720 800 20 0
799 314 1330681014571 720 800 20 0
799 316 1330681014601 720 800 20 0
798 317 1330681014631 720 800 20 0
798 317 1330681014661 720 800 20 0
797 318 1330681014691 720 800 20 0
797 318 1330681014721 720 800 20 0
796 317 1330681014751 720 800 20 0
796 317 1330681014781 720 800 20 0
795 316 1330681014811 720 800 20 0
795 316 1330681014841 720 800 20 0
795 316 1330681014871 720 800 20 0
795 315 1330681014901 720 800 20 0
795 315 1330681014931 720 800 20 0
795 315 1330681014961 720 800 20 0
795 315 1330681014991 720 800 20 0
795 315 1330681015021 720 800 20 0
795 315 1330681015051 720 800 20 0
795 315 1330681015081 720 800 20 0
795 315 1330681015111 720 800 20 0
795 315 1330681015141 720 800 20 0
796 316 1330681015171 720 800 20 0
796 316 1330681015201 720 800 20 0
796 316 1330681015231 720 800 20 0
796 316 1330681015261 720 800 20 0
796 316 1330681015291 720 800 20 0
797 318 1330681015321 720 800 20 0
798 319 1330681015351 720 800 20 0
799 320 1330681015381 720 800 20 0
799 320 1330681015411 720 800 20 0
799 321 1330681015441 720 800 20 0
799 321 1330681015471 720 800 20 0
799 321 1330681015501 720 800 20 0
799 321 1330681015531 720 800 20 0
799 321 1330681015561 720 800 20 0
799 321 1330681015591 720 800 20 0
799 321 1330681015621 720 800 20 0
799 321 1330681015651 720 800 20 0
799 321 1330681015681 720 800 20 0
799 321 1330681015711 720 800 20 0
799 321 1330681015741 720 800 20 0
799 321 1330681015771 720 800 20 0
799 321 1330681015801 720 800 20 0
799 321 1330681015831 720 800 20 0
799 321 1330681015861 720 800 20 0
799 321 1330681015891 720 800 20 0
799 321 1330681015921 720 800 20 0
799 321 1330681015951 720 800 20 0
799 321 1330681015981 720 800 20 0
799 321 1330681016011 720 800 20 0
799 321 1330681016041 720 800 20 0
799 321 1330681016071 720 800 20 0
799 321 1330681016101 720 800 20 0
799 321 1330681016131 720 800 20 0
799 321 1330681016161 720 800 20 0
799 321 1330681016191 720 800 20 0
799 321 1330681016221 720 800 20 0
799 321 1330681016251 720 800 20 0
799 321 1330681016281 720 800 20 0
799 321 1330681016311 720 800 20 0
799 321 1330681016341 720 800 20 0
799 321 1330681016371 720 800 20 0
799 321 1330681016401 720 800 20 0
799 321 1330681016431 720 800 20 0
799 321 1330681016461 720 800 20 0
799 321 1330681016491 720 800 20 0
799 321 1330681016521 720 800 20 0
799 321 1330681016551 720 800 20 0
799 321 1330681016581 720 800 20 0
799 321 1330681016611 720 800 20 0
799 321 1330681016641 720 800 20 0
799 321 1330681016671 720 800 20 0
799 321 1330681016701 720 800 20 0
799 321 1330681016731 720 800 20 0
799 321 1330681016761 720 800 20 0
799 321 1330681016791 720 800 20 0
799 321 1330681016821 720 800 20 0
799 321 1330681016851 720 800 20 0
799 321 1330681016881 720 800 20 0
799 321 1330681016911 720 800 20 0
799 321 1330681016941 720 800 20 0
799 321 1330681016971 720 800 20 0
799 321 1330681017001 720 800 20 0
799 321 1330681017031 720 800 20 0
799 321 1330681017061 720 800 20 0
799 321 1330681017091 720 800 20 0
799 321 1330681017121 720 800 20 0
799 321 1330681017151 720 800 20 0
799 321 1330681017181 720 800 20 0
799 321 1330681017211 720 800 20 0
799 321 1330681017241 720 800 20 0
799 321 1330681017271 720 800 20 0
799 321 1330681017301 720 800 20 0
799 321 1330681017331 720 800 20 0
799 321 1330681017361 720 800 20 0
799 321 1330681017391 720 800 20 0
799 321 1330681017421 720 800 20 0
799 321 1330681017451 720 800 20 0
799 321 1330681017481 720 800 20 0
799 321 1330681017511 720 800 20 0
799 321 1330681017541 720 800 20 0
743 464 1330681017571 720 800 20 0
741 466 1330681017601 720 800 20 0
732 473 1330681017631 720 800 20 0
725 483 1330681017661 720 800 20 0
722 486 1330681017691 720 800 20 0
724 487 1330681017721 720 800 20 0
732 488 1330681017751 720 800 20 0
746 489 1330681017781 720 800 20 0
766 487 1330681017811 720 800 20 0
795 487 1330681017841 720 800 20 0
832 487 1330681017871 720 800 20 0
876 485 1330681017901 720 800 20 0
926 481 1330681017931 720 800 20 0
978 475 1330681017961 720 800 20 0
1030 470 1330681017991 720 800 20 0
1079 467 1330681018021 720 800 20 0
1122 464 1330681018051 720 800 20 0
1149 463 1330681018081 720 800 20 0
1185 463 1330681018111 720 800 20 0
1211 463 1330681018141 720 800 20 0
1242 463 1330681018171 720 800 20 0
1272 463 1330681018201 720 800 20 0
1293 464 1330681018231 720 800 20 0
1303 467 1330681018261 720 800 20 0
1317 469 1330681018291 720 800 20 0
1325 470 1330681018321 720 800 20 0
1319 469 1330681018351 720 800 20 0
1294 467 1330681018381 720 800 20 0
1248 460 1330681018411 720 800 20 0
1192 455 1330681018441 720 800 20 0
1053 449 1330681018471 720 800 20 0
915 451 1330681018501 720 800 20 0
761 463 1330681018531 720 800 20 0
601 485 1330681018561 720 800 20 0
492 502 1330681018591 720 800 20 0
340 523 1330681018621 720 800 20 0
264 533 1330681018651 720 800 20 0
165 553 1330681018681 720 800 20 0
121 564 1330681018711 720 800 20 0
68 575 1330681018741 720 800 20 0
50 575 1330681018771 720 800 20 0
39 575 1330681018801 720 800 20 0
39 575 1330681018831 720 800 20 0
43 572 1330681018861 720 800 20 0
52 569 1330681018891 720 800 20 0
85 558 1330681018921 720 800 20 0
120 548 1330681018951 720 800 20 0
210 525 1330681018981 720 800 20 0
285 508 1330681019011 720 800 20 0
414 484 1330681019041 720 800 20 0
569 467 1330681019071 720 800 20 0
739 460 1330681019101 720 800 20 0
915 460 1330681019131 720 800 20 0
1077 472 1330681019161 720 800 20 0
1172 489 1330681019194 720 800 20 0
1273 517 1330681019221 720 800 20 0
1303 531 1330681019251 720 800 20 0
1307 534 1330681019281 720 800 20 0
1299 530 1330681019311 720 800 20 0
1268 519 1330681019341 720 800 20 0
1208 503 1330681019371 720 800 20 0
1118 481 1330681019401 720 800 20 0
1002 459 1330681019431 720 800 20 0
860 446 1330681019461 720 800 20 0
707 444 1330681019491 720 800 20 0
550 458 1330681019521 720 800 20 0
403 482 1330681019551 720 800 20 0
285 507 1330681019581 720 800 20 0
205 524 1330681019611 720 800 20 0
158 537 1330681019641 720 800 20 0
130 547 1330681019671 720 800 20 0
118 551 1330681019701 720 800 20 0
117 551 1330681019731 720 800 20 0
120 550 1330681019761 720 800 20 0
118 551 1330681019791 720 800 20 0
118 551 1330681019821 720 800 20 0
118 551 1330681019851 720 800 20 0
118 551 1330681019881 720 800 20 0
118 551 1330681019911 720 800 20 0
118 551 1330681019941 720 800 20 0
118 551 1330681019971 720 800 20 0
118 551 1330681020001 720 800 20 0
118 551 1330681020031 720 800 20 0
246 708 1330681020061 720 800 20 0
252 734 1330681020091 720 800 20 0
255 750 1330681020121 720 800 20 0
256 758 1330681020151 720 800 20 0
264 758 1330681020181 720 800 20 0
281 747 1330681020211 720 800 20 0
307 722 1330681020241 720 800 20 0
348 683 1330681020271 720 800 20 0
409 624 1330681020301 720 800 20 0
494 545 1330681020331 720 800 20 0
599 451 1330681020361 720 800 20 0
721 356 1330681020391 720 800 20 0
856 270 1330681020421 720 800 20 0
981 212 1330681020451 720 800 20 0
1068 181 1330681020481 720 800 20 0
1116 163 1330681020511 720 800 20 0
1129 157 1330681020541 720 800 20 0
1132 156 1330681020571 720 800 20 0
1132 156 1330681020601 720 800 20 0
1127 157 1330681020631 720 800 20 0
1116 161 1330681020661 720 800 20 0
1102 167 1330681020691 720 800 20 0
1082 178 1330681020721 720 800 20 0
1036 203 1330681020751 720 800 20 0
963 241 1330681020781 720 800 20 0
870 287 1330681020811 720 800 20 0
764 348 1330681020841 720 800 20 0
659 424 1330681020871 720 800 20 0
583 485 1330681020901 720 800 20 0
466 589 1330681020931 720 800 20 0
392 663 1330681020961 720 800 20 0
339 720 1330681020991 720 800 20 0
304 759 1330681021021 720 800 20 0
287 780 1330681021051 720 800 20 0
276 794 1330681021081 720 800 20 0
280 790 1330681021111 720 800 20 0
301 769 1330681021141 720 800 20 0
342 733 1330681021171 720 800 20 0
411 686 1330681021201 720 800 20 0
504 634 1330681021231 720 800 20 0
649 570 1330681021261 720 800 20 0
742 537 1330681021291 720 800 20 0
898 498 1330681021321 720 800 20 0
985 484 1330681021351 720 800 20 0
1102 473 1330681021381 720 800 20 0
1154 469 1330681021411 720 800 20 0
1213 469 1330681021441 720 800 20 0
1230 471 1330681021471 720 800 20 0
1231 474 1330681021501 720 800 20 0
1213 477 1330681021531 720 800 20 0
1163 484 1330681021561 720 800 20 0
1116 492 1330681021591 720 800 20 0
1034 506 1330681021621 720 800 20 0
937 524 1330681021651 720 800 20 0
842 548 1330681021681 720 800 20 0
762 573 1330681021711 720 800 20 0
706 596 1330681021741 720 800 20 0
669 612 1330681021771 720 800 20 0
653 617 1330681021801 720 800 20 0
650 617 1330681021831 720 800 20 0
651 617 1330681021861 720 800 20 0
657 616 1330681021891 720 800 20 0
667 615 1330681021921 720 800 20 0
675 620 1330681021951 720 800 20 0
685 627 1330681021981 720 800 20 0
699 637 1330681022011 720 800 20 0
711 651 1330681022041 720 800 20 0
716 665 1330681022071 720 800 20 0
717 674 1330681022101 720 800 20 0
715 682 1330681022131 720 800 20 0
712 688 1330681022161 720 800 20 0
709 693 1330681022191 720 800 20 0
705 701 1330681022221 720 800 20 0
706 715 1330681022251 720 800 20 0
712 735 1330681022281 720 800 20 0
718 756 1330681022311 720 800 20 0
720 775 1330681022341 720 800 20 0
722 790 1330681022371 720 800 20 0
724 797 1330681022401 720 800 20 1
722 798 1330681022431 720 800 20 1
718 796 1330681022461 720 800 20 1
717 793 1330681022491 720 800 20 1
719 792 1330681022521 720 800 20 1
720 792 1330681022551 720 800 20 1
720 792 1330681022581 720 800 20 1
720 792 1330681022611 720 800 20 1
721 793 1330681022641 720 800 20 1
722 794 1330681022671 720 800 20 1
722 794 1330681022701 720 800 20 1
722 794 1330681022731 720 800 20 1
722 794 1330681022761 720 800 20 1
722 794 1330681022791 720 800 20 1
722 794 1330681022821 720 800 20 1
722 794 1330681022851 720 800 20 1
722 794 1330681022881 720 800 20 1
722 794 1330681022911 720 800 20 1
722 794 1330681022941 720 800 20 1
722 794 1330681022971 720 800 20 1
722 794 1330681023001 720 800 20 1
722 794 1330681023031 720 800 20 1
722 794 1330681023061 720 800 20 1
722 794 1330681023091 720 800 20 1
722 794 1330681023121 720 800 20 1
722 794 1330681023151 720 800 20 1
722 794 1330681023181 720 800 20 1
722 794 1330681023211 720 800 20 1
722 794 1330681023241 720 800 20 1
722 794 1330681023271 720 800 20 1
722 794 1330681023301 720 800 20 1
722 794 1330681023331 720 800 20 1
722 794 1330681023361 720 800 20 1
722 794 1330681023391 720 800 20 1
722 794 1330681023421 20 800 52 0
722 794 1330681023451 20 800 52 0
722 794 1330681023481 20 800 52 0
722 794 1330681023511 20 800 52 0
722 794 1330681023541 20 800 52 0
722 794 1330681023571 20 800 52 0
722 794 1330681023601 20 800 52 0
722 794 1330681023631 20 800 52 0
720 794 1330681023661 20 800 52 0
711 794 1330681023691 20 800 52 0
672 801 1330681023721 20 800 52 0
605 812 1330681023751 20 800 52 0
501 816 1330681023781 20 800 52 0
439 819 1330681023811 20 800 52 0
363 830 1330681023841 20 800 52 0
295 841 1330681023871 20 800 52 0
232 857 1330681023901 20 800 52 0
202 868 1330681023931 20 800 52 0
170 881 1330681023961 20 800 52 0
149 887 1330681023991 20 800 52 0
132 886 1330681024021 20 800 52 0
112 877 1330681024051 20 800 52 0
94 866 1330681024081 20 800 52 0
74 851 1330681024111 20 800 52 0
46 828 1330681024141 20 800 52 1
20 805 1330681024171 20 800 52 1
5 794 1330681024201 20 800 52 1
4 794 1330681024231 20 800 52 1
6 796 1330681024261 20 800 52 1
4 796 1330681024291 20 800 52 1
3 796 1330681024321 20 800 52 1
9 798 1330681024351 20 800 52 1
19 803 1330681024381 20 800 52 1
23 806 1330681024411 20 800 52 1
23 806 1330681024441 20 800 52 1
24 806 1330681024471 20 800 52 1
25 806 1330681024501 20 800 52 1
25 806 1330681024531 20 800 52 1
25 806 1330681024561 20 800 52 1
25 806 1330681024591 20 800 52 1
25 806 1330681024621 20 800 52 1
25 806 1330681024651 20 800 52 1
25 806 1330681024681 20 800 52 1
25 806 1330681024711 20 800 52 1
25 806 1330681024741 20 800 52 1
25 806 1330681024771 20 800 52 1
25 806 1330681024801 20 800 52 1
25 806 1330681024831 20 800 52 1
25 806 1330681024861 20 800 52 1
25 806 1330681024891 20 800 52 1
25 806 1330681024921 20 800 52 1
25 806 1330681024951 20 800 52 1
25 806 1330681024981 20 800 52 1
25 806 1330681025011 20 800 52 1
25 806 1330681025041 20 800 52 1
25 806 1330681025071 20 800 52 1
25 806 1330681025101 20 800 52 1
25 806 1330681025131 20 800 52 1
25 806 1330681025161 20 800 52 1
25 806 1330681025191 720 800 56 0
25 806 1330681025221 720 800 56 0
25 806 1330681025251 720 800 56 0
25 806 1330681025281 720 800 56 0
25 806 1330681025311 720 800 56 0
25 806 1330681025341 720 800 56 0
25 806 1330681025371 720 800 56 0
29 806 1330681025401 720 800 56 0
57 801 1330681025431 720 800 56 0
98 790 1330681025461 720 800 56 0
211 755 1330681025491 720 800 56 0
339 726 1330681025521 720 800 56 0
484 706 1330681025551 720 800 56 0
623 695 1330681025581 720 800 56 0
728 693 1330681025611 720 800 56 0
767 694 1330681025641 720 800 56 0
777 696 1330681025671 720 800 56 0
765 701 1330681025701 720 800 56 0
752 707 1330681025731 720 800 56 0
740 713 1330681025761 720 800 56 0
722 725 1330681025791 720 800 56 0
704 738 1330681025821 720 800 56 0
699 743 1330681025851 720 800 56 0
703 749 1330681025881 720 800 56 0
711 756 1330681025911 720 800 56 1
718 765 1330681025941 720 800 56 1
720 772 1330681025971 720 800 56 1
722 775 1330681026001 720 800 56 1
723 775 1330681026031 720 800 56 1
723 774 1330681026061 720 800 56 1
722 774 1330681026091 720 800 56 1
722 774 1330681026121 720 800 56 1
722 774 1330681026151 720 800 56 1
722 774 1330681026181 720 800 56 1
722 774 1330681026211 720 800 56 1
722 774 1330681026241 720 800 56 1
722 774 1330681026271 720 800 56 1
722 774 1330681026301 720 800 56 1
722 774 1330681026331 720 800 56 1
722 774 1330681026361 720 800 56 1
722 774 1330681026391 720 800 56 1
722 774 1330681026421 720 800 56 1
722 774 1330681026451 720 800 56 1
722 774 1330681026481 720 800 56 1
722 774 1330681026511 720 800 56 1
722 774 1330681026541 720 800 56 1
722 774 1330681026571 720 800 56 1
722 774 1330681026601 720 800 56 1
722 774 1330681026631 720 800 56 1
722 774 1330681026661 720 800 56 1
722 774 1330681026691 720 800 56 1
722 774 1330681026721 720 800 56 1
722 774 1330681026751 720 800 56 1
722 774 1330681026781 720 800 56 1
722 774 1330681026811 720 800 56 1
722 774 1330681026841 720 800 56 1
722 774 1330681026871 720 800 56 1
722 774 1330681026901 720 800 56 1
722 774 1330681026931 225 305 48 0
722 774 1330681026961 225 305 48 0
722 774 1330681026991 225 305 48 0
722 774 1330681027021 225 305 48 0
722 774 1330681027051 225 305 48 0
722 774 1330681027081 225 305 48 0
722 774 1330681027111 225 305 48 0
720 772 1330681027141 225 305 48 0
709 761 1330681027171 225 305 48 0
680 730 1330681027201 225 305 48 0
631 686 1330681027231 225 305 48 0
562 633 1330681027261 225 305 48 0
487 576 1330681027291 225 305 48 0
427 534 1330681027321 225 305 48 0
374 506 1330681027351 225 305 48 0
338 485 1330681027381 225 305 48 0
305 439 1330681027411 225 305 48 0
296 427 1330681027441 225 305 48 0
279 428 1330681027471 225 305 48 0
262 426 1330681027501 225 305 48 0
248 418 1330681027531 225 305 48 0
240 411 1330681027561 225 305 48 0
230 400 1330681027591 225 305 48 0
215 379 1330681027621 225 305 48 0
204 354 1330681027651 225 305 48 0
201 335 1330681027681 225 305 48 0
199 322 1330681027711 225 305 48 1
196 313 1330681027741 225 305 48 1
195 304 1330681027771 225 305 48 1
197 303 1330681027801 225 305 48 1
198 307 1330681027831 225 305 48 1
199 307 1330681027861 225 305 48 1
199 307 1330681027891 225 305 48 1
199 307 1330681027921 225 305 48 1
199 307 1330681027951 225 305 48 1
199 307 1330681027981 225 305 48 1
199 307 1330681028011 225 305 48 1
199 307 1330681028041 225 305 48 1
199 307 1330681028071 225 305 48 1
199 307 1330681028101 225 305 48 1
199 307 1330681028131 225 305 48 1
199 307 1330681028161 225 305 48 1
199 307 1330681028191 225 305 48 1
199 307 1330681028221 225 305 48 1
199 307 1330681028251 225 305 48 1
199 307 1330681028281 225 305 48 1
199 307 1330681028311 225 305 48 1
199 307 1330681028341 225 305 48 1
199 307 1330681028371 225 305 48 1
199 307 1330681028401 225 305 48 1
199 307 1330681028431 225 305 48 1
199 307 1330681028461 225 305 48 1
199 307 1330681028491 225 305 48 1
199 307 1330681028521 225 305 48 1
199 307 1330681028551 225 305 48 1
199 307 1330681028581 225 305 48 1
199 307 1330681028611 225 305 48 1
199 307 1330681028641 225 305 48 1
199 307 1330681028671 225 305 48 1
199 307 1330681028701 720 800 57 0
199 307 1330681028731 720 800 57 0
199 307 1330681028761 720 800 57 0
198 307 1330681028791 720 800 57 0
198 306 1330681028821 720 800 57 0
198 306 1330681028851 720 800 57 0
198 306 1330681028881 720 800 57 0
204 309 1330681028911 720 800 57 0
225 324 1330681028941 720 800 57 0
268 349 1330681028971 720 800 57 0
332 389 1330681029001 720 800 57 0
413 449 1330681029031 720 800 57 0
503 521 1330681029061 720 800 57 0
581 590 1330681029091 720 800 57 0
637 645 1330681029121 720 800 57 0
679 682 1330681029151 720 800 57 0
698 707 1330681029181 720 800 57 0
696 719 1330681029211 720 800 57 0
692 721 1330681029241 720 800 57 0
688 716 1330681029271 720 800 57 0
687 713 1330681029301 720 800 57 0
691 716 1330681029331 720 800 57 0
700 728 1330681029361 720 800 57 0
711 744 1330681029391 720 800 57 0
721 767 1330681029421 720 800 57 1
731 788 1330681029451 720 800 57 1
734 797 1330681029481 720 800 57 1
733 800 1330681029511 720 800 57 1
730 800 1330681029541 720 800 57 1
724 798 1330681029571 720 800 57 1
721 797 1330681029601 720 800 57 1
721 797 1330681029631 720 800 57 1
721 797 1330681029661 720 800 57 1
721 797 1330681029691 720 800 57 1
722 798 1330681029721 720 800 57 1
722 798 1330681029751 720 800 57 1
723 798 1330681029781 720 800 57 1
723 799 1330681029811 720 800 57 1
724 799 1330681029841 720 800 57 1
724 800 1330681029871 720 800 57 1
725 800 1330681029901 720 800 57 1
725 800 1330681029931 720 800 57 1
726 800 1330681029961 720 800 57 1
726 800 1330681029991 720 800 57 1
726 800 1330681030021 720 800 57 1
726 800 1330681030051 720 800 57 1
726 800 1330681030081 720 800 57 1
726 800 1330681030111 720 800 57 1
726 800 1330681030141 720 800 57 1
726 800 1330681030171 720 800 57 1
726 800 1330681030201 720 800 57 1
726 800 1330681030231 720 800 57 1
726 800 1330681030261 720 800 57 1
726 800 1330681030291 720 800 57 1
726 800 1330681030321 720 800 57 1
726 800 1330681030351 720 800 57 1
726 800 1330681030381 720 800 57 1
726 800 1330681030411 720 100 49 0
726 800 1330681030441 720 100 49 0
726 800 1330681030471 720 100 49 0
726 800 1330681030501 720 100 49 0
726 800 1330681030531 720 100 49 0
726 800 1330681030561 720 100 49 0
726 800 1330681030591 720 100 49 0
723 799 1330681030621 720 100 49 0
716 792 1330681030651 720 100 49 0
705 760 1330681030681 720 100 49 0
708 694 1330681030711 720 100 49 0
718 598 1330681030741 720 100 49 0
718 485 1330681030771 720 100 49 0
720 364 1330681030801 720 100 49 0
724 256 1330681030831 720 100 49 0
706 182 1330681030861 720 100 49 0
689 132 1330681030891 720 100 49 0
688 105 1330681030921 720 100 49 1
686 101 1330681030951 720 100 49 1
685 103 1330681030981 720 100 49 1
684 109 1330681031011 720 100 49 1
687 115 1330681031041 720 100 49 1
690 117 1330681031071 720 100 49 1
695 118 1330681031101 720 100 49 1
703 120 1330681031131 720 100 49 1
709 121 1330681031161 720 100 49 1
711 120 1330681031191 720 100 49 1
713 119 1330681031221 720 100 49 1
715 119 1330681031251 720 100 49 1
715 119 1330681031281 720 100 49 1
715 119 1330681031311 720 100 49 1
715 119 1330681031341 720 100 49 1
715 119 1330681031371 720 100 49 1
715 119 1330681031401 720 100 49 1
715 119 1330681031431 720 100 49 1
715 119 1330681031461 720 100 49 1
715 119 1330681031491 720 100 49 1
715 119 1330681031521 720 100 49 1
715 119 1330681031551 720 100 49 1
715 119 1330681031581 720 100 49 1
715 119 1330681031611 720 100 49 1
715 119 1330681031641 720 100 49 1
715 119 1330681031671 720 100 49 1
715 119 1330681031701 720 100 49 1
715 119 1330681031731 720 100 49 1
715 119 1330681031761 720 100 49 1
715 119 1330681031791 720 100 49 1
715 119 1330681031821 720 100 49 1
715 119 1330681031851 720 100 49 1
715 119 1330681031881 720 100 49 1
715 119 1330681031911 720 100 49 1
715 119 1330681031941 720 800 56 0
715 119 1330681031971 720 800 56 0
715 119 1330681032001 720 800 56 0
715 119 1330681032031 720 800 56 0
715 119 1330681032061 720 800 56 0
715 119 1330681032091 720 800 56 0
715 119 1330681032121 720 800 56 0
715 119 1330681032151 720 800 56 0
716 124 1330681032181 720 800 56 0
720 150 1330681032211 720 800 56 0
724 206 1330681032241 720 800 56 0
728 291 1330681032271 720 800 56 0
732 372 1330681032301 720 800 56 0
742 521 1330681032331 720 800 56 0
741 608 1330681032361 720 800 56 0
738 720 1330681032391 720 800 56 0
732 772 1330681032421 720 800 56 1
720 798 1330681032451 720 800 56 1
712 803 1330681032481 720 800 56 1
710 795 1330681032511 720 800 56 1
711 785 1330681032541 720 800 56 1
711 780 1330681032571 720 800 56 1
712 778 1330681032601 720 800 56 1
714 778 1330681032631 720 800 56 1
715 778 1330681032661 720 800 56 1
715 778 1330681032691 720 800 56 1
715 778 1330681032721 720 800 56 1
715 778 1330681032751 720 800 56 1
715 778 1330681032781 720 800 56 1
715 778 1330681032811 720 800 56 1
715 779 1330681032841 720 800 56 1
715 779 1330681032871 720 800 56 1
715 779 1330681032901 720 800 56 1
715 779 1330681032931 720 800 56 1
715 779 1330681032961 720 800 56 1
715 779 1330681032991 720 800 56 1
715 779 1330681033021 720 800 56 1
715 779 1330681033051 720 800 56 1
715 779 1330681033081 720 800 56 1
715 779 1330681033111 720 800 56 1
715 779 1330681033141 720 800 56 1
715 779 1330681033171 720 800 56 1
715 779 1330681033201 720 800 56 1
715 779 1330681033231 720 800 56 1
715 779 1330681033261 720 800 56 1
715 779 1330681033291 720 800 56 1
715 779 1330681033321 720 800 56 1
715 779 1330681033351 720 800 56 1
715 779 1330681033381 720 800 56 1
715 779 1330681033411 720 800 56 1
715 779 1330681033441 720 800 56 1
715 779 1330681033471 1215 305 53 0
715 779 1330681033501 1215 305 53 0
715 779 1330681033531 1215 305 53 0
715 779 1330681033561 1215 305 53 0
715 779 1330681033591 1215 305 53 0
715 779 1330681033621 1215 305 53 0
715 779 1330681033651 1215 305 53 0
715 779 1330681033681 1215 305 53 0
725 771 1330681033711 1215 305 53 0
760 744 1330681033741 1215 305 53 0
823 691 1330681033771 1215 305 53 0
912 613 1330681033801 1215 305 53 0
1020 531 1330681033831 1215 305 53 0
1121 467 1330681033861 1215 305 53 0
1184 429 1330681033891 1215 305 53 0
1220 400 1330681033921 1215 305 53 0
1237 383 1330681033951 1215 305 53 0
1239 377 1330681033981 1215 305 53 0
1238 375 1330681034011 1215 305 53 0
1238 371 1330681034041 1215 305 53 0
1239 363 1330681034071 1215 305 53 0
1246 345 1330681034101 1215 305 53 0
1257 327 1330681034131 1215 305 53 0
1261 318 1330681034161 1215 305 53 0
1262 314 1330681034191 1215 305 53 0
1262 314 1330681034221 1215 305 53 0
1262 314 1330681034251 1215 305 53 0
1262 315 1330681034281 1215 305 53 0
1262 316 1330681034311 1215 305 53 0
1262 316 1330681034341 1215 305 53 0
1262 316 1330681034371 1215 305 53 0
1262 315 1330681034401 1215 305 53 0
1262 315 1330681034431 1215 305 53 0
1262 315 1330681034461 1215 305 53 0
1262 315 1330681034491 1215 305 53 0
1262 315 1330681034521 1215 305 53 0
1262 315 1330681034551 1215 305 53 0
1259 314 1330681034581 1215 305 53 0
1254 313 1330681034611 1215 305 53 1
1249 313 1330681034641 1215 305 53 1
1242 312 1330681034671 1215 305 53 1
1240 312 1330681034701 1215 305 53 1
1240 312 1330681034731 1215 305 53 1
1240 312 1330681034761 1215 305 53 1
1240 312 1330681034791 1215 305 53 1
1240 312 1330681034821 1215 305 53 1
1240 312 1330681034851 1215 305 53 1
1240 312 1330681034881 1215 305 53 1
1240 312 1330681034911 1215 305 53 1
1240 312 1330681034941 1215 305 53 1
1240 312 1330681034971 1215 305 53 1
1240 312 1330681035001 1215 305 53 1
1240 312 1330681035031 1215 305 53 1
1240 312 1330681035061 1215 305 53 1
1240 312 1330681035091 1215 305 53 1
1240 312 1330681035121 1215 305 53 1
1240 312 1330681035151 1215 305 53 1
1240 312 1330681035181 1215 305 53 1
1240 312 1330681035211 1215 305 53 1
1240 312 1330681035241 1215 305 53 1
1240 312 1330681035271 1215 305 53 1
1240 312 1330681035301 1215 305 53 1
1240 312 1330681035331 1215 305 53 1
1240 312 1330681035361 1215 305 53 1
1240 312 1330681035391 1215 305 53 1
1240 311 1330681035421 1215 305 53 1
1240 311 1330681035451 1215 305 53 1
1240 311 1330681035481 1215 305 53 1
1240 311 1330681035511 1215 305 53 1
1240 311 1330681035541 1215 305 53 1
1240 311 1330681035571 1215 305 53 1
1240 311 1330681035601 720 800 53 0
1240 311 1330681035631 720 800 53 0
1240 311 1330681035661 720 800 53 0
1240 311 1330681035691 720 800 53 0
1240 311 1330681035721 720 800 53 0
1240 311 1330681035751 720 800 53 0
1240 311 1330681035781 720 800 53 0
1240 311 1330681035811 720 800 53 0
1236 318 1330681035841 720 800 53 0
1212 338 1330681035871 720 800 53 0
1163 374 1330681035901 720 800 53 0
1093 430 1330681035931 720 800 53 0
1008 508 1330681035961 720 800 53 0
923 593 1330681035991 720 800 53 0
861 661 1330681036021 720 800 53 0
813 713 1330681036051 720 800 53 0
770 754 1330681036081 720 800 53 0
741 780 1330681036111 720 800 53 1
725 792 1330681036141 720 800 53 1
713 799 1330681036171 720 800 53 1
700 808 1330681036201 720 800 53 1
693 814 1330681036231 720 800 53 1
690 816 1330681036261 720 800 53 1
691 816 1330681036291 720 800 53 1
695 814 1330681036321 720 800 53 1
698 814 1330681036351 720 800 53 1
698 813 1330681036381 720 800 53 1
697 813 1330681036411 720 800 53 1
697 812 1330681036441 720 800 53 1
697 812 1330681036471 720 800 53 1
697 812 1330681036501 720 800 53 1
696 812 1330681036531 720 800 53 1
696 812 1330681036561 720 800 53 1
696 812 1330681036591 720 800 53 1
696 812 1330681036621 720 800 53 1
696 812 1330681036651 720 800 53 1
696 812 1330681036681 720 800 53 1
696 812 1330681036711 720 800 53 1
696 812 1330681036741 720 800 53 1
696 812 1330681036771 720 800 53 1
696 812 1330681036801 720 800 53 1
696 812 1330681036831 720 800 53 1
696 812 1330681036861 720 800 53 1
696 812 1330681036891 720 800 53 1
696 812 1330681036921 720 800 53 1
696 812 1330681036951 720 800 53 1
696 812 1330681036981 720 800 53 1
696 812 1330681037011 720 800 53 1
696 812 1330681037041 720 800 53 1
696 812 1330681037071 720 800 53 1
696 812 1330681037101 720 800 53 1
696 812 1330681037131 1420 800 56 0
696 812 1330681037161 1420 800 56 0
696 812 1330681037191 1420 800 56 0
696 812 1330681037221 1420 800 56 0
696 812 1330681037251 1420 800 56 0
696 812 1330681037281 1420 800 56 0
696 812 1330681037311 1420 800 56 0
696 812 1330681037341 1420 800 56 0
697 812 1330681037371 1420 800 56 0
721 805 1330681037401 1420 800 56 0
768 788 1330681037431 1420 800 56 0
903 745 1330681037461 1420 800 56 0
1008 728 1330681037491 1420 800 56 0
1175 736 1330681037521 1420 800 56 0
1253 757 1330681037551 1420 800 56 0
1326 792 1330681037581 1420 800 56 0
1366 827 1330681037611 1420 800 56 0
1383 850 1330681037641 1420 800 56 0
1386 859 1330681037671 1420 800 56 0
1386 860 1330681037701 1420 800 56 0
1386 860 1330681037731 1420 800 56 0
1388 859 1330681037761 1420 800 56 0
1388 855 1330681037791 1420 800 56 0
1387 851 1330681037821 1420 800 56 0
1386 847 1330681037851 1420 800 56 0
1389 840 1330681037881 1420 800 56 0
1396 831 1330681037911 1420 800 56 1
1399 827 1330681037941 1420 800 56 1
1399 826 1330681037971 1420 800 56 1
1397 825 1330681038001 1420 800 56 1
1396 824 1330681038031 1420 800 56 1
1394 824 1330681038061 1420 800 56 1
1394 824 1330681038091 1420 800 56 1
1394 824 1330681038121 1420 800 56 1
1393 824 1330681038151 1420 800 56 1
1393 824 1330681038181 1420 800 56 1
1393 824 1330681038211 1420 800 56 1
1393 824 1330681038241 1420 800 56 1
1393 824 1330681038271 1420 800 56 1
1393 824 1330681038301 1420 800 56 1
1393 824 1330681038331 1420 800 56 1
1393 824 1330681038361 1420 800 56 1
1393 824 1330681038391 1420 800 56 1
1393 824 1330681038421 1420 800 56 1
1393 824 1330681038451 1420 800 56 1
1393 824 1330681038481 1420 800 56 1
1393 824 1330681038511 1420 800 56 1
1393 824 1330681038541 1420 800 56 1
1393 824 1330681038571 1420 800 56 1
1393 824 1330681038601 1420 800 56 1
1393 824 1330681038631 1420 800 56 1
1393 824 1330681038661 1420 800 56 1
1393 824 1330681038691 1420 800 56 1
1393 824 1330681038721 1420 800 56 1
1393 824 1330681038751 1420 800 56 1
1393 824 1330681038781 1420 800 56 1
1393 824 1330681038811 1420 800 56 1
1393 824 1330681038841 1420 800 56 1
1393 824 1330681038871 1420 800 56 1
1393 824 1330681038901 1420 800 56 1
1393 824 1330681038932 720 800 49 0
1393 824 1330681038961 720 800 49 0
1393 824 1330681038991 720 800 49 0
1393 824 1330681039021 720 800 49 0
1393 824 1330681039051 720 800 49 0
1393 824 1330681039081 720 800 49 0
1393 824 1330681039111 720 800 49 0
1393 824 1330681039141 720 800 49 0
1389 823 1330681039171 720 800 49 0
1376 819 1330681039201 720 800 49 0
1325 809 1330681039231 720 800 49 0
1222 795 1330681039261 720 800 49 0
1044 787 1330681039291 720 800 49 0
968 786 1330681039321 720 800 49 0
750 789 1330681039351 720 800 49 1
639 790 1330681039381 720 800 49 0
568 789 1330681039411 720 800 49 0
535 791 1330681039441 720 800 49 0
530 793 1330681039471 720 800 49 0
540 794 1330681039501 720 800 49 0
563 794 1330681039531 720 800 49 0
584 793 1330681039561 720 800 49 0
628 786 1330681039591 720 800 49 0
673 781 1330681039621 720 800 49 0
690 779 1330681039651 720 800 49 1
698 779 1330681039681 720 800 49 1
696 779 1330681039711 720 800 49 1
682 782 1330681039741 720 800 49 0
676 783 1330681039771 720 800 49 0
674 784 1330681039801 720 800 49 0
677 784 1330681039831 720 800 49 0
683 785 1330681039861 720 800 49 0
689 786 1330681039891 720 800 49 1
693 789 1330681039921 720 800 49 1
694 789 1330681039951 720 800 49 1
694 789 1330681039981 720 800 49 1
694 790 1330681040011 720 800 49 1
695 790 1330681040041 720 800 49 1
695 790 1330681040071 720 800 49 1
695 790 1330681040101 720 800 49 1
695 790 1330681040131 720 800 49 1
695 790 1330681040161 720 800 49 1
695 790 1330681040191 720 800 49 1
695 790 1330681040221 720 800 49 1
695 790 1330681040251 720 800 49 1
695 790 1330681040281 720 800 49 1
695 790 1330681040311 720 800 49 1
695 790 1330681040341 720 800 49 1
695 790 1330681040371 720 800 49 1
695 790 1330681040401 720 800 49 1
695 790 1330681040431 720 800 49 1
695 790 1330681040461 720 800 49 1
695 790 1330681040491 720 800 49 1
695 790 1330681040521 720 800 49 1
695 790 1330681040551 720 800 49 1
695 790 1330681040581 720 800 49 1
695 790 1330681040611 720 800 49 1
695 790 1330681040641 720 800 49 1
695 790 1330681040671 720 800 49 1
695 790 1330681040701 720 800 49 1
695 790 1330681040731 720 800 49 1
695 790 1330681040761 720 800 49 1
695 790 1330681040791 720 800 49 1
695 790 1330681040821 720 800 49 1
695 790 1330681040851 720 800 49 1
695 790 1330681040881 720 800 49 1
695 790 1330681040911 20 800 23 0
695 790 1330681040941 20 800 23 0
695 790 1330681040971 20 800 23 0
695 790 1330681041001 20 800 23 0
695 790 1330681041031 20 800 23 0
695 790 1330681041061 20 800 23 0
695 790 1330681041091 20 800 23 0
694 789 1330681041121 20 800 23 0
685 787 1330681041151 20 800 23 0
645 788 1330681041181 20 800 23 0
552 800 1330681041211 20 800 23 0
429 825 1330681041241 20 800 23 0
310 856 1330681041271 20 800 23 0
239 875 1330681041301 20 800 23 0
166 885 1330681041331 20 800 23 0
146 883 1330681041361 20 800 23 0
135 872 1330681041391 20 800 23 0
135 863 1330681041421 20 800 23 0
137 852 1330681041451 20 800 23 0
141 843 1330681041481 20 800 23 0
144 823 1330681041511 20 800 23 0
126 812 1330681041541 20 800 23 0
92 809 1330681041571 20 800 23 0
53 816 1330681041601 20 800 23 0
21 828 1330681041631 20 800 23 0
8 832 1330681041661 20 800 23 0
0 834 1330681041691 20 800 23 0
0 834 1330681041721 20 800 23 0
0 833 1330681041751 20 800 23 0
2 831 1330681041781 20 800 23 0
4 830 1330681041811 20 800 23 0
9 822 1330681041841 20 800 23 0
15 815 1330681041871 20 800 23 0
20 810 1330681041901 20 800 23 1
19 809 1330681041931 20 800 23 1
18 807 1330681041961 20 800 23 1
16 805 1330681041991 20 800 23 1
13 801 1330681042021 20 800 23 1
13 799 1330681042051 20 800 23 1
13 800 1330681042081 20 800 23 1
14 802 1330681042111 20 800 23 1
14 802 1330681042141 20 800 23 1
14 802 1330681042171 20 800 23 1
14 802 1330681042201 20 800 23 1
14 802 1330681042231 20 800 23 1
14 802 1330681042261 20 800 23 1
14 802 1330681042291 20 800 23 1
14 802 1330681042321 20 800 23 1
14 802 1330681042351 20 800 23 1
14 802 1330681042381 20 800 23 1
14 802 1330681042411 20 800 23 1
14 802 1330681042441 20 800 23 1
14 802 1330681042471 20 800 23 1
14 802 1330681042501 20 800 23 1
14 802 1330681042531 20 800 23 1
14 802 1330681042561 20 800 23 1
14 802 1330681042591 20 800 23 1
14 802 1330681042621 20 800 23 1
14 802 1330681042651 20 800 23 1
14 802 1330681042681 20 800 23 1
14 802 1330681042711 20 800 23 1
14 802 1330681042741 20 800 23 1
14 802 1330681042771 20 800 23 1
14 802 1330681042801 20 800 23 1
14 802 1330681042831 20 800 23 1
14 802 1330681042861 20 800 23 1
14 802 1330681042891 20 800 23 1
14 802 1330681042921 720 800 25 0
14 802 1330681042951 720 800 25 0
14 802 1330681042981 720 800 25 0
14 802 1330681043011 720 800 25 0
14 802 1330681043041 720 800 25 0
14 802 1330681043071 720 800 25 0
14 802 1330681043101 720 800 25 0
22 802 1330681043131 720 800 25 0
52 797 1330681043161 720 800 25 0
116 780 1330681043191 720 800 25 0
215 758 1330681043221 720 800 25 0
340 744 1330681043251 720 800 25 0
470 741 1330681043281 720 800 25 0
589 742 1330681043311 720 800 25 0
682 746 1330681043341 720 800 25 0
749 753 1330681043371 720 800 25 0
788 757 1330681043401 720 800 25 0
800 762 1330681043431 720 800 25 0
799 771 1330681043461 720 800 25 0
787 779 1330681043491 720 800 25 0
773 783 1330681043521 720 800 25 0
755 786 1330681043551 720 800 25 0
750 785 1330681043581 720 800 25 0
747 784 1330681043611 720 800 25 0
746 784 1330681043641 720 800 25 0
746 785 1330681043671 720 800 25 0
743 788 1330681043701 720 800 25 0
741 790 1330681043731 720 800 25 0
739 790 1330681043761 720 800 25 0
736 792 1330681043791 720 800 25 0
734 794 1330681043821 720 800 25 1
732 795 1330681043851 720 800 25 1
731 796 1330681043881 720 800 25 1
730 796 1330681043911 720 800 25 1
730 796 1330681043941 720 800 25 1
730 796 1330681043971 720 800 25 1
730 796 1330681044001 720 800 25 1
730 796 1330681044031 720 800 25 1
730 796 1330681044061 720 800 25 1
730 796 1330681044091 720 800 25 1
730 796 1330681044121 720 800 25 1
730 796 1330681044151 720 800 25 1
730 796 1330681044181 720 800 25 1
730 796 1330681044211 720 800 25 1
730 796 1330681044241 720 800 25 1
730 796 1330681044271 720 800 25 1
730 796 1330681044301 720 800 25 1
730 796 1330681044331 720 800 25 1
730 796 1330681044361 720 800 25 1
730 796 1330681044391 720 800 25 1
730 796 1330681044421 720 800 25 1
730 796 1330681044451 720 800 25 1
730 796 1330681044481 720 800 25 1
730 796 1330681044511 720 800 25 1
730 796 1330681044541 720 800 25 1
730 796 1330681044571 720 800 25 1
730 796 1330681044601 720 800 25 1
730 796 1330681044631 720 800 25 1
730 796 1330681044661 720 800 25 1
730 796 1330681044691 720 800 25 1
730 796 1330681044721 720 800 25 1
730 796 1330681044751 720 800 25 1
730 796 1330681044781 720 800 25 1
730 796 1330681044811 720 800 25 1
730 796 1330681044841 720 800 25 1
730 796 1330681044871 225 305 24 0
730 796 1330681044901 225 305 24 0
730 796 1330681044931 225 305 24 0
730 796 1330681044961 225 305 24 0
730 796 1330681044991 225 305 24 0
730 796 1330681045021 225 305 24 0
730 796 1330681045051 225 305 24 0
728 795 1330681045081 225 305 24 0
715 785 1330681045111 225 305 24 0
681 763 1330681045141 225 305 24 0
626 726 1330681045171 225 305 24 0
557 675 1330681045201 225 305 24 0
485 609 1330681045231 225 305 24 0
421 544 1330681045261 225 305 24 0
365 503 1330681045291 225 305 24 0
312 468 1330681045321 225 305 24 0
271 427 1330681045351 225 305 24 0
254 389 1330681045381 225 305 24 0
252 375 1330681045411 225 305 24 0
250 372 1330681045441 225 305 24 0
253 366 1330681045471 225 305 24 0
254 355 1330681045501 225 305 24 0
244 342 1330681045531 225 305 24 0
230 330 1330681045561 225 305 24 0
219 319 1330681045591 225 305 24 0
207 305 1330681045621 225 305 24 0
199 292 1330681045651 225 305 24 0
199 283 1330681045681 225 305 24 0
199 283 1330681045711 225 305 24 0
199 283 1330681045741 225 305 24 0
199 283 1330681045771 225 305 24 0
201 284 1330681045801 225 305 24 0
206 289 1330681045831 225 305 24 0
208 293 1330681045861 225 305 24 0
210 300 1330681045891 225 305 24 0
213 303 1330681045921 225 305 24 1
220 308 1330681045951 225 305 24 1
222 312 1330681045981 225 305 24 1
224 314 1330681046011 225 305 24 1
224 314 1330681046041 225 305 24 1
224 314 1330681046071 225 305 24 1
224 314 1330681046101 225 305 24 1
224 314 1330681046131 225 305 24 1
224 314 1330681046161 225 305 24 1
224 314 1330681046191 225 305 24 1
224 314 1330681046221 225 305 24 1
224 314 1330681046251 225 305 24 1
224 314 1330681046281 225 305 24 1
224 314 1330681046311 225 305 24 1
224 314 1330681046341 225 305 24 1
224 314 1330681046371 225 305 24 1
224 314 1330681046401 225 305 24 1
224 314 1330681046431 225 305 24 1
224 314 1330681046461 225 305 24 1
224 314 1330681046491 225 305 24 1
224 314 1330681046521 225 305 24 1
224 314 1330681046551 225 305 24 1
224 314 1330681046581 225 305 24 1
224 314 1330681046611 225 305 24 1
224 314 1330681046641 225 305 24 1
224 314 1330681046671 225 305 24 1
224 314 1330681046701 225 305 24 1
224 314 1330681046731 225 305 24 1
224 314 1330681046761 225 305 24 1
224 314 1330681046791 225 305 24 1
224 314 1330681046821 225 305 24 1
224 314 1330681046851 225 305 24 1
224 314 1330681046881 225 305 24 1
224 314 1330681046911 225 305 24 1
224 314 1330681046941 720 800 25 0
224 314 1330681046971 720 800 25 0
224 314 1330681047001 720 800 25 0
224 314 1330681047031 720 800 25 0
224 314 1330681047061 720 800 25 0
224 314 1330681047091 720 800 25 0
224 314 1330681047121 720 800 25 0
228 317 1330681047151 720 800 25 0
245 330 1330681047181 720 800 25 0
277 358 1330681047211 720 800 25 0
330 407 1330681047241 720 800 25 0
401 476 1330681047271 720 800 25 0
485 552 1330681047301 720 800 25 0
575 624 1330681047331 720 800 25 0
654 682 1330681047361 720 800 25 0
715 726 1330681047391 720 800 25 0
751 760 1330681047421 720 800 25 0
762 787 1330681047451 720 800 25 0
757 803 1330681047481 720 800 25 0
745 804 1330681047511 720 800 25 0
734 799 1330681047541 720 800 25 1
725 796 1330681047571 720 800 25 1
719 791 1330681047601 720 800 25 1
716 783 1330681047631 720 800 25 0
715 780 1330681047661 720 800 25 0
715 781 1330681047691 720 800 25 0
715 786 1330681047721 720 800 25 1
716 789 1330681047751 720 800 25 1
717 791 1330681047781 720 800 25 1
717 791 1330681047811 720 800 25 1
717 793 1330681047841 720 800 25 1
717 795 1330681047871 720 800 25 1
717 796 1330681047901 720 800 25 1
717 796 1330681047931 720 800 25 1
717 796 1330681047961 720 800 25 1
717 796 1330681047991 720 800 25 1
717 796 1330681048021 720 800 25 1
717 796 1330681048051 720 800 25 1
717 797 1330681048081 720 800 25 1
717 797 1330681048111 720 800 25 1
717 797 1330681048141 720 800 25 1
717 797 1330681048171 720 800 25 1
717 797 1330681048201 720 800 25 1
717 797 1330681048231 720 800 25 1
717 797 1330681048261 720 800 25 1
717 797 1330681048291 720 800 25 1
717 797 1330681048321 720 800 25 1
717 797 1330681048351 720 800 25 1
717 797 1330681048381 720 800 25 1
717 797 1330681048411 720 800 25 1
717 797 1330681048441 720 800 25 1
717 797 1330681048471 720 800 25 1
717 797 1330681048501 720 800 25 1
717 797 1330681048531 720 800 25 1
717 797 1330681048561 720 800 25 1
717 797 1330681048591 720 800 25 1
717 797 1330681048621 720 800 25 1
717 797 1330681048651 720 800 25 1
717 797 1330681048681 720 800 25 1
717 797 1330681048711 720 800 25 1
717 797 1330681048741 720 100 24 0
717 797 1330681048771 720 100 24 0
717 797 1330681048801 720 100 24 0
717 797 1330681048831 720 100 24 0
717 797 1330681048861 720 100 24 0
717 797 1330681048891 720 100 24 0
717 797 1330681048921 720 100 24 0
716 796 1330681048951 720 100 24 0
711 784 1330681048981 720 100 24 0
702 750 1330681049011 720 100 24 0
694 689 1330681049041 720 100 24 0
683 597 1330681049071 720 100 24 0
669 483 1330681049101 720 100 24 0
666 358 1330681049131 720 100 24 0
657 226 1330681049161 720 100 24 0
651 166 1330681049191 720 100 24 0
655 84 1330681049221 720 100 24 0
657 56 1330681049251 720 100 24 0
658 47 1330681049281 720 100 24 0
661 49 1330681049311 720 100 24 0
663 55 1330681049341 720 100 24 0
674 64 1330681049371 720 100 24 0
689 80 1330681049401 720 100 24 0
700 98 1330681049431 720 100 24 0
712 117 1330681049461 720 100 24 0
725 139 1330681049491 720 100 24 0
733 153 1330681049521 720 100 24 0
736 155 1330681049551 720 100 24 0
736 152 1330681049581 720 100 24 0
734 149 1330681049611 720 100 24 0
731 141 1330681049641 720 100 24 0
725 130 1330681049671 720 100 24 0
721 120 1330681049701 720 100 24 0
720 115 1330681049731 720 100 24 0
720 114 1330681049761 720 100 24 1
720 114 1330681049791 720 100 24 1
721 112 1330681049821 720 100 24 1
722 110 1330681049851 720 100 24 1
722 110 1330681049881 720 100 24 1
722 110 1330681049911 720 100 24 1
722 110 1330681049941 720 100 24 1
722 110 1330681049971 720 100 24 1
722 110 1330681050001 720 100 24 1
722 110 1330681050031 720 100 24 1
722 110 1330681050061 720 100 24 1
722 110 1330681050091 720 100 24 1
722 110 1330681050121 720 100 24 1
722 110 1330681050151 720 100 24 1
722 110 1330681050181 720 100 24 1
722 110 1330681050211 720 100 24 1
722 110 1330681050241 720 100 24 1
722 110 1330681050271 720 100 24 1
722 110 1330681050301 720 100 24 1
722 110 1330681050331 720 100 24 1
722 110 1330681050361 720 100 24 1
722 110 1330681050391 720 100 24 1
722 110 1330681050422 720 100 24 1
722 110 1330681050451 720 100 24 1
722 110 1330681050481 720 100 24 1
722 110 1330681050511 720 100 24 1
722 110 1330681050541 720 100 24 1
722 110 1330681050571 720 100 24 1
722 110 1330681050601 720 100 24 1
722 110 1330681050631 720 100 24 1
722 110 1330681050661 720 100 24 1
722 110 1330681050691 720 100 24 1
722 110 1330681050721 720 100 24 1
722 110 1330681050751 720 100 24 1
722 110 1330681050781 720 100 24 1
722 110 1330681050811 720 800 25 0
722 110 1330681050841 720 800 25 0
722 110 1330681050871 720 800 25 0
722 110 1330681050901 720 800 25 0
722 110 1330681050931 720 800 25 0
722 110 1330681050961 720 800 25 0
722 110 1330681050991 720 800 25 0
722 112 1330681051021 720 800 25 0
724 125 1330681051051 720 800 25 0
722 173 1330681051081 720 800 25 0
719 220 1330681051111 720 800 25 0
713 303 1330681051141 720 800 25 0
711 403 1330681051171 720 800 25 0
716 506 1330681051201 720 800 25 0
724 601 1330681051231 720 800 25 0
730 682 1330681051261 720 800 25 0
733 746 1330681051291 720 800 25 0
725 788 1330681051321 720 800 25 1
717 806 1330681051351 720 800 25 1
713 815 1330681051381 720 800 25 0
711 818 1330681051411 720 800 25 0
709 819 1330681051441 720 800 25 0
710 816 1330681051471 720 800 25 0
711 815 1330681051501 720 800 25 0
712 812 1330681051531 720 800 25 1
714 808 1330681051561 720 800 25 1
714 806 1330681051591 720 800 25 1
714 806 1330681051621 720 800 25 1
714 806 1330681051651 720 800 25 1
714 806 1330681051681 720 800 25 1
714 805 1330681051711 720 800 25 1
714 805 1330681051741 720 800 25 1
714 805 1330681051771 720 800 25 1
714 805 1330681051801 720 800 25 1
714 805 1330681051831 720 800 25 1
714 805 1330681051861 720 800 25 1
714 805 1330681051891 720 800 25 1
714 805 1330681051922 720 800 25 1
714 805 1330681051951 720 800 25 1
714 805 1330681051981 720 800 25 1
714 805 1330681052011 720 800 25 1
714 805 1330681052041 720 800 25 1
714 805 1330681052071 720 800 25 1
714 805 1330681052101 720 800 25 1
714 805 1330681052131 720 800 25 1
714 805 1330681052161 720 800 25 1
714 805 1330681052191 720 800 25 1
714 805 1330681052221 720 800 25 1
714 805 1330681052251 720 800 25 1
714 805 1330681052281 720 800 25 1
714 805 1330681052311 720 800 25 1
714 805 1330681052341 720 800 25 1
714 805 1330681052371 720 800 25 1
714 805 1330681052401 720 800 25 1
714 805 1330681052431 720 800 25 1
714 805 1330681052461 720 800 25 1
714 805 1330681052491 720 800 25 1
714 805 1330681052521 720 800 25 1
714 805 1330681052551 720 800 25 1
714 805 1330681052581 1215 305 24 0
714 805 1330681052611 1215 305 24 0
714 805 1330681052641 1215 305 24 0
714 805 1330681052671 1215 305 24 0
714 805 1330681052701 1215 305 24 0
714 805 1330681052731 1215 305 24 0
714 805 1330681052761 1215 305 24 0
714 805 1330681052791 1215 305 24 0
717 798 1330681052821 1215 305 24 0
743 777 1330681052851 1215 305 24 0
780 747 1330681052881 1215 305 24 0
868 664 1330681052911 1215 305 24 0
933 598 1330681052941 1215 305 24 0
1042 487 1330681052971 1215 305 24 0
1096 436 1330681053001 1215 305 24 0
1178 371 1330681053031 1215 305 24 0
1209 343 1330681053061 1215 305 24 0
1238 313 1330681053091 1215 305 24 0
1257 308 1330681053121 1215 305 24 0
1260 315 1330681053151 1215 305 24 0
1254 317 1330681053181 1215 305 24 0
1244 307 1330681053211 1215 305 24 0
1243 301 1330681053241 1215 305 24 0
1240 297 1330681053271 1215 305 24 0
1235 295 1330681053301 1215 305 24 0
1232 291 1330681053331 1215 305 24 0
1232 290 1330681053361 1215 305 24 0
1233 294 1330681053391 1215 305 24 0
1232 298 1330681053421 1215 305 24 0
1231 299 1330681053451 1215 305 24 0
1230 300 1330681053481 1215 305 24 0
1228 301 1330681053511 1215 305 24 1
1225 303 1330681053541 1215 305 24 1
1224 303 1330681053571 1215 305 24 1
1224 303 1330681053601 1215 305 24 1
1224 303 1330681053631 1215 305 24 1
1224 303 1330681053661 1215 305 24 1
1224 303 1330681053691 1215 305 24 1
1224 303 1330681053721 1215 305 24 1
1224 303 1330681053751 1215 305 24 1
1224 303 1330681053781 1215 305 24 1
1224 303 1330681053811 1215 305 24 1
1224 303 1330681053841 1215 305 24 1
1224 303 1330681053871 1215 305 24 1
1224 303 1330681053901 1215 305 24 1
1224 303 1330681053931 1215 305 24 1
1224 303 1330681053961 1215 305 24 1
1224 303 1330681053991 1215 305 24 1
1224 303 1330681054021 1215 305 24 1
1224 303 1330681054051 1215 305 24 1
1224 303 1330681054081 1215 305 24 1
1224 303 1330681054111 1215 305 24 1
1224 303 1330681054141 1215 305 24 1
1224 303 1330681054171 1215 305 24 1
1224 303 1330681054201 1215 305 24 1
1224 303 1330681054231 1215 305 24 1
1224 303 1330681054261 1215 305 24 1
1224 303 1330681054291 1215 305 24 1
1224 303 1330681054321 1215 305 24 1
1224 303 1330681054351 1215 305 24 1
1224 303 1330681054381 1215 305 24 1
1224 303 1330681054411 1215 305 24 1
1224 303 1330681054441 1215 305 24 1
1224 303 1330681054471 1215 305 24 1
1224 303 1330681054501 1215 305 24 1
1224 303 1330681054531 720 800 24 0
1224 303 1330681054561 720 800 24 0
1224 303 1330681054591 720 800 24 0
1224 303 1330681054621 720 800 24 0
1224 303 1330681054651 720 800 24 0
1224 303 1330681054681 720 800 24 0
1224 303 1330681054711 720 800 24 0
1223 305 1330681054741 720 800 24 0
1211 317 1330681054771 720 800 24 0
1174 347 1330681054801 720 800 24 0
1115 397 1330681054831 720 800 24 0
1037 465 1330681054861 720 800 24 0
947 549 1330681054891 720 800 24 0
864 633 1330681054921 720 800 24 0
801 702 1330681054951 720 800 24 0
756 753 1330681054981 720 800 24 0
732 787 1330681055011 720 800 24 0
727 803 1330681055041 720 800 24 1
727 806 1330681055071 720 800 24 1
726 804 1330681055101 720 800 24 1
725 803 1330681055131 720 800 24 1
725 803 1330681055161 720 800 24 1
723 802 1330681055191 720 800 24 1
723 801 1330681055221 720 800 24 1
723 799 1330681055251 720 800 24 1
723 799 1330681055281 720 800 24 1
723 799 1330681055311 720 800 24 1
723 798 1330681055341 720 800 24 1
723 798 1330681055371 720 800 24 1
723 798 1330681055401 720 800 24 1
723 798 1330681055431 720 800 24 1
723 798 1330681055461 720 800 24 1
723 798 1330681055491 720 800 24 1
723 798 1330681055521 720 800 24 1
723 798 1330681055551 720 800 24 1
723 798 1330681055581 720 800 24 1
723 798 1330681055611 720 800 24 1
723 798 1330681055641 720 800 24 1
723 798 1330681055671 720 800 24 1
723 798 1330681055701 720 800 24 1
723 798 1330681055731 720 800 24 1
723 798 1330681055761 720 800 24 1
723 798 1330681055791 720 800 24 1
723 798 1330681055821 720 800 24 1
723 798 1330681055851 720 800 24 1
723 798 1330681055881 720 800 24 1
723 798 1330681055911 720 800 24 1
723 798 1330681055941 720 800 24 1
723 798 1330681055971 720 800 24 1
723 798 1330681056001 720 800 24 1
723 798 1330681056031 720 800 24 1
723 798 1330681056061 1420 800 25 0
723 798 1330681056091 1420 800 25 0
723 798 1330681056121 1420 800 25 0
723 798 1330681056151 1420 800 25 0
723 798 1330681056181 1420 800 25 0
723 798 1330681056211 1420 800 25 0
723 798 1330681056241 1420 800 25 0
724 798 1330681056271 1420 800 25 0
740 795 1330681056301 1420 800 25 0
788 786 1330681056331 1420 800 25 0
869 773 1330681056361 1420 800 25 0
980 761 1330681056391 1420 800 25 0
1105 758 1330681056421 1420 800 25 0
1219 765 1330681056451 1420 800 25 0
1313 775 1330681056481 1420 800 25 0
1369 781 1330681056511 1420 800 25 0
1383 783 1330681056541 1420 800 25 0
1384 783 1330681056571 1420 800 25 0
1379 782 1330681056601 1420 800 25 0
1379 781 1330681056631 1420 800 25 0
1391 783 1330681056661 1420 800 25 0
1407 788 1330681056691 1420 800 25 0
1414 791 1330681056721 1420 800 25 1
1415 793 1330681056751 1420 800 25 1
1414 797 1330681056781 1420 800 25 1
1415 803 1330681056811 1420 800 25 1
1417 805 1330681056841 1420 800 25 1
1417 805 1330681056871 1420 800 25 1
1417 805 1330681056901 1420 800 25 1
1416 805 1330681056931 1420 800 25 1
1416 805 1330681056961 1420 800 25 1
1416 805 1330681056991 1420 800 25 1
1416 805 1330681057021 1420 800 25 1
1416 805 1330681057051 1420 800 25 1
1416 805 1330681057081 1420 800 25 1
1416 805 1330681057111 1420 800 25 1
1416 805 1330681057141 1420 800 25 1
1416 805 1330681057171 1420 800 25 1
1416 805 1330681057201 1420 800 25 1
1416 805 1330681057231 1420 800 25 1
1416 805 1330681057261 1420 800 25 1
1416 805 1330681057291 1420 800 25 1
1416 805 1330681057321 1420 800 25 1
1416 805 1330681057351 1420 800 25 1
1416 805 1330681057381 1420 800 25 1
1416 805 1330681057411 1420 800 25 1
1416 805 1330681057441 1420 800 25 1
1416 805 1330681057471 1420 800 25 1
1416 805 1330681057501 1420 800 25 1
1416 805 1330681057531 1420 800 25 1
1416 805 1330681057561 1420 800 25 1
1416 805 1330681057591 1420 800 25 1
1416 805 1330681057621 1420 800 25 1
1416 805 1330681057651 1420 800 25 1
1416 805 1330681057681 1420 800 25 1
1416 805 1330681057711 720 800 24 0
1416 805 1330681057741 720 800 24 0
1416 805 1330681057771 720 800 24 0
1416 805 1330681057801 720 800 24 0
1416 805 1330681057831 720 800 24 0
1416 805 1330681057861 720 800 24 0
1416 805 1330681057891 720 800 24 0
1411 804 1330681057921 720 800 24 0
1369 798 1330681057951 720 800 24 0
1271 787 1330681057981 720 800 24 0
1131 777 1330681058011 720 800 24 0
980 772 1330681058041 720 800 24 0
847 774 1330681058071 720 800 24 0
756 777 1330681058101 720 800 24 0
710 775 1330681058131 720 800 24 0
702 773 1330681058161 720 800 24 0
708 774 1330681058191 720 800 24 0
720 777 1330681058221 720 800 24 0
732 783 1330681058251 720 800 24 0
741 785 1330681058281 720 800 24 0
744 787 1330681058311 720 800 24 0
742 790 1330681058341 720 800 24 0
735 794 1330681058371 720 800 24 0
725 798 1330681058401 720 800 24 1
721 799 1330681058431 720 800 24 1
720 799 1330681058461 720 800 24 1
720 799 1330681058491 720 800 24 1
720 799 1330681058521 720 800 24 1
720 799 1330681058551 720 800 24 1
721 799 1330681058581 720 800 24 1
721 799 1330681058611 720 800 24 1
721 799 1330681058641 720 800 24 1
721 799 1330681058671 720 800 24 1
721 799 1330681058701 720 800 24 1
721 799 1330681058731 720 800 24 1
721 799 1330681058761 720 800 24 1
721 799 1330681058791 720 800 24 1
721 799 1330681058821 720 800 24 1
721 799 1330681058851 720 800 24 1
721 799 1330681058881 720 800 24 1
721 799 1330681058911 720 800 24 1
721 799 1330681058941 720 800 24 1
721 799 1330681058971 720 800 24 1
721 799 1330681059001 720 800 24 1
721 799 1330681059031 720 800 24 1
721 799 1330681059061 720 800 24 1
721 799 1330681059091 720 800 24 1
721 799 1330681059121 720 800 24 1
721 799 1330681059151 720 800 24 1
721 799 1330681059181 720 800 24 1
721 799 1330681059211 720 800 24 1
721 799 1330681059241 720 800 24 1
721 799 1330681059271 720 800 24 1
721 799 1330681059301 720 800 24 1
721 799 1330681059331 720 800 24 1
721 799 1330681059361 720 800 24 1
721 799 1330681059391 720 800 24 1
721 799 1330681059421 20 800 14 0
721 799 1330681059451 20 800 14 0
721 799 1330681059481 20 800 14 0
721 799 1330681059511 20 800 14 0
721 799 1330681059541 20 800 14 0
721 799 1330681059571 20 800 14 0
721 799 1330681059601 20 800 14 0
717 797 1330681059631 20 800 14 0
705 794 1330681059661 20 800 14 0
650 797 1330681059691 20 800 14 0
589 805 1330681059721 20 800 14 0
448 816 1330681059751 20 800 14 0
361 818 1330681059781 20 800 14 0
248 814 1330681059811 20 800 14 0
197 821 1330681059841 20 800 14 0
143 845 1330681059871 20 800 14 0
128 863 1330681059901 20 800 14 0
120 891 1330681059931 20 800 14 0
120 900 1330681059961 20 800 14 0
120 900 1330681059991 20 800 14 0
117 898 1330681060021 20 800 14 0
104 877 1330681060051 20 800 14 0
95 864 1330681060081 20 800 14 0
70 853 1330681060111 20 800 14 0
49 848 1330681060141 20 800 14 0
16 838 1330681060171 20 800 14 0
1 833 1330681060201 20 800 14 0
0 830 1330681060231 20 800 14 0
0 830 1330681060261 20 800 14 0
0 829 1330681060291 20 800 14 0
2 821 1330681060321 20 800 14 0
9 812 1330681060351 20 800 14 0
16 806 1330681060381 20 800 14 0
19 802 1330681060411 20 800 14 1
19 801 1330681060441 20 800 14 1
19 800 1330681060471 20 800 14 1
19 800 1330681060501 20 800 14 1
19 800 1330681060531 20 800 14 1
19 800 1330681060561 20 800 14 1
19 800 1330681060591 20 800 14 1
19 800 1330681060621 20 800 14 1
19 800 1330681060651 20 800 14 1
19 800 1330681060681 20 800 14 1
19 800 1330681060711 20 800 14 1
19 800 1330681060741 20 800 14 1
19 800 1330681060771 20 800 14 1
19 800 1330681060801 20 800 14 1
19 800 1330681060831 20 800 14 1
19 800 1330681060861 20 800 14 1
19 800 1330681060891 20 800 14 1
19 800 1330681060921 20 800 14 1
19 800 1330681060951 20 800 14 1
19 800 1330681060981 20 800 14 1
19 800 1330681061011 20 800 14 1
19 800 1330681061041 20 800 14 1
19 800 1330681061071 20 800 14 1
19 800 1330681061101 20 800 14 1
19 800 1330681061131 20 800 14 1
19 800 1330681061161 20 800 14 1
19 800 1330681061191 20 800 14 1
19 800 1330681061221 20 800 14 1
19 800 1330681061251 20 800 14 1
19 800 1330681061281 20 800 14 1
19 800 1330681061311 20 800 14 1
19 800 1330681061341 20 800 14 1
19 800 1330681061371 20 800 14 1
19 800 1330681061401 20 800 14 1
19 800 1330681061431 720 800 15 0
19 800 1330681061461 720 800 15 0
19 800 1330681061491 720 800 15 0
19 800 1330681061521 720 800 15 0
19 800 1330681061551 720 800 15 0
19 800 1330681061581 720 800 15 0
19 800 1330681061611 720 800 15 0
22 800 1330681061641 720 800 15 0
41 799 1330681061671 720 800 15 0
88 790 1330681061701 720 800 15 0
173 776 1330681061731 720 800 15 0
286 762 1330681061761 720 800 15 0
412 755 1330681061791 720 800 15 0
536 749 1330681061821 720 800 15 0
649 740 1330681061851 720 800 15 0
742 734 1330681061881 720 800 15 0
794 734 1330681061911 720 800 15 0
803 735 1330681061941 720 800 15 0
782 743 1330681061971 720 800 15 0
758 750 1330681062001 720 800 15 0
726 760 1330681062031 720 800 15 0
716 763 1330681062061 720 800 15 0
711 768 1330681062091 720 800 15 0
711 772 1330681062121 720 800 15 0
714 778 1330681062151 720 800 15 0
719 780 1330681062181 720 800 15 0
725 783 1330681062211 720 800 15 0
727 785 1330681062241 720 800 15 0
727 785 1330681062271 720 800 15 0
727 785 1330681062301 720 800 15 0
727 785 1330681062331 720 800 15 0
727 785 1330681062361 720 800 15 0
726 787 1330681062391 720 800 15 0
725 789 1330681062421 720 800 15 0
724 793 1330681062451 720 800 15 0
724 795 1330681062481 720 800 15 0
724 796 1330681062511 720 800 15 0
724 798 1330681062541 720 800 15 1
724 800 1330681062571 720 800 15 1
724 800 1330681062601 720 800 15 1
724 800 1330681062631 720 800 15 1
724 800 1330681062661 720 800 15 1
724 799 1330681062691 720 800 15 1
723 799 1330681062721 720 800 15 1
723 799 1330681062751 720 800 15 1
723 799 1330681062781 720 800 15 1
723 799 1330681062811 720 800 15 1
723 799 1330681062841 720 800 15 1
723 799 1330681062871 720 800 15 1
723 799 1330681062901 720 800 15 1
723 799 1330681062931 720 800 15 1
723 799 1330681062961 720 800 15 1
723 799 1330681062991 720 800 15 1
723 799 1330681063021 720 800 15 1
723 799 1330681063051 720 800 15 1
723 799 1330681063081 720 800 15 1
723 799 1330681063111 720 800 15 1
723 799 1330681063141 720 800 15 1
723 799 1330681063171 720 800 15 1
723 799 1330681063201 720 800 15 1
723 799 1330681063231 720 800 15 1
723 799 1330681063261 720 800 15 1
723 799 1330681063291 720 800 15 1
723 799 1330681063321 720 800 15 1
723 799 1330681063351 720 800 15 1
723 799 1330681063381 720 800 15 1
723 799 1330681063411 720 800 15 1
723 799 1330681063441 720 800 15 1
723 799 1330681063471 720 800 15 1
723 799 1330681063501 720 800 15 1
723 799 1330681063531 225 305 14 0
723 799 1330681063561 225 305 14 0
723 799 1330681063591 225 305 14 0
723 799 1330681063621 225 305 14 0
723 799 1330681063651 225 305 14 0
723 799 1330681063681 225 305 14 0
723 799 1330681063711 225 305 14 0
723 799 1330681063741 225 305 14 0
721 797 1330681063771 225 305 14 0
709 786 1330681063801 225 305 14 0
677 758 1330681063831 225 305 14 0
622 712 1330681063861 225 305 14 0
553 649 1330681063891 225 305 14 0
473 582 1330681063921 225 305 14 0
394 531 1330681063951 225 305 14 0
332 491 1330681063981 225 305 14 0
282 447 1330681064011 225 305 14 0
253 402 1330681064041 225 305 14 0
246 368 1330681064071 225 305 14 0
244 354 1330681064101 225 305 14 0
243 346 1330681064131 225 305 14 0
247 335 1330681064161 225 305 14 0
252 329 1330681064191 225 305 14 0
249 320 1330681064221 225 305 14 0
241 310 1330681064251 225 305 14 0
236 306 1330681064281 225 305 14 0
230 303 1330681064311 225 305 14 0
228 302 1330681064341 225 305 14 1
228 301 1330681064371 225 305 14 0
227 301 1330681064401 225 305 14 1
225 300 1330681064431 225 305 14 0
225 300 1330681064461 225 305 14 0
226 301 1330681064491 225 305 14 1
226 302 1330681064521 225 305 14 1
226 305 1330681064551 225 305 14 1
225 307 1330681064581 225 305 14 1
224 308 1330681064611 225 305 14 1
223 308 1330681064641 225 305 14 1
223 308 1330681064671 225 305 14 1
223 308 1330681064701 225 305 14 1
223 308 1330681064731 225 305 14 1
223 308 1330681064761 225 305 14 1
223 308 1330681064791 225 305 14 1
223 308 1330681064821 225 305 14 1
223 308 1330681064851 225 305 14 1
223 308 1330681064881 225 305 14 1
223 308 1330681064911 225 305 14 1
223 308 1330681064941 225 305 14 1
223 308 1330681064971 225 305 14 1
223 308 1330681065001 225 305 14 1
223 308 1330681065031 225 305 14 1
223 308 1330681065061 225 305 14 1
223 308 1330681065091 225 305 14 1
223 308 1330681065121 225 305 14 1
223 308 1330681065151 225 305 14 1
223 308 1330681065181 225 305 14 1
223 308 1330681065211 225 305 14 1
223 308 1330681065241 225 305 14 1
223 308 1330681065271 225 305 14 1
223 308 1330681065301 225 305 14 1
223 308 1330681065331 225 305 14 1
223 308 1330681065361 225 305 14 1
223 308 1330681065391 225 305 14 1
223 308 1330681065421 225 305 14 1
223 308 1330681065451 225 305 14 1
223 308 1330681065481 225 305 14 1
223 308 1330681065511 720 800 15 0
223 308 1330681065541 720 800 15 0
223 308 1330681065571 720 800 15 0
223 308 1330681065601 720 800 15 0
223 308 1330681065631 720 800 15 0
223 308 1330681065661 720 800 15 0
223 308 1330681065691 720 800 15 0
225 310 1330681065721 720 800 15 0
239 322 1330681065751 720 800 15 0
277 350 1330681065781 720 800 15 0
340 399 1330681065811 720 800 15 0
422 466 1330681065841 720 800 15 0
518 542 1330681065871 720 800 15 0
607 614 1330681065901 720 800 15 0
680 670 1330681065931 720 800 15 0
737 709 1330681065961 720 800 15 0
765 736 1330681065991 720 800 15 0
769 751 1330681066021 720 800 15 0
760 757 1330681066051 720 800 15 0
746 759 1330681066081 720 800 15 0
735 764 1330681066111 720 800 15 0
730 771 1330681066141 720 800 15 0
728 775 1330681066171 720 800 15 0
725 779 1330681066201 720 800 15 0
723 780 1330681066231 720 800 15 0
723 781 1330681066261 720 800 15 0
724 782 1330681066291 720 800 15 0
722 782 1330681066321 720 800 15 0
720 787 1330681066351 720 800 15 0
719 792 1330681066381 720 800 15 0
722 795 1330681066411 720 800 15 0
727 797 1330681066441 720 800 15 0
730 798 1330681066471 720 800 15 0
729 797 1330681066501 720 800 15 0
726 796 1330681066531 720 800 15 0
725 795 1330681066561 720 800 15 0
725 794 1330681066591 720 800 15 0
725 794 1330681066621 720 800 15 0
724 794 1330681066651 720 800 15 0
724 794 1330681066681 720 800 15 0
722 796 1330681066711 720 800 15 1
721 798 1330681066741 720 800 15 1
720 801 1330681066771 720 800 15 1
721 802 1330681066801 720 800 15 1
721 803 1330681066831 720 800 15 1
721 803 1330681066861 720 800 15 1
721 803 1330681066891 720 800 15 1
721 803 1330681066921 720 800 15 1
721 803 1330681066951 720 800 15 1
721 803 1330681066981 720 800 15 1
721 803 1330681067011 720 800 15 1
721 803 1330681067041 720 800 15 1
721 803 1330681067071 720 800 15 1
721 803 1330681067101 720 800 15 1
721 803 1330681067131 720 800 15 1
721 803 1330681067161 720 800 15 1
721 803 1330681067191 720 800 15 1
721 803 1330681067221 720 800 15 1
721 803 1330681067251 720 800 15 1
721 803 1330681067281 720 800 15 1
721 803 1330681067311 720 800 15 1
721 803 1330681067341 720 800 15 1
721 803 1330681067371 720 800 15 1
721 803 1330681067401 720 800 15 1
721 803 1330681067431 720 800 15 1
721 803 1330681067461 720 800 15 1
721 803 1330681067491 720 800 15 1
721 803 1330681067521 720 800 15 1
721 803 1330681067551 720 800 15 1
721 803 1330681067581 720 800 15 1
721 803 1330681067611 720 800 15 1
721 803 1330681067641 720 800 15 1
721 803 1330681067671 720 800 15 1
721 803 1330681067701 720 800 15 1
721 803 1330681067731 720 800 15 1
721 803 1330681067761 720 100 14 0
721 803 1330681067791 720 100 14 0
721 803 1330681067821 720 100 14 0
721 803 1330681067851 720 100 14 0
721 803 1330681067881 720 100 14 0
721 803 1330681067911 720 100 14 0
721 803 1330681067941 720 100 14 0
720 803 1330681067971 720 100 14 0
715 796 1330681068001 720 100 14 0
704 772 1330681068031 720 100 14 0
695 720 1330681068061 720 100 14 0
690 636 1330681068091 720 100 14 0
682 532 1330681068121 720 100 14 0
669 423 1330681068151 720 100 14 0
661 324 1330681068181 720 100 14 0
659 235 1330681068211 720 100 14 0
667 155 1330681068241 720 100 14 0
679 93 1330681068271 720 100 14 0
680 68 1330681068301 720 100 14 0
676 63 1330681068331 720 100 14 0
677 64 1330681068361 720 100 14 0
687 71 1330681068391 720 100 14 0
703 76 1330681068421 720 100 14 0
718 79 1330681068451 720 100 14 0
729 86 1330681068481 720 100 14 0
732 98 1330681068511 720 100 14 0
730 107 1330681068541 720 100 14 0
728 111 1330681068571 720 100 14 0
723 114 1330681068601 720 100 14 0
719 115 1330681068631 720 100 14 0
719 114 1330681068661 720 100 14 0
719 110 1330681068691 720 100 14 0
719 105 1330681068721 720 100 14 0
719 101 1330681068751 720 100 14 1
719 99 1330681068781 720 100 14 1
719 99 1330681068811 720 100 14 1
719 99 1330681068841 720 100 14 1
719 99 1330681068871 720 100 14 1
719 99 1330681068901 720 100 14 1
719 99 1330681068931 720 100 14 1
719 99 1330681068961 720 100 14 1
719 99 1330681068991 720 100 14 1
719 99 1330681069021 720 100 14 1
719 99 1330681069051 720 100 14 1
719 99 1330681069081 720 100 14 1
719 99 1330681069111 720 100 14 1
719 99 1330681069141 720 100 14 1
719 99 1330681069171 720 100 14 1
719 99 1330681069201 720 100 14 1
719 99 1330681069231 720 100 14 1
719 99 1330681069261 720 100 14 1
719 99 1330681069291 720 100 14 1
719 99 1330681069321 720 100 14 1
719 99 1330681069351 720 100 14 1
719 99 1330681069381 720 100 14 1
719 99 1330681069411 720 100 14 1
719 99 1330681069441 720 100 14 1
719 99 1330681069471 720 100 14 1
719 99 1330681069501 720 100 14 1
719 99 1330681069531 720 100 14 1
719 99 1330681069561 720 100 14 1
719 99 1330681069591 720 100 14 1
719 99 1330681069621 720 100 14 1
719 99 1330681069651 720 100 14 1
719 99 1330681069681 720 100 14 1
719 99 1330681069711 720 100 14 1
719 99 1330681069741 720 100 14 1
719 99 1330681069771 720 800 15 0
719 99 1330681069801 720 800 15 0
719 99 1330681069831 720 800 15 0
719 99 1330681069861 720 800 15 0
719 99 1330681069891 720 800 15 0
719 99 1330681069921 720 800 15 0
719 99 1330681069951 720 800 15 0
719 100 1330681069981 720 800 15 0
721 108 1330681070011 720 800 15 0
723 138 1330681070041 720 800 15 0
724 197 1330681070071 720 800 15 0
724 283 1330681070101 720 800 15 0
729 390 1330681070131 720 800 15 0
737 502 1330681070161 720 800 15 0
738 605 1330681070191 720 800 15 0
735 689 1330681070221 720 800 15 0
729 748 1330681070251 720 800 15 0
722 783 1330681070281 720 800 15 0
720 801 1330681070311 720 800 15 1
719 808 1330681070341 720 800 15 0
716 806 1330681070371 720 800 15 0
714 803 1330681070401 720 800 15 0
716 803 1330681070431 720 800 15 1
719 805 1330681070461 720 800 15 0
720 806 1330681070491 720 800 15 0
720 806 1330681070521 720 800 15 0
720 806 1330681070551 720 800 15 0
720 806 1330681070581 720 800 15 0
719 804 1330681070611 720 800 15 1
719 801 1330681070641 720 800 15 1
719 801 1330681070671 720 800 15 1
719 801 1330681070701 720 800 15 1
719 801 1330681070731 720 800 15 1
719 801 1330681070761 720 800 15 1
719 801 1330681070791 720 800 15 1
719 802 1330681070821 720 800 15 1
719 802 1330681070851 720 800 15 1
719 802 1330681070881 720 800 15 1
719 802 1330681070911 720 800 15 1
719 802 1330681070941 720 800 15 1
719 802 1330681070971 720 800 15 1
719 802 1330681071001 720 800 15 1
719 802 1330681071031 720 800 15 1
719 802 1330681071061 720 800 15 1
719 802 1330681071091 720 800 15 1
719 802 1330681071121 720 800 15 1
719 802 1330681071151 720 800 15 1
719 802 1330681071181 720 800 15 1
719 802 1330681071211 720 800 15 1
719 802 1330681071241 720 800 15 1
719 802 1330681071271 720 800 15 1
719 802 1330681071301 720 800 15 1
719 802 1330681071331 720 800 15 1
719 802 1330681071361 720 800 15 1
719 802 1330681071391 720 800 15 1
719 802 1330681071421 720 800 15 1
719 802 1330681071451 720 800 15 1
719 802 1330681071481 720 800 15 1
719 802 1330681071511 720 800 15 1
719 802 1330681071541 720 800 15 1
719 802 1330681071571 720 800 15 1
719 802 1330681071601 720 800 15 1
719 802 1330681071631 1215 305 14 0
719 802 1330681071661 1215 305 14 0
719 802 1330681071691 1215 305 14 0
719 802 1330681071721 1215 305 14 0
719 802 1330681071751 1215 305 14 0
719 802 1330681071781 1215 305 14 0
719 802 1330681071811 1215 305 14 0
719 802 1330681071841 1215 305 14 0
719 802 1330681071871 1215 305 14 0
719 799 1330681071901 1215 305 14 0
735 781 1330681071931 1215 305 14 0
782 738 1330681071961 1215 305 14 0
857 666 1330681071991 1215 305 14 0
939 582 1330681072021 1215 305 14 0
1037 488 1330681072051 1215 305 14 0
1122 404 1330681072081 1215 305 14 0
1190 338 1330681072111 1215 305 14 0
1238 290 1330681072141 1215 305 14 0
1259 270 1330681072171 1215 305 14 0
1259 271 1330681072201 1215 305 14 0
1245 282 1330681072231 1215 305 14 0
1225 291 1330681072261 1215 305 14 0
1213 296 1330681072291 1215 305 14 0
1210 298 1330681072321 1215 305 14 0
1210 299 1330681072351 1215 305 14 0
1212 299 1330681072381 1215 305 14 0
1216 299 1330681072411 1215 305 14 0
1216 299 1330681072441 1215 305 14 0
1216 299 1330681072471 1215 305 14 0
1217 301 1330681072501 1215 305 14 1
1217 301 1330681072531 1215 305 14 1
1217 301 1330681072561 1215 305 14 1
1217 301 1330681072591 1215 305 14 1
1217 301 1330681072621 1215 305 14 1
1216 302 1330681072651 1215 305 14 1
1216 302 1330681072681 1215 305 14 1
1216 302 1330681072711 1215 305 14 1
1216 302 1330681072741 1215 305 14 1
1216 302 1330681072771 1215 305 14 1
1216 302 1330681072801 1215 305 14 1
1216 302 1330681072831 1215 305 14 1
1216 302 1330681072861 1215 305 14 1
1216 302 1330681072891 1215 305 14 1
1216 302 1330681072921 1215 305 14 1
1216 302 1330681072951 1215 305 14 1
1217 302 1330681072981 1215 305 14 1
1217 302 1330681073011 1215 305 14 1
1217 302 1330681073041 1215 305 14 1
1217 302 1330681073071 1215 305 14 1
1217 302 1330681073101 1215 305 14 1
1217 302 1330681073131 1215 305 14 1
1217 302 1330681073161 1215 305 14 1
1217 302 1330681073191 1215 305 14 1
1217 302 1330681073221 1215 305 14 1
1217 302 1330681073251 1215 305 14 1
1217 302 1330681073281 1215 305 14 1
1217 302 1330681073311 1215 305 14 1
1217 302 1330681073341 1215 305 14 1
1217 302 1330681073371 1215 305 14 1
1217 302 1330681073401 1215 305 14 1
1217 302 1330681073431 1215 305 14 1
1217 302 1330681073461 1215 305 14 1
1217 302 1330681073491 1215 305 14 1
1217 302 1330681073521 1215 305 14 1
1217 302 1330681073551 720 800 14 0
1217 302 1330681073581 720 800 14 0
1217 302 1330681073611 720 800 14 0
1217 302 1330681073641 720 800 14 0
1217 302 1330681073671 720 800 14 0
1217 302 1330681073701 720 800 14 0
1217 302 1330681073731 720 800 14 0
1215 304 1330681073761 720 800 14 0
1198 320 1330681073791 720 800 14 0
1176 339 1330681073821 720 800 14 0
1110 395 1330681073851 720 800 14 0
1054 444 1330681073881 720 800 14 0
946 543 1330681073911 720 800 14 0
878 605 1330681073941 720 800 14 0
775 704 1330681073971 720 800 14 0
729 750 1330681074001 720 800 14 0
682 796 1330681074031 720 800 14 0
673 805 1330681074061 720 800 14 0
675 806 1330681074091 720 800 14 0
688 803 1330681074121 720 800 14 0
697 799 1330681074151 720 800 14 0
706 794 1330681074181 720 800 14 0
709 793 1330681074211 720 800 14 0
709 793 1330681074241 720 800 14 0
709 793 1330681074271 720 800 14 0
708 793 1330681074301 720 800 14 0
707 792 1330681074331 720 800 14 0
708 793 1330681074361 720 800 14 0
709 794 1330681074391 720 800 14 0
710 795 1330681074421 720 800 14 0
711 797 1330681074451 720 800 14 0
714 800 1330681074481 720 800 14 0
716 801 1330681074511 720 800 14 1
717 801 1330681074541 720 800 14 1
718 799 1330681074571 720 800 14 1
719 799 1330681074601 720 800 14 1
719 799 1330681074631 720 800 14 1
719 799 1330681074661 720 800 14 1
719 799 1330681074691 720 800 14 1
719 799 1330681074721 720 800 14 1
719 799 1330681074751 720 800 14 1
719 799 1330681074781 720 800 14 1
719 799 1330681074811 720 800 14 1
719 799 1330681074841 720 800 14 1
719 799 1330681074871 720 800 14 1
719 799 1330681074901 720 800 14 1
719 799 1330681074931 720 800 14 1
719 799 1330681074961 720 800 14 1
719 799 1330681074991 720 800 14 1
719 799 1330681075021 720 800 14 1
719 799 1330681075051 720 800 14 1
719 799 1330681075081 720 800 14 1
719 799 1330681075111 720 800 14 1
719 799 1330681075141 720 800 14 1
719 799 1330681075171 720 800 14 1
719 799 1330681075201 720 800 14 1
719 799 1330681075231 720 800 14 1
719 799 1330681075261 720 800 14 1
719 799 1330681075291 720 800 14 1
719 799 1330681075321 720 800 14 1
719 799 1330681075351 720 800 14 1
719 799 1330681075381 720 800 14 1
719 799 1330681075411 720 800 14 1
719 799 1330681075441 720 800 14 1
719 799 1330681075471 720 800 14 1
719 799 1330681075501 720 800 14 1
719 799 1330681075531 720 800 14 1
719 799 1330681075561 1420 800 15 0
719 799 1330681075591 1420 800 15 0
719 799 1330681075621 1420 800 15 0
719 800 1330681075651 1420 800 15 0
718 800 1330681075681 1420 800 15 0
718 800 1330681075711 1420 800 15 0
718 800 1330681075741 1420 800 15 0
718 800 1330681075771 1420 800 15 0
723 801 1330681075801 1420 800 15 0
772 791 1330681075831 1420 800 15 0
835 780 1330681075861 1420 800 15 0
967 768 1330681075891 1420 800 15 0
1055 770 1330681075921 1420 800 15 0
1188 790 1330681075951 1420 800 15 0
1249 806 1330681075981 1420 800 15 0
1319 829 1330681076011 1420 800 15 0
1341 839 1330681076041 1420 800 15 0
1354 845 1330681076071 1420 800 15 0
1354 845 1330681076101 1420 800 15 0
1354 836 1330681076131 1420 800 15 0
1359 829 1330681076161 1420 800 15 0
1373 821 1330681076191 1420 800 15 0
1381 817 1330681076221 1420 800 15 0
1397 808 1330681076251 1420 800 15 0
1408 803 1330681076281 1420 800 15 0
1423 798 1330681076311 1420 800 15 1
1427 798 1330681076341 1420 800 15 0
1429 798 1330681076371 1420 800 15 0
1429 798 1330681076401 1420 800 15 0
1430 797 1330681076431 1420 800 15 0
1430 797 1330681076461 1420 800 15 0
1430 797 1330681076491 1420 800 15 0
1430 797 1330681076521 1420 800 15 0
1429 797 1330681076551 1420 800 15 0
1426 798 1330681076581 1420 800 15 0
1425 798 1330681076611 1420 800 15 0
1424 798 1330681076641 1420 800 15 1
1424 798 1330681076671 1420 800 15 1
1423 799 1330681076701 1420 800 15 1
1423 799 1330681076731 1420 800 15 1
1423 800 1330681076761 1420 800 15 1
1423 800 1330681076791 1420 800 15 1
1423 800 1330681076821 1420 800 15 1
1423 800 1330681076851 1420 800 15 1
1423 800 1330681076881 1420 800 15 1
1423 800 1330681076911 1420 800 15 1
1423 800 1330681076941 1420 800 15 1
1423 800 1330681076971 1420 800 15 1
1423 800 1330681077001 1420 800 15 1
1423 800 1330681077031 1420 800 15 1
1423 800 1330681077061 1420 800 15 1
1423 800 1330681077091 1420 800 15 1
1423 800 1330681077121 1420 800 15 1
1423 800 1330681077151 1420 800 15 1
1423 800 1330681077181 1420 800 15 1
1423 800 1330681077211 1420 800 15 1
1423 800 1330681077241 1420 800 15 1
1423 800 1330681077271 1420 800 15 1
1423 800 1330681077301 1420 800 15 1
1423 800 1330681077331 1420 800 15 1
1423 800 1330681077361 1420 800 15 1
1423 800 1330681077391 1420 800 15 1
1423 800 1330681077421 1420 800 15 1
1423 800 1330681077451 1420 800 15 1
1423 800 1330681077481 1420 800 15 1
1423 800 1330681077511 1420 800 15 1
1423 800 1330681077541 1420 800 15 1
1423 800 1330681077571 1420 800 15 1
1423 800 1330681077601 1420 800 15 1
1423 800 1330681077631 1420 800 15 1
1423 800 1330681077661 720 800 14 0
1423 800 1330681077691 720 800 14 0
1423 800 1330681077721 720 800 14 0
1423 800 1330681077751 720 800 14 0
1423 800 1330681077781 720 800 14 0
1423 800 1330681077811 720 800 14 0
1423 800 1330681077841 720 800 14 0
1419 799 1330681077871 720 800 14 0
1389 793 1330681077901 720 800 14 0
1315 781 1330681077931 720 800 14 0
1202 770 1330681077961 720 800 14 0
1075 767 1330681077991 720 800 14 0
950 774 1330681078021 720 800 14 0
846 778 1330681078051 720 800 14 0
770 783 1330681078081 720 800 14 0
725 787 1330681078111 720 800 14 0
711 788 1330681078141 720 800 14 0
709 789 1330681078171 720 800 14 0
712 790 1330681078201 720 800 14 0
713 790 1330681078231 720 800 14 0
713 790 1330681078261 720 800 14 0
715 791 1330681078291 720 800 14 0
717 793 1330681078321 720 800 14 0
722 799 1330681078351 720 800 14 1
725 803 1330681078381 720 800 14 0
726 806 1330681078411 720 800 14 0
725 806 1330681078441 720 800 14 0
721 804 1330681078471 720 800 14 1
719 803 1330681078501 720 800 14 1
718 801 1330681078531 720 800 14 1
718 801 1330681078561 720 800 14 1
718 801 1330681078591 720 800 14 1
718 801 1330681078621 720 800 14 1
718 801 1330681078651 720 800 14 1
719 801 1330681078681 720 800 14 1
719 801 1330681078711 720 800 14 1
719 801 1330681078741 720 800 14 1
719 801 1330681078771 720 800 14 1
719 801 1330681078801 720 800 14 1
719 801 1330681078831 720 800 14 1
719 801 1330681078861 720 800 14 1
719 801 1330681078891 720 800 14 1
719 801 1330681078921 720 800 14 1
719 801 1330681078951 720 800 14 1
719 801 1330681078981 720 800 14 1
719 801 1330681079011 720 800 14 1
719 801 1330681079041 720 800 14 1
719 801 1330681079071 720 800 14 1
719 801 1330681079101 720 800 14 1
719 801 1330681079131 720 800 14 1
719 801 1330681079161 720 800 14 1
719 801 1330681079191 720 800 14 1
719 801 1330681079221 720 800 14 1
719 801 1330681079251 720 800 14 1
719 801 1330681079281 720 800 14 1
719 801 1330681079311 720 800 14 1
719 801 1330681079341 720 800 14 1
719 801 1330681079371 720 800 14 1
719 801 1330681079401 720 800 14 1
719 801 1330681079431 720 800 14 1
719 801 1330681079461 720 800 14 1
719 801 1330681079491 720 800 14 1
719 801 1330681079521 170 800 42 0
719 801 1330681079551 170 800 42 0
719 801 1330681079581 170 800 42 0
719 801 1330681079611 170 800 42 0
719 801 1330681079641 170 800 42 0
719 801 1330681079671 170 800 42 0
719 801 1330681079701 170 800 42 0
715 798 1330681079731 170 800 42 0
692 795 1330681079761 170 800 42 0
629 795 1330681079791 170 800 42 0
528 806 1330681079821 170 800 42 0
414 828 1330681079851 170 800 42 0
311 849 1330681079881 170 800 42 0
237 854 1330681079911 170 800 42 0
193 848 1330681079941 170 800 42 0
173 838 1330681079971 170 800 42 0
170 832 1330681080001 170 800 42 1
176 828 1330681080031 170 800 42 1
182 826 1330681080061 170 800 42 1
190 822 1330681080091 170 800 42 1
202 814 1330681080121 170 800 42 0
214 804 1330681080151 170 800 42 0
217 801 1330681080181 170 800 42 0
215 802 1330681080211 170 800 42 0
209 805 1330681080241 170 800 42 0
201 808 1330681080271 170 800 42 1
195 808 1330681080301 170 800 42 1
192 808 1330681080331 170 800 42 1
192 808 1330681080361 170 800 42 1
192 808 1330681080391 170 800 42 1
192 808 1330681080421 170 800 42 1
192 808 1330681080451 170 800 42 1
193 808 1330681080481 170 800 42 1
193 808 1330681080511 170 800 42 1
193 808 1330681080541 170 800 42 1
193 808 1330681080571 170 800 42 1
193 808 1330681080601 170 800 42 1
193 808 1330681080631 170 800 42 1
193 808 1330681080661 170 800 42 1
193 808 1330681080691 170 800 42 1
193 808 1330681080721 170 800 42 1
193 808 1330681080751 170 800 42 1
193 808 1330681080781 170 800 42 1
193 808 1330681080811 170 800 42 1
193 808 1330681080841 170 800 42 1
193 808 1330681080871 170 800 42 1
193 808 1330681080901 170 800 42 1
193 808 1330681080931 170 800 42 1
193 808 1330681080961 170 800 42 1
193 808 1330681080991 170 800 42 1
193 809 1330681081021 170 800 42 1
193 809 1330681081051 170 800 42 1
193 809 1330681081081 170 800 42 1
193 809 1330681081111 170 800 42 1
193 809 1330681081141 170 800 42 1
193 809 1330681081171 170 800 42 1
193 809 1330681081201 170 800 42 1
193 809 1330681081231 170 800 42 1
193 809 1330681081261 170 800 42 1
193 809 1330681081291 170 800 42 1
193 809 1330681081321 720 800 46 0
193 809 1330681081351 720 800 46 0
193 809 1330681081381 720 800 46 0
193 809 1330681081411 720 800 46 0
193 809 1330681081441 720 800 46 0
193 809 1330681081471 720 800 46 0
195 808 1330681081501 720 800 46 0
208 808 1330681081531 720 800 46 0
239 807 1330681081561 720 800 46 0
298 800 1330681081591 720 800 46 0
386 790 1330681081621 720 800 46 0
488 780 1330681081651 720 800 46 0
582 773 1330681081681 720 800 46 0
661 767 1330681081711 720 800 46 0
719 768 1330681081741 720 800 46 1
757 771 1330681081771 720 800 46 0
778 773 1330681081801 720 800 46 0
788 775 1330681081831 720 800 46 0
789 778 1330681081861 720 800 46 0
783 781 1330681081891 720 800 46 0
777 783 1330681081921 720 800 46 0
766 787 1330681081951 720 800 46 0
753 792 1330681081981 720 800 46 1
747 793 1330681082011 720 800 46 1
745 793 1330681082041 720 800 46 1
745 793 1330681082071 720 800 46 1
745 793 1330681082101 720 800 46 1
745 793 1330681082131 720 800 46 1
745 793 1330681082161 720 800 46 1
745 793 1330681082191 720 800 46 1
745 793 1330681082221 720 800 46 1
745 793 1330681082251 720 800 46 1
745 793 1330681082281 720 800 46 1
745 793 1330681082311 720 800 46 1
745 793 1330681082341 720 800 46 1
745 793 1330681082371 720 800 46 1
745 793 1330681082401 720 800 46 1
745 793 1330681082431 720 800 46 1
745 793 1330681082461 720 800 46 1
745 793 1330681082491 720 800 46 1
745 793 1330681082521 720 800 46 1
745 793 1330681082551 720 800 46 1
745 793 1330681082581 720 800 46 1
745 793 1330681082611 720 800 46 1
745 793 1330681082641 720 800 46 1
745 793 1330681082671 720 800 46 1
745 793 1330681082701 720 800 46 1
745 793 1330681082731 720 800 46 1
745 793 1330681082761 720 800 46 1
745 793 1330681082791 720 800 46 1
745 793 1330681082821 720 800 46 1
745 793 1330681082851 720 800 46 1
745 793 1330681082881 720 800 46 1
745 793 1330681082911 720 800 46 1
745 793 1330681082941 720 800 46 1
745 793 1330681082971 720 800 46 1
745 793 1330681083001 331 467 37 0
745 793 1330681083031 331 467 37 0
745 793 1330681083061 331 467 37 0
745 793 1330681083091 331 467 37 0
745 793 1330681083121 331 467 37 0
745 793 1330681083151 331 467 37 0
745 793 1330681083181 331 467 37 0
737 789 1330681083211 331 467 37 0
720 781 1330681083241 331 467 37 0
667 749 1330681083271 331 467 37 0
626 719 1330681083301 331 467 37 0
575 671 1330681083331 331 467 37 0
535 622 1330681083361 331 467 37 0
505 587 1330681083391 331 467 37 0
482 566 1330681083421 331 467 37 0
464 549 1330681083451 331 467 37 0
448 538 1330681083481 331 467 37 0
428 537 1330681083511 331 467 37 0
406 534 1330681083541 331 467 37 0
392 526 1330681083571 331 467 37 0
384 518 1330681083601 331 467 37 0
379 505 1330681083631 331 467 37 0
374 489 1330681083661 331 467 37 0
369 480 1330681083691 331 467 37 0
360 475 1330681083721 331 467 37 0
354 472 1330681083751 331 467 37 1
352 471 1330681083781 331 467 37 1
350 470 1330681083811 331 467 37 1
348 469 1330681083841 331 467 37 1
347 468 1330681083871 331 467 37 1
347 468 1330681083901 331 467 37 1
347 468 1330681083931 331 467 37 1
347 468 1330681083961 331 467 37 1
347 468 1330681083991 331 467 37 1
347 468 1330681084021 331 467 37 1
347 468 1330681084051 331 467 37 1
347 468 1330681084081 331 467 37 1
347 468 1330681084111 331 467 37 1
347 468 1330681084141 331 467 37 1
347 468 1330681084171 331 467 37 1
347 468 1330681084201 331 467 37 1
347 468 1330681084231 331 467 37 1
347 468 1330681084261 331 467 37 1
347 468 1330681084291 331 467 37 1
347 468 1330681084321 331 467 37 1
347 468 1330681084351 331 467 37 1
347 468 1330681084381 331 467 37 1
347 468 1330681084411 331 467 37 1
347 468 1330681084441 331 467 37 1
347 468 1330681084471 331 467 37 1
347 468 1330681084501 331 467 37 1
347 468 1330681084531 331 467 37 1
347 468 1330681084561 331 467 37 1
347 468 1330681084591 331 467 37 1
347 468 1330681084621 331 467 37 1
347 468 1330681084651 331 467 37 1
347 468 1330681084681 331 467 37 1
347 468 1330681084711 331 467 37 1
347 468 1330681084741 331 467 37 1
347 468 1330681084771 720 800 44 0
347 468 1330681084801 720 800 44 0
347 468 1330681084831 720 800 44 0
347 468 1330681084861 720 800 44 0
347 468 1330681084891 720 800 44 0
347 468 1330681084921 720 800 44 0
352 473 1330681084951 720 800 44 0
372 489 1330681084981 720 800 44 0
413 519 1330681085011 720 800 44 0
477 562 1330681085041 720 800 44 0
556 619 1330681085071 720 800 44 0
613 666 1330681085101 720 800 44 0
692 731 1330681085131 720 800 44 0
729 758 1330681085161 720 800 44 0
751 787 1330681085191 720 800 44 1
748 795 1330681085221 720 800 44 1
729 796 1330681085251 720 800 44 1
719 793 1330681085281 720 800 44 1
715 791 1330681085311 720 800 44 1
716 793 1330681085341 720 800 44 1
716 793 1330681085371 720 800 44 1
717 793 1330681085401 720 800 44 1
717 793 1330681085431 720 800 44 1
717 793 1330681085461 720 800 44 1
717 792 1330681085491 720 800 44 1
717 792 1330681085521 720 800 44 1
717 792 1330681085551 720 800 44 1
717 792 1330681085581 720 800 44 1
717 792 1330681085611 720 800 44 1
717 792 1330681085641 720 800 44 1
717 792 1330681085671 720 800 44 1
717 792 1330681085701 720 800 44 1
717 792 1330681085731 720 800 44 1
717 792 1330681085761 720 800 44 1
717 792 1330681085791 720 800 44 1
717 792 1330681085821 720 800 44 1
717 792 1330681085851 720 800 44 1
717 792 1330681085881 720 800 44 1
717 792 1330681085911 720 800 44 1
717 792 1330681085941 720 800 44 1
717 792 1330681085971 720 800 44 1
717 792 1330681086001 720 800 44 1
717 792 1330681086031 720 800 44 1
717 792 1330681086061 720 800 44 1
717 792 1330681086091 720 800 44 1
717 792 1330681086121 720 800 44 1
717 792 1330681086151 720 800 44 1
717 792 1330681086181 720 800 44 1
717 792 1330681086211 720 800 44 1
717 792 1330681086241 720 250 41 0
717 792 1330681086271 720 250 41 0
717 792 1330681086301 720 250 41 0
717 792 1330681086331 720 250 41 0
717 792 1330681086361 720 250 41 0
717 792 1330681086391 720 250 41 0
717 792 1330681086421 720 250 41 0
713 784 1330681086451 720 250 41 0
703 757 1330681086481 720 250 41 0
695 707 1330681086511 720 250 41 0
694 634 1330681086541 720 250 41 0
693 541 1330681086571 720 250 41 0
691 454 1330681086601 720 250 41 0
699 393 1330681086631 720 250 41 0
709 344 1330681086661 720 250 41 0
715 305 1330681086691 720 250 41 0
719 287 1330681086721 720 250 41 0
722 285 1330681086751 720 250 41 0
722 285 1330681086781 720 250 41 0
722 285 1330681086811 720 250 41 0
722 285 1330681086841 720 250 41 0
722 285 1330681086871 720 250 41 0
722 281 1330681086901 720 250 41 1
721 278 1330681086931 720 250 41 1
720 277 1330681086961 720 250 41 1
720 276 1330681086991 720 250 41 1
720 276 1330681087021 720 250 41 1
720 276 1330681087051 720 250 41 1
720 276 1330681087081 720 250 41 1
720 276 1330681087111 720 250 41 1
720 276 1330681087141 720 250 41 1
720 276 1330681087171 720 250 41 1
720 276 1330681087201 720 250 41 1
720 276 1330681087231 720 250 41 1
720 276 1330681087261 720 250 41 1
720 276 1330681087291 720 250 41 1
720 276 1330681087321 720 250 41 1
720 276 1330681087351 720 250 41 1
720 276 1330681087381 720 250 41 1
720 276 1330681087411 720 250 41 1
720 276 1330681087441 720 250 41 1
720 276 1330681087471 720 250 41 1
720 276 1330681087501 720 250 41 1
720 276 1330681087531 720 250 41 1
720 276 1330681087561 720 250 41 1
720 276 1330681087591 720 250 41 1
720 276 1330681087621 720 250 41 1
720 276 1330681087651 720 250 41 1
720 276 1330681087681 720 250 41 1
720 276 1330681087711 720 250 41 1
720 276 1330681087741 720 250 41 1
720 276 1330681087771 720 250 41 1
720 276 1330681087801 720 250 41 1
720 276 1330681087831 720 250 41 1
720 276 1330681087861 720 250 41 1
720 276 1330681087891 720 250 41 1
720 276 1330681087921 720 250 41 1
720 276 1330681087951 720 800 46 0
720 276 1330681087981 720 800 46 0
720 276 1330681088011 720 800 46 0
720 276 1330681088041 720 800 46 0
720 276 1330681088071 720 800 46 0
720 276 1330681088101 720 800 46 0
720 276 1330681088131 720 800 46 0
723 293 1330681088161 720 800 46 0
723 346 1330681088191 720 800 46 0
719 433 1330681088221 720 800 46 0
719 532 1330681088251 720 800 46 0
720 631 1330681088281 720 800 46 0
718 718 1330681088311 720 800 46 0
715 782 1330681088341 720 800 46 1
710 812 1330681088371 720 800 46 1
709 820 1330681088401 720 800 46 1
710 820 1330681088431 720 800 46 1
711 816 1330681088461 720 800 46 1
713 811 1330681088491 720 800 46 1
714 810 1330681088521 720 800 46 1
715 811 1330681088551 720 800 46 1
715 811 1330681088581 720 800 46 1
715 811 1330681088611 720 800 46 1
715 810 1330681088641 720 800 46 1
715 810 1330681088671 720 800 46 1
715 810 1330681088701 720 800 46 1
715 810 1330681088731 720 800 46 1
715 811 1330681088761 720 800 46 1
715 811 1330681088791 720 800 46 1
715 811 1330681088821 720 800 46 1
715 811 1330681088851 720 800 46 1
715 811 1330681088881 720 800 46 1
715 811 1330681088911 720 800 46 1
715 811 1330681088941 720 800 46 1
715 811 1330681088971 720 800 46 1
715 811 1330681089001 720 800 46 1
715 811 1330681089031 720 800 46 1
715 811 1330681089061 720 800 46 1
715 811 1330681089091 720 800 46 1
715 811 1330681089121 720 800 46 1
715 811 1330681089151 720 800 46 1
715 811 1330681089181 720 800 46 1
715 811 1330681089211 720 800 46 1
715 811 1330681089241 720 800 46 1
715 811 1330681089271 720 800 46 1
715 811 1330681089301 720 800 46 1
715 811 1330681089331 720 800 46 1
715 811 1330681089361 1109 467 42 0
715 811 1330681089391 1109 467 42 0
715 811 1330681089421 1109 467 42 0
715 811 1330681089451 1109 467 42 0
715 811 1330681089481 1109 467 42 0
715 811 1330681089511 1109 467 42 0
715 811 1330681089541 1109 467 42 0
715 811 1330681089571 1109 467 42 0
715 810 1330681089601 1109 467 42 0
720 805 1330681089631 1109 467 42 0
735 792 1330681089661 1109 467 42 0
785 748 1330681089691 1109 467 42 0
825 709 1330681089721 1109 467 42 0
888 644 1330681089751 1109 467 42 0
924 602 1330681089781 1109 467 42 0
992 535 1330681089811 1109 467 42 0
1027 502 1330681089841 1109 467 42 0
1062 470 1330681089871 1109 467 42 0
1076 462 1330681089901 1109 467 42 0
1081 460 1330681089931 1109 467 42 1
1084 459 1330681089961 1109 467 42 1
1095 457 1330681089991 1109 467 42 1
1099 456 1330681090021 1109 467 42 1
1103 456 1330681090051 1109 467 42 1
1104 457 1330681090081 1109 467 42 1
1105 457 1330681090111 1109 467 42 1
1104 457 1330681090141 1109 467 42 1
1104 457 1330681090171 1109 467 42 1
1104 457 1330681090201 1109 467 42 1
1104 456 1330681090231 1109 467 42 1
1104 455 1330681090261 1109 467 42 1
1104 455 1330681090291 1109 467 42 1
1104 455 1330681090321 1109 467 42 1
1104 455 1330681090351 1109 467 42 1
1104 455 1330681090381 1109 467 42 1
1104 455 1330681090411 1109 467 42 1
1104 455 1330681090441 1109 467 42 1
1104 455 1330681090471 1109 467 42 1
1104 455 1330681090501 1109 467 42 1
1104 455 1330681090531 1109 467 42 1
1104 455 1330681090561 1109 467 42 1
1104 455 1330681090591 1109 467 42 1
1104 455 1330681090621 1109 467 42 1
1104 455 1330681090651 1109 467 42 1
1104 455 1330681090681 1109 467 42 1
1104 455 1330681090711 1109 467 42 1
1104 455 1330681090741 1109 467 42 1
1104 455 1330681090771 1109 467 42 1
1104 455 1330681090801 1109 467 42 1
1104 455 1330681090831 1109 467 42 1
1104 455 1330681090861 1109 467 42 1
1104 455 1330681090891 1109 467 42 1
1104 455 1330681090921 720 800 41 0
1104 455 1330681090951 720 800 41 0
1104 455 1330681090981 720 800 41 0
1104 455 1330681091011 720 800 41 0
1104 455 1330681091041 720 800 41 0
1104 456 1330681091071 720 800 41 0
1103 458 1330681091101 720 800 41 0
1093 466 1330681091131 720 800 41 0
1061 489 1330681091161 720 800 41 0
1002 530 1330681091191 720 800 41 0
925 589 1330681091221 720 800 41 0
850 659 1330681091251 720 800 41 0
790 726 1330681091281 720 800 41 0
752 775 1330681091311 720 800 41 0
737 798 1330681091341 720 800 41 1
735 803 1330681091371 720 800 41 1
736 802 1330681091401 720 800 41 1
740 798 1330681091431 720 800 41 1
742 794 1330681091461 720 800 41 1
740 793 1330681091491 720 800 41 1
740 792 1330681091521 720 800 41 1
740 792 1330681091551 720 800 41 1
740 792 1330681091581 720 800 41 1
740 792 1330681091611 720 800 41 1
740 792 1330681091641 720 800 41 1
740 792 1330681091671 720 800 41 1
740 792 1330681091701 720 800 41 1
740 792 1330681091731 720 800 41 1
740 792 1330681091761 720 800 41 1
740 792 1330681091791 720 800 41 1
740 792 1330681091821 720 800 41 1
740 792 1330681091851 720 800 41 1
740 792 1330681091881 720 800 41 1
740 792 1330681091911 720 800 41 1
740 793 1330681091941 720 800 41 1
740 793 1330681091971 720 800 41 1
740 793 1330681092001 720 800 41 1
740 793 1330681092031 720 800 41 1
740 793 1330681092061 720 800 41 1
740 793 1330681092091 720 800 41 1
740 793 1330681092121 720 800 41 1
740 793 1330681092151 720 800 41 1
740 793 1330681092181 720 800 41 1
740 793 1330681092211 720 800 41 1
740 793 1330681092241 720 800 41 1
740 793 1330681092271 720 800 41 1
740 793 1330681092301 720 800 41 1
740 793 1330681092331 720 800 41 1
740 793 1330681092361 1270 800 46 0
740 793 1330681092391 1270 800 46 0
740 793 1330681092421 1270 800 46 0
740 793 1330681092451 1270 800 46 0
740 793 1330681092481 1270 800 46 0
740 793 1330681092511 1270 800 46 0
744 793 1330681092541 1270 800 46 0
774 790 1330681092571 1270 800 46 0
841 779 1330681092601 1270 800 46 0
933 772 1330681092631 1270 800 46 0
1034 773 1330681092661 1270 800 46 0
1124 782 1330681092691 1270 800 46 0
1192 792 1330681092721 1270 800 46 0
1234 796 1330681092751 1270 800 46 1
1246 798 1330681092781 1270 800 46 1
1246 798 1330681092811 1270 800 46 1
1247 798 1330681092841 1270 800 46 1
1250 797 1330681092871 1270 800 46 1
1253 797 1330681092901 1270 800 46 1
1256 798 1330681092931 1270 800 46 1
1256 798 1330681092961 1270 800 46 1
1256 798 1330681092991 1270 800 46 1
1256 798 1330681093021 1270 800 46 1
1256 798 1330681093051 1270 800 46 1
1256 798 1330681093081 1270 800 46 1
1256 798 1330681093111 1270 800 46 1
1256 798 1330681093141 1270 800 46 1
1256 798 1330681093171 1270 800 46 1
1256 798 1330681093201 1270 800 46 1
1256 798 1330681093231 1270 800 46 1
1256 798 1330681093261 1270 800 46 1
1256 798 1330681093291 1270 800 46 1
1256 798 1330681093321 1270 800 46 1
1256 798 1330681093351 1270 800 46 1
1256 798 1330681093381 1270 800 46 1
1256 798 1330681093411 1270 800 46 1
1256 798 1330681093441 1270 800 46 1
1256 798 1330681093471 1270 800 46 1
1256 798 1330681093501 1270 800 46 1
1256 798 1330681093531 1270 800 46 1
1256 798 1330681093561 1270 800 46 1
1256 798 1330681093591 1270 800 46 1
1256 798 1330681093621 1270 800 46 1
1256 798 1330681093651 1270 800 46 1
1256 798 1330681093681 1270 800 46 1
1256 798 1330681093711 1270 800 46 1
1256 798 1330681093741 1270 800 46 1
1256 798 1330681093771 720 800 41 0
1256 798 1330681093801 720 800 41 0
1250 797 1330681093831 720 800 41 0
1233 794 1330681093861 720 800 41 0
1199 791 1330681093891 720 800 41 0
1137 787 1330681093921 720 800 41 0
1041 784 1330681093951 720 800 41 0
925 786 1330681093981 720 800 41 0
817 794 1330681094011 720 800 41 0
745 797 1330681094041 720 800 41 1
718 794 1330681094071 720 800 41 1
716 790 1330681094101 720 800 41 1
724 789 1330681094131 720 800 41 1
734 789 1330681094161 720 800 41 1
738 789 1330681094191 720 800 41 1
738 790 1330681094221 720 800 41 1
737 790 1330681094251 720 800 41 1
737 790 1330681094281 720 800 41 1
737 790 1330681094311 720 800 41 1
737 790 1330681094341 720 800 41 1
737 791 1330681094371 720 800 41 1
737 791 1330681094401 720 800 41 1
737 791 1330681094431 720 800 41 1
737 791 1330681094461 720 800 41 1
737 791 1330681094491 720 800 41 1
737 791 1330681094521 720 800 41 1
737 791 1330681094551 720 800 41 1
737 791 1330681094581 720 800 41 1
737 791 1330681094611 720 800 41 1
737 791 1330681094641 720 800 41 1
737 791 1330681094671 720 800 41 1
737 791 1330681094701 720 800 41 1
737 791 1330681094731 720 800 41 1
737 791 1330681094761 720 800 41 1
737 791 1330681094791 720 800 41 1
737 791 1330681094821 720 800 41 1
737 791 1330681094851 720 800 41 1
737 791 1330681094881 720 800 41 1
737 791 1330681094911 720 800 41 1
737 791 1330681094941 720 800 41 1
737 791 1330681094971 720 800 41 1
737 791 1330681095001 720 800 41 1
737 791 1330681095031 720 800 41 1
737 791 1330681095061 720 800 41 1
737 791 1330681095091 170 800 20 0
737 791 1330681095121 170 800 20 0
737 791 1330681095151 170 800 20 0
737 791 1330681095181 170 800 20 0
737 791 1330681095211 170 800 20 0
737 791 1330681095241 170 800 20 0
737 791 1330681095271 170 800 20 0
736 791 1330681095301 170 800 20 0
725 789 1330681095331 170 800 20 0
691 789 1330681095361 170 800 20 0
625 793 1330681095391 170 800 20 0
536 805 1330681095421 170 800 20 0
440 824 1330681095451 170 800 20 0
355 839 1330681095481 170 800 20 0
297 846 1330681095511 170 800 20 0
269 843 1330681095541 170 800 20 0
261 838 1330681095571 170 800 20 0
261 837 1330681095601 170 800 20 0
262 837 1330681095631 170 800 20 0
256 836 1330681095661 170 800 20 0
239 834 1330681095691 170 800 20 0
220 829 1330681095721 170 800 20 0
201 824 1330681095751 170 800 20 0
185 820 1330681095781 170 800 20 0
172 816 1330681095811 170 800 20 0
161 811 1330681095841 170 800 20 0
156 809 1330681095871 170 800 20 0
155 809 1330681095901 170 800 20 0
157 809 1330681095931 170 800 20 0
160 810 1330681095961 170 800 20 0
163 810 1330681095991 170 800 20 0
166 809 1330681096021 170 800 20 1
167 809 1330681096051 170 800 20 1
167 809 1330681096081 170 800 20 1
167 809 1330681096111 170 800 20 1
167 809 1330681096141 170 800 20 1
167 809 1330681096171 170 800 20 1
167 809 1330681096201 170 800 20 1
167 809 1330681096231 170 800 20 1
167 809 1330681096261 170 800 20 1
167 809 1330681096291 170 800 20 1
167 809 1330681096321 170 800 20 1
167 809 1330681096351 170 800 20 1
167 809 1330681096381 170 800 20 1
167 809 1330681096411 170 800 20 1
167 809 1330681096441 170 800 20 1
167 809 1330681096471 170 800 20 1
167 809 1330681096501 170 800 20 1
167 809 1330681096531 170 800 20 1
167 809 1330681096561 170 800 20 1
167 809 1330681096591 170 800 20 1
167 809 1330681096621 170 800 20 1
167 809 1330681096651 170 800 20 1
167 809 1330681096681 170 800 20 1
167 809 1330681096711 170 800 20 1
167 809 1330681096741 170 800 20 1
167 809 1330681096771 170 800 20 1
167 809 1330681096801 170 800 20 1
169 808 1330681096831 170 800 20 1
175 807 1330681096861 170 800 20 1
203 802 1330681096891 170 800 20 0
232 797 1330681096921 170 800 20 0
316 790 1330681096951 170 800 20 0
384 786 1330681096981 170 800 20 0
498 781 1330681097011 170 800 20 0
554 777 1330681097041 170 800 20 0
620 764 1330681097071 170 800 20 0
635 757 1330681097101 170 800 20 0
630 749 1330681097131 170 800 20 0
619 747 1330681097161 170 800 20 0
600 748 1330681097191 170 800 20 0
573 753 1330681097221 170 800 20 0
533 759 1330681097251 170 800 20 0
479 765 1330681097281 170 800 20 0
422 771 1330681097311 170 800 20 0
370 779 1330681097341 170 800 20 0
327 785 1330681097371 170 800 20 0
296 787 1330681097401 170 800 20 0
279 786 1330681097431 170 800 20 0
273 785 1330681097461 170 800 20 0
269 785 1330681097491 170 800 20 0
266 788 1330681097521 170 800 20 0
260 791 1330681097551 170 800 20 0
248 794 1330681097581 170 800 20 0
232 794 1330681097611 170 800 20 0
216 794 1330681097641 170 800 20 0
201 796 1330681097671 170 800 20 0
190 799 1330681097701 170 800 20 0
184 799 1330681097731 170 800 20 0
179 798 1330681097761 170 800 20 1
179 798 1330681097791 170 800 20 1
180 801 1330681097821 170 800 20 1
180 805 1330681097851 170 800 20 0
180 806 1330681097881 170 800 20 0
180 806 1330681097911 170 800 20 0
179 805 1330681097941 170 800 20 1
178 805 1330681097971 170 800 20 1
178 805 1330681098001 170 800 20 1
178 805 1330681098031 170 800 20 1
178 804 1330681098061 170 800 20 1
176 803 1330681098091 170 800 20 1
174 802 1330681098121 170 800 20 1
173 801 1330681098151 170 800 20 1
173 801 1330681098181 170 800 20 1
173 801 1330681098211 170 800 20 1
173 801 1330681098241 170 800 20 1
173 801 1330681098271 170 800 20 1
173 801 1330681098301 170 800 20 1
173 801 1330681098331 170 800 20 1
173 801 1330681098361 170 800 20 1
173 801 1330681098391 170 800 20 1
173 801 1330681098421 170 800 20 1
173 801 1330681098451 170 800 20 1
173 801 1330681098481 170 800 20 1
173 801 1330681098511 170 800 20 1
173 801 1330681098541 170 800 20 1
173 801 1330681098571 170 800 20 1
173 801 1330681098601 170 800 20 1
173 801 1330681098631 170 800 20 1
173 801 1330681098661 170 800 20 1
173 801 1330681098691 170 800 20 1
173 801 1330681098721 170 800 20 1
173 801 1330681098751 170 800 20 1
173 801 1330681098781 170 800 20 1
173 801 1330681098811 170 800 20 1
173 801 1330681098841 170 800 20 1
173 801 1330681098871 170 800 20 1
173 801 1330681098901 170 800 20 1
173 801 1330681098931 170 800 20 1
173 801 1330681098961 720 800 22 0
173 801 1330681098991 720 800 22 0
173 801 1330681099021 720 800 22 0
173 801 1330681099051 720 800 22 0
173 801 1330681099081 720 800 22 0
173 801 1330681099111 720 800 22 0
173 801 1330681099141 720 800 22 0
174 801 1330681099171 720 800 22 0
182 800 1330681099201 720 800 22 0
224 791 1330681099231 720 800 22 0
270 781 1330681099261 720 800 22 0
377 761 1330681099291 720 800 22 0
452 753 1330681099321 720 800 22 0
571 750 1330681099351 720 800 22 0
634 752 1330681099381 720 800 22 0
701 758 1330681099411 720 800 22 0
718 765 1330681099441 720 800 22 0
723 773 1330681099471 720 800 22 0
716 781 1330681099501 720 800 22 0
712 788 1330681099531 720 800 22 0
714 794 1330681099561 720 800 22 1
717 798 1330681099591 720 800 22 1
719 799 1330681099621 720 800 22 1
719 798 1330681099651 720 800 22 1
719 794 1330681099681 720 800 22 1
718 793 1330681099711 720 800 22 1
718 793 1330681099741 720 800 22 1
718 793 1330681099771 720 800 22 1
718 793 1330681099801 720 800 22 1
718 793 1330681099831 720 800 22 1
718 793 1330681099861 720 800 22 1
718 793 1330681099891 720 800 22 1
718 793 1330681099921 720 800 22 1
718 793 1330681099951 720 800 22 1
718 793 1330681099981 720 800 22 1
718 793 1330681100011 720 800 22 1
718 793 1330681100041 720 800 22 1
718 793 1330681100071 720 800 22 1
718 793 1330681100101 720 800 22 1
718 793 1330681100131 720 800 22 1
718 793 1330681100161 720 800 22 1
718 793 1330681100191 720 800 22 1
718 793 1330681100221 720 800 22 1
718 793 1330681100251 720 800 22 1
718 793 1330681100281 720 800 22 1
718 793 1330681100311 720 800 22 1
718 793 1330681100341 720 800 22 1
718 793 1330681100371 720 800 22 1
718 793 1330681100401 720 800 22 1
718 793 1330681100431 720 800 22 1
718 793 1330681100461 720 800 22 1
718 793 1330681100491 720 800 22 1
718 793 1330681100521 720 800 22 1
718 793 1330681100551 720 800 22 1
718 793 1330681100581 331 467 20 0
718 793 1330681100611 331 467 20 0
718 793 1330681100641 331 467 20 0
718 793 1330681100671 331 467 20 0
718 793 1330681100701 331 467 20 0
718 793 1330681100731 331 467 20 0
718 793 1330681100761 331 467 20 0
717 791 1330681100791 331 467 20 0
702 778 1330681100821 331 467 20 0
663 752 1330681100851 331 467 20 0
604 715 1330681100881 331 467 20 0
536 665 1330681100911 331 467 20 0
477 607 1330681100941 331 467 20 0
435 562 1330681100971 331 467 20 0
403 535 1330681101001 331 467 20 0
380 507 1330681101031 331 467 20 0
366 477 1330681101061 331 467 20 0
361 466 1330681101091 331 467 20 0
363 466 1330681101121 331 467 20 0
365 467 1330681101151 331 467 20 0
364 468 1330681101181 331 467 20 0
361 468 1330681101211 331 467 20 0
359 467 1330681101241 331 467 20 0
351 466 1330681101271 331 467 20 0
344 466 1330681101301 331 467 20 0
335 468 1330681101331 331 467 20 1
329 467 1330681101361 331 467 20 1
325 464 1330681101391 331 467 20 1
325 463 1330681101421 331 467 20 1
325 463 1330681101451 331 467 20 1
325 464 1330681101481 331 467 20 1
325 465 1330681101511 331 467 20 1
325 465 1330681101541 331 467 20 1
325 465 1330681101571 331 467 20 1
325 465 1330681101601 331 467 20 1
325 465 1330681101631 331 467 20 1
325 465 1330681101661 331 467 20 1
325 465 1330681101691 331 467 20 1
325 465 1330681101721 331 467 20 1
325 465 1330681101751 331 467 20 1
325 465 1330681101781 331 467 20 1
325 465 1330681101811 331 467 20 1
325 465 1330681101841 331 467 20 1
325 465 1330681101871 331 467 20 1
325 465 1330681101901 331 467 20 1
325 465 1330681101931 331 467 20 1
325 465 1330681101961 331 467 20 1
325 465 1330681101991 331 467 20 1
325 465 1330681102021 331 467 20 1
325 465 1330681102051 331 467 20 1
325 465 1330681102081 331 467 20 1
325 465 1330681102111 331 467 20 1
325 465 1330681102141 331 467 20 1
325 465 1330681102171 331 467 20 1
325 465 1330681102201 331 467 20 1
325 465 1330681102231 331 467 20 1
325 465 1330681102261 331 467 20 1
325 465 1330681102291 331 467 20 1
325 465 1330681102321 331 467 20 1
325 465 1330681102351 720 800 21 0
325 465 1330681102381 720 800 21 0
325 465 1330681102411 720 800 21 0
325 465 1330681102441 720 800 21 0
325 465 1330681102471 720 800 21 0
325 465 1330681102501 720 800 21 0
326 466 1330681102531 720 800 21 0
334 473 1330681102561 720 800 21 0
360 495 1330681102591 720 800 21 0
413 534 1330681102621 720 800 21 0
487 586 1330681102651 720 800 21 0
566 641 1330681102681 720 800 21 0
634 690 1330681102711 720 800 21 0
686 724 1330681102741 720 800 21 0
716 744 1330681102771 720 800 21 0
723 758 1330681102801 720 800 21 0
722 764 1330681102831 720 800 21 0
711 767 1330681102861 720 800 21 0
700 770 1330681102891 720 800 21 0
697 775 1330681102921 720 800 21 0
700 778 1330681102951 720 800 21 0
705 781 1330681102981 720 800 21 0
711 787 1330681103011 720 800 21 0
716 791 1330681103041 720 800 21 1
718 791 1330681103071 720 800 21 1
718 791 1330681103101 720 800 21 1
718 791 1330681103131 720 800 21 1
719 791 1330681103161 720 800 21 1
719 791 1330681103191 720 800 21 1
719 791 1330681103221 720 800 21 1
719 791 1330681103251 720 800 21 1
719 791 1330681103281 720 800 21 1
720 791 1330681103311 720 800 21 1
720 792 1330681103341 720 800 21 1
720 792 1330681103371 720 800 21 1
720 792 1330681103401 720 800 21 1
720 792 1330681103431 720 800 21 1
720 792 1330681103461 720 800 21 1
720 792 1330681103491 720 800 21 1
720 792 1330681103521 720 800 21 1
720 792 1330681103551 720 800 21 1
720 792 1330681103581 720 800 21 1
720 792 1330681103611 720 800 21 1
720 792 1330681103641 720 800 21 1
720 792 1330681103671 720 800 21 1
720 792 1330681103701 720 800 21 1
720 792 1330681103731 720 800 21 1
720 792 1330681103761 720 800 21 1
720 792 1330681103791 720 800 21 1
720 792 1330681103821 720 800 21 1
720 792 1330681103851 720 800 21 1
720 792 1330681103881 720 800 21 1
720 792 1330681103911 720 800 21 1
720 792 1330681103941 720 800 21 1
720 792 1330681103971 720 800 21 1
720 792 1330681104001 720 800 21 1
720 792 1330681104031 720 800 21 1
720 792 1330681104061 720 250 21 0
720 792 1330681104091 720 250 21 0
720 792 1330681104121 720 250 21 0
720 792 1330681104151 720 250 21 0
720 792 1330681104181 720 250 21 0
720 792 1330681104211 720 250 21 0
719 788 1330681104241 720 250 21 0
715 769 1330681104271 720 250 21 0
709 723 1330681104301 720 250 21 0
706 648 1330681104331 720 250 21 0
703 553 1330681104361 720 250 21 0
698 467 1330681104391 720 250 21 0
701 409 1330681104421 720 250 21 0
704 363 1330681104451 720 250 21 0
707 317 1330681104481 720 250 21 0
713 282 1330681104511 720 250 21 0
715 266 1330681104541 720 250 21 0
711 256 1330681104571 720 250 21 1
711 243 1330681104601 720 250 21 0
715 234 1330681104631 720 250 21 0
719 229 1330681104661 720 250 21 0
720 228 1330681104691 720 250 21 0
720 230 1330681104721 720 250 21 0
720 231 1330681104751 720 250 21 0
721 232 1330681104781 720 250 21 0
722 235 1330681104811 720 250 21 0
723 239 1330681104841 720 250 21 0
722 244 1330681104871 720 250 21 1
721 248 1330681104901 720 250 21 1
721 248 1330681104931 720 250 21 1
721 248 1330681104961 720 250 21 1
721 248 1330681104991 720 250 21 1
721 248 1330681105021 720 250 21 1
721 248 1330681105051 720 250 21 1
721 248 1330681105081 720 250 21 1
721 248 1330681105111 720 250 21 1
721 248 1330681105141 720 250 21 1
721 248 1330681105171 720 250 21 1
721 248 1330681105201 720 250 21 1
721 248 1330681105231 720 250 21 1
721 248 1330681105261 720 250 21 1
721 248 1330681105291 720 250 21 1
721 248 1330681105321 720 250 21 1
721 248 1330681105351 720 250 21 1
721 248 1330681105381 720 250 21 1
721 248 1330681105411 720 250 21 1
721 248 1330681105441 720 250 21 1
721 248 1330681105471 720 250 21 1
721 248 1330681105501 720 250 21 1
721 248 1330681105531 720 250 21 1
721 248 1330681105561 720 250 21 1
721 248 1330681105591 720 250 21 1
721 248 1330681105621 720 250 21 1
721 248 1330681105651 720 250 21 1
721 248 1330681105681 720 250 21 1
721 248 1330681105711 720 250 21 1
721 248 1330681105741 720 250 21 1
721 248 1330681105771 720 250 21 1
721 248 1330681105801 720 250 21 1
721 248 1330681105831 720 250 21 1
721 248 1330681105861 720 250 21 1
721 248 1330681105891 720 800 22 0
721 248 1330681105921 720 800 22 0
721 249 1330681105951 720 800 22 0
722 250 1330681105981 720 800 22 0
722 251 1330681106011 720 800 22 0
723 254 1330681106041 720 800 22 0
728 281 1330681106071 720 800 22 0
729 328 1330681106101 720 800 22 0
733 443 1330681106131 720 800 22 0
739 519 1330681106161 720 800 22 0
752 642 1330681106191 720 800 22 0
755 704 1330681106221 720 800 22 0
750 774 1330681106251 720 800 22 0
744 794 1330681106281 720 800 22 0
736 805 1330681106311 720 800 22 0
734 803 1330681106341 720 800 22 0
732 790 1330681106371 720 800 22 0
730 781 1330681106401 720 800 22 0
727 776 1330681106431 720 800 22 0
727 776 1330681106461 720 800 22 0
727 776 1330681106491 720 800 22 0
727 778 1330681106521 720 800 22 0
727 784 1330681106551 720 800 22 0
727 787 1330681106581 720 800 22 0
726 790 1330681106611 720 800 22 1
724 795 1330681106641 720 800 22 1
721 800 1330681106671 720 800 22 1
719 802 1330681106701 720 800 22 1
719 802 1330681106731 720 800 22 1
719 801 1330681106761 720 800 22 1
719 801 1330681106791 720 800 22 1
719 801 1330681106821 720 800 22 1
719 801 1330681106851 720 800 22 1
720 801 1330681106881 720 800 22 1
720 801 1330681106911 720 800 22 1
720 801 1330681106941 720 800 22 1
720 801 1330681106971 720 800 22 1
720 801 1330681107001 720 800 22 1
720 801 1330681107031 720 800 22 1
720 801 1330681107061 720 800 22 1
720 801 1330681107091 720 800 22 1
720 801 1330681107121 720 800 22 1
720 801 1330681107151 720 800 22 1
720 801 1330681107181 720 800 22 1
720 801 1330681107211 720 800 22 1
720 801 1330681107241 720 800 22 1
720 801 1330681107271 720 800 22 1
720 801 1330681107301 720 800 22 1
720 801 1330681107331 720 800 22 1
720 801 1330681107361 720 800 22 1
720 801 1330681107391 720 800 22 1
720 801 1330681107421 720 800 22 1
720 801 1330681107451 720 800 22 1
720 801 1330681107481 720 800 22 1
720 801 1330681107511 720 800 22 1
720 801 1330681107541 720 800 22 1
720 801 1330681107571 720 800 22 1
720 801 1330681107601 720 800 22 1
720 801 1330681107631 1109 467 20 0
720 801 1330681107661 1109 467 20 0
720 801 1330681107691 1109 467 20 0
720 801 1330681107721 1109 467 20 0
720 801 1330681107751 1109 467 20 0
720 801 1330681107781 1109 467 20 0
720 801 1330681107811 1109 467 20 0
723 798 1330681107841 1109 467 20 0
740 784 1330681107871 1109 467 20 0
780 751 1330681107901 1109 467 20 0
841 704 1330681107931 1109 467 20 0
901 655 1330681107961 1109 467 20 0
962 606 1330681107991 1109 467 20 0
1017 558 1330681108021 1109 467 20 0
1049 523 1330681108051 1109 467 20 0
1063 499 1330681108081 1109 467 20 0
1082 477 1330681108111 1109 467 20 0
1096 466 1330681108141 1109 467 20 0
1107 460 1330681108171 1109 467 20 1
1111 459 1330681108201 1109 467 20 1
1113 458 1330681108231 1109 467 20 1
1113 458 1330681108261 1109 467 20 1
1114 459 1330681108291 1109 467 20 1
1114 460 1330681108321 1109 467 20 1
1114 460 1330681108351 1109 467 20 1
1114 460 1330681108381 1109 467 20 1
1114 460 1330681108411 1109 467 20 1
1114 460 1330681108441 1109 467 20 1
1114 460 1330681108471 1109 467 20 1
1114 460 1330681108501 1109 467 20 1
1114 460 1330681108531 1109 467 20 1
1114 460 1330681108561 1109 467 20 1
1114 460 1330681108591 1109 467 20 1
1114 460 1330681108621 1109 467 20 1
1114 460 1330681108651 1109 467 20 1
1114 460 1330681108681 1109 467 20 1
1114 460 1330681108711 1109 467 20 1
1114 460 1330681108741 1109 467 20 1
1114 460 1330681108771 1109 467 20 1
1114 460 1330681108801 1109 467 20 1
1114 460 1330681108831 1109 467 20 1
1114 460 1330681108861 1109 467 20 1
1114 460 1330681108891 1109 467 20 1
1114 460 1330681108921 1109 467 20 1
1114 460 1330681108951 1109 467 20 1
1114 460 1330681108981 1109 467 20 1
1114 460 1330681109011 1109 467 20 1
1114 460 1330681109041 1109 467 20 1
1114 460 1330681109071 1109 467 20 1
1114 460 1330681109101 1109 467 20 1
1114 460 1330681109131 1109 467 20 1
1114 460 1330681109161 720 800 20 0
1114 460 1330681109191 720 800 20 0
1114 460 1330681109221 720 800 20 0
1114 460 1330681109251 720 800 20 0
1114 460 1330681109281 720 800 20 0
1114 460 1330681109311 720 800 20 0
1114 460 1330681109341 720 800 20 0
1108 465 1330681109371 720 800 20 0
1079 481 1330681109401 720 800 20 0
1029 513 1330681109431 720 800 20 0
960 562 1330681109461 720 800 20 0
883 623 1330681109491 720 800 20 0
818 684 1330681109521 720 800 20 0
768 734 1330681109551 720 800 20 0
735 770 1330681109581 720 800 20 0
722 788 1330681109611 720 800 20 0
721 794 1330681109641 720 800 20 1
721 794 1330681109671 720 800 20 1
721 795 1330681109701 720 800 20 1
719 796 1330681109731 720 800 20 1
719 796 1330681109761 720 800 20 1
719 796 1330681109791 720 800 20 1
719 796 1330681109821 720 800 20 1
719 796 1330681109851 720 800 20 1
719 796 1330681109881 720 800 20 1
719 795 1330681109911 720 800 20 1
719 795 1330681109941 720 800 20 1
719 795 1330681109971 720 800 20 1
719 795 1330681110001 720 800 20 1
719 795 1330681110031 720 800 20 1
719 795 1330681110061 720 800 20 1
719 795 1330681110091 720 800 20 1
719 795 1330681110121 720 800 20 1
719 795 1330681110151 720 800 20 1
719 795 1330681110181 720 800 20 1
719 795 1330681110211 720 800 20 1
719 795 1330681110241 720 800 20 1
719 795 1330681110271 720 800 20 1
719 795 1330681110301 720 800 20 1
719 795 1330681110331 720 800 20 1
719 795 1330681110361 720 800 20 1
719 795 1330681110391 720 800 20 1
719 795 1330681110421 720 800 20 1
719 795 1330681110451 720 800 20 1
719 795 1330681110481 720 800 20 1
719 795 1330681110511 720 800 20 1
719 795 1330681110541 720 800 20 1
719 795 1330681110571 720 800 20 1
719 795 1330681110601 720 800 20 1
719 795 1330681110631 1270 800 22 0
719 795 1330681110661 1270 800 22 0
719 795 1330681110691 1270 800 22 0
719 795 1330681110721 1270 800 22 0
719 795 1330681110751 1270 800 22 0
719 795 1330681110781 1270 800 22 0
719 795 1330681110811 1270 800 22 0
720 796 1330681110841 1270 800 22 0
733 795 1330681110871 1270 800 22 0
758 792 1330681110901 1270 800 22 0
833 780 1330681110931 1270 800 22 0
893 774 1330681110961 1270 800 22 0
1001 768 1330681110991 1270 800 22 0
1063 768 1330681111021 1270 800 22 0
1137 771 1330681111051 1270 800 22 0
1193 776 1330681111081 1270 800 22 0
1224 780 1330681111111 1270 800 22 0
1236 783 1330681111141 1270 800 22 0
1236 784 1330681111171 1270 800 22 0
1232 787 1330681111201 1270 800 22 0
1231 788 1330681111231 1270 800 22 0
1234 789 1330681111261 1270 800 22 0
1242 790 1330681111291 1270 800 22 0
1247 791 1330681111321 1270 800 22 0
1248 791 1330681111351 1270 800 22 0
1249 792 1330681111381 1270 800 22 0
1251 793 1330681111411 1270 800 22 0
1259 794 1330681111441 1270 800 22 0
1264 795 1330681111471 1270 800 22 1
1266 796 1330681111501 1270 800 22 1
1268 796 1330681111531 1270 800 22 1
1268 797 1330681111561 1270 800 22 1
1268 797 1330681111591 1270 800 22 1
1269 797 1330681111621 1270 800 22 1
1270 797 1330681111651 1270 800 22 1
1270 797 1330681111681 1270 800 22 1
1270 797 1330681111711 1270 800 22 1
1270 797 1330681111741 1270 800 22 1
1270 797 1330681111771 1270 800 22 1
1270 797 1330681111801 1270 800 22 1
1270 797 1330681111832 1270 800 22 1
1270 797 1330681111861 1270 800 22 1
1270 797 1330681111891 1270 800 22 1
1270 797 1330681111921 1270 800 22 1
1270 797 1330681111951 1270 800 22 1
1270 797 1330681111981 1270 800 22 1
1270 797 1330681112011 1270 800 22 1
1270 797 1330681112041 1270 800 22 1
1270 797 1330681112071 1270 800 22 1
1270 797 1330681112101 1270 800 22 1
1270 797 1330681112131 1270 800 22 1
1270 797 1330681112161 1270 800 22 1
1270 797 1330681112191 1270 800 22 1
1270 797 1330681112221 1270 800 22 1
1270 797 1330681112251 1270 800 22 1
1270 797 1330681112281 1270 800 22 1
1270 797 1330681112311 1270 800 22 1
1270 797 1330681112341 1270 800 22 1
1270 797 1330681112371 1270 800 22 1
1270 797 1330681112401 1270 800 22 1
1270 797 1330681112431 1270 800 22 1
1270 797 1330681112461 1270 800 22 1
1270 797 1330681112491 720 800 21 0
1270 797 1330681112521 720 800 21 0
1269 797 1330681112551 720 800 21 0
1264 797 1330681112581 720 800 21 0
1252 796 1330681112611 720 800 21 0
1230 794 1330681112641 720 800 21 0
1189 791 1330681112671 720 800 21 0
1140 786 1330681112701 720 800 21 0
1023 776 1330681112731 720 800 21 0
943 774 1330681112761 720 800 21 0
829 773 1330681112791 720 800 21 0
783 772 1330681112821 720 800 21 0
745 769 1330681112851 720 800 21 0
740 768 1330681112881 720 800 21 0
740 769 1330681112911 720 800 21 0
738 772 1330681112942 720 800 21 0
733 776 1330681112971 720 800 21 0
731 779 1330681113001 720 800 21 0
730 785 1330681113031 720 800 21 0
731 791 1330681113061 720 800 21 0
733 801 1330681113091 720 800 21 0
732 806 1330681113121 720 800 21 0
729 809 1330681113151 720 800 21 0
729 810 1330681113181 720 800 21 0
729 810 1330681113211 720 800 21 0
729 809 1330681113241 720 800 21 0
728 809 1330681113271 720 800 21 0
728 809 1330681113301 720 800 21 0
728 809 1330681113331 720 800 21 0
728 809 1330681113361 720 800 21 0
728 808 1330681113391 720 800 21 0
727 807 1330681113421 720 800 21 1
726 807 1330681113451 720 800 21 1
726 806 1330681113481 720 800 21 1
726 806 1330681113511 720 800 21 1
726 806 1330681113541 720 800 21 1
726 806 1330681113571 720 800 21 1
726 806 1330681113601 720 800 21 1
726 806 1330681113631 720 800 21 1
726 806 1330681113661 720 800 21 1
726 806 1330681113691 720 800 21 1
726 806 1330681113721 720 800 21 1
726 806 1330681113751 720 800 21 1
726 806 1330681113781 720 800 21 1
726 806 1330681113811 720 800 21 1
726 806 1330681113841 720 800 21 1
726 806 1330681113871 720 800 21 1
726 806 1330681113901 720 800 21 1
726 806 1330681113931 720 800 21 1
726 806 1330681113961 720 800 21 1
726 806 1330681113991 720 800 21 1
726 806 1330681114021 720 800 21 1
726 806 1330681114051 720 800 21 1
726 806 1330681114081 720 800 21 1
726 806 1330681114111 720 800 21 1
726 806 1330681114141 720 800 21 1
726 806 1330681114171 720 800 21 1
726 806 1330681114201 720 800 21 1
726 806 1330681114231 720 800 21 1
726 806 1330681114261 720 800 21 1
726 806 1330681114291 720 800 21 1
726 806 1330681114321 720 800 21 1
726 806 1330681114351 720 800 21 1
726 806 1330681114381 720 800 21 1
726 806 1330681114411 720 800 21 1
726 806 1330681114441 170 800 13 0
726 806 1330681114471 170 800 13 0
726 806 1330681114501 170 800 13 0
726 806 1330681114531 170 800 13 0
726 806 1330681114561 170 800 13 0
726 806 1330681114591 170 800 13 0
726 806 1330681114621 170 800 13 0
726 806 1330681114651 170 800 13 0
724 805 1330681114681 170 800 13 0
699 803 1330681114711 170 800 13 0
629 806 1330681114741 170 800 13 0
528 816 1330681114771 170 800 13 0
426 828 1330681114801 170 800 13 0
343 838 1330681114831 170 800 13 0
284 839 1330681114861 170 800 13 0
242 838 1330681114891 170 800 13 0
209 839 1330681114921 170 800 13 0
178 839 1330681114951 170 800 13 0
152 835 1330681114981 170 800 13 0
137 831 1330681115011 170 800 13 0
134 827 1330681115041 170 800 13 0
140 817 1330681115071 170 800 13 0
147 811 1330681115101 170 800 13 0
161 804 1330681115131 170 800 13 0
167 801 1330681115161 170 800 13 1
171 801 1330681115191 170 800 13 1
172 801 1330681115221 170 800 13 1
172 801 1330681115251 170 800 13 1
171 801 1330681115281 170 800 13 1
171 801 1330681115311 170 800 13 1
171 801 1330681115341 170 800 13 1
170 802 1330681115371 170 800 13 1
170 802 1330681115401 170 800 13 1
170 802 1330681115431 170 800 13 1
170 802 1330681115461 170 800 13 1
170 802 1330681115491 170 800 13 1
170 802 1330681115521 170 800 13 1
170 802 1330681115551 170 800 13 1
170 802 1330681115581 170 800 13 1
170 802 1330681115611 170 800 13 1
170 802 1330681115641 170 800 13 1
170 802 1330681115671 170 800 13 1
170 802 1330681115701 170 800 13 1
170 802 1330681115731 170 800 13 1
170 802 1330681115761 170 800 13 1
170 802 1330681115791 170 800 13 1
170 802 1330681115821 170 800 13 1
170 802 1330681115851 170 800 13 1
170 802 1330681115881 170 800 13 1
170 802 1330681115911 170 800 13 1
170 802 1330681115941 170 800 13 1
170 802 1330681115971 170 800 13 1
170 802 1330681116001 170 800 13 1
170 802 1330681116031 170 800 13 1
170 802 1330681116061 170 800 13 1
170 802 1330681116091 170 800 13 1
170 802 1330681116121 170 800 13 1
170 802 1330681116151 170 800 13 1
170 802 1330681116181 170 800 13 1
170 802 1330681116211 720 800 13 0
170 802 1330681116241 720 800 13 0
170 802 1330681116271 720 800 13 0
171 802 1330681116301 720 800 13 0
171 801 1330681116331 720 800 13 0
173 801 1330681116361 720 800 13 0
180 800 1330681116391 720 800 13 0
210 798 1330681116421 720 800 13 0
275 789 1330681116451 720 800 13 0
371 776 1330681116481 720 800 13 0
482 767 1330681116511 720 800 13 0
586 766 1330681116541 720 800 13 0
667 766 1330681116571 720 800 13 0
710 767 1330681116601 720 800 13 0
724 769 1330681116631 720 800 13 0
722 771 1330681116661 720 800 13 0
714 776 1330681116691 720 800 13 0
713 782 1330681116721 720 800 13 0
718 786 1330681116751 720 800 13 0
721 789 1330681116781 720 800 13 0
721 791 1330681116811 720 800 13 0
721 791 1330681116841 720 800 13 0
721 792 1330681116871 720 800 13 0
720 791 1330681116901 720 800 13 0
719 790 1330681116931 720 800 13 0
718 790 1330681116961 720 800 13 0
718 792 1330681116991 720 800 13 0
718 792 1330681117021 720 800 13 0
719 793 1330681117051 720 800 13 0
720 795 1330681117081 720 800 13 0
721 798 1330681117111 720 800 13 1
721 799 1330681117141 720 800 13 1
721 799 1330681117171 720 800 13 1
721 799 1330681117201 720 800 13 1
721 799 1330681117231 720 800 13 1
721 799 1330681117261 720 800 13 1
721 799 1330681117291 720 800 13 1
721 799 1330681117321 720 800 13 1
721 799 1330681117351 720 800 13 1
721 799 1330681117381 720 800 13 1
721 799 1330681117411 720 800 13 1
721 799 1330681117441 720 800 13 1
721 799 1330681117471 720 800 13 1
721 799 1330681117501 720 800 13 1
721 799 1330681117531 720 800 13 1
721 799 1330681117561 720 800 13 1
721 799 1330681117591 720 800 13 1
721 799 1330681117621 720 800 13 1
721 799 1330681117651 720 800 13 1
721 799 1330681117681 720 800 13 1
721 799 1330681117711 720 800 13 1
721 799 1330681117741 720 800 13 1
721 799 1330681117771 720 800 13 1
721 799 1330681117801 720 800 13 1
721 799 1330681117831 720 800 13 1
721 799 1330681117861 720 800 13 1
721 799 1330681117891 720 800 13 1
721 799 1330681117921 720 800 13 1
721 799 1330681117951 720 800 13 1
721 799 1330681117981 720 800 13 1
721 799 1330681118011 720 800 13 1
721 799 1330681118041 720 800 13 1
721 799 1330681118071 720 800 13 1
721 799 1330681118101 720 800 13 1
720 798 1330681118131 331 467 13 0
720 797 1330681118161 331 467 13 0
719 796 1330681118191 331 467 13 0
719 796 1330681118221 331 467 13 0
719 796 1330681118251 331 467 13 0
719 796 1330681118281 331 467 13 0
717 794 1330681118311 331 467 13 0
703 784 1330681118341 331 467 13 0
671 764 1330681118371 331 467 13 0
623 735 1330681118401 331 467 13 0
570 698 1330681118431 331 467 13 0
521 664 1330681118461 331 467 13 0
478 641 1330681118491 331 467 13 0
445 620 1330681118521 331 467 13 0
429 598 1330681118551 331 467 13 0
417 578 1330681118581 331 467 13 0
404 561 1330681118611 331 467 13 0
390 545 1330681118641 331 467 13 0
379 528 1330681118671 331 467 13 0
372 508 1330681118701 331 467 13 0
370 491 1330681118731 331 467 13 0
365 479 1330681118761 331 467 13 0
357 470 1330681118791 331 467 13 0
352 466 1330681118821 331 467 13 0
345 466 1330681118851 331 467 13 0
336 466 1330681118881 331 467 13 0
332 466 1330681118911 331 467 13 1
329 466 1330681118941 331 467 13 1
326 467 1330681118971 331 467 13 0
326 467 1330681119001 331 467 13 0
326 468 1330681119031 331 467 13 0
327 469 1330681119061 331 467 13 0
328 469 1330681119091 331 467 13 0
328 469 1330681119121 331 467 13 0
328 469 1330681119151 331 467 13 0
328 469 1330681119181 331 467 13 0
328 469 1330681119211 331 467 13 0
328 469 1330681119241 331 467 13 0
328 469 1330681119271 331 467 13 0
328 469 1330681119301 331 467 13 0
328 469 1330681119331 331 467 13 0
328 469 1330681119361 331 467 13 0
328 469 1330681119391 331 467 13 0
328 469 1330681119421 331 467 13 0
328 469 1330681119451 331 467 13 0
328 469 1330681119481 331 467 13 0
328 469 1330681119511 331 467 13 0
328 469 1330681119541 331 467 13 0
328 469 1330681119571 331 467 13 0
328 469 1330681119601 331 467 13 0
328 469 1330681119631 331 467 13 0
328 469 1330681119661 331 467 13 0
328 469 1330681119691 331 467 13 0
328 469 1330681119721 331 467 13 0
328 469 1330681119751 331 467 13 0
328 469 1330681119781 331 467 13 0
328 469 1330681119811 331 467 13 0
328 469 1330681119841 331 467 13 0
328 469 1330681119871 331 467 13 0
328 469 1330681119901 331 467 13 0
328 469 1330681119931 331 467 13 0
328 469 1330681119961 331 467 13 0
328 469 1330681119991 331 467 13 0
328 469 1330681120021 331 467 13 0
328 469 1330681120051 331 467 13 0
328 469 1330681120081 331 467 13 0
328 469 1330681120111 331 467 13 0
328 469 1330681120141 331 467 13 0
328 469 1330681120171 331 467 13 0
328 469 1330681120201 331 467 13 0
328 469 1330681120231 331 467 13 0
328 469 1330681120261 331 467 13 0
328 469 1330681120291 331 467 13 0
328 469 1330681120321 331 467 13 0
328 469 1330681120351 331 467 13 0
328 469 1330681120381 331 467 13 0
328 469 1330681120411 331 467 13 0
328 469 1330681120441 331 467 13 0
328 469 1330681120471 331 467 13 0
328 469 1330681120501 331 467 13 0
328 469 1330681120531 331 467 13 0
328 469 1330681120561 331 467 13 0
329 468 1330681120591 331 467 13 1
329 468 1330681120621 331 467 13 1
330 468 1330681120651 331 467 13 1
331 467 1330681120681 331 467 13 1
332 466 1330681120711 331 467 13 1
333 466 1330681120741 331 467 13 1
333 466 1330681120771 331 467 13 1
333 466 1330681120801 331 467 13 1
333 466 1330681120831 331 467 13 1
333 466 1330681120861 331 467 13 1
333 466 1330681120891 331 467 13 1
333 466 1330681120921 331 467 13 1
333 466 1330681120951 331 467 13 1
333 466 1330681120981 331 467 13 1
333 466 1330681121011 331 467 13 1
333 466 1330681121041 331 467 13 1
333 466 1330681121071 331 467 13 1
333 466 1330681121101 331 467 13 1
333 466 1330681121131 331 467 13 1
333 466 1330681121161 331 467 13 1
333 466 1330681121191 331 467 13 1
333 466 1330681121221 331 467 13 1
333 466 1330681121251 331 467 13 1
333 466 1330681121281 331 467 13 1
333 466 1330681121311 331 467 13 1
333 466 1330681121341 331 467 13 1
333 466 1330681121371 331 467 13 1
333 466 1330681121401 331 467 13 1
333 466 1330681121431 331 467 13 1
333 466 1330681121461 331 467 13 1
333 466 1330681121491 331 467 13 1
333 466 1330681121521 331 467 13 1
333 466 1330681121551 331 467 13 1
333 466 1330681121581 331 467 13 1
333 466 1330681121611 720 800 13 0
333 466 1330681121641 720 800 13 0
333 466 1330681121671 720 800 13 0
333 466 1330681121701 720 800 13 0
333 466 1330681121731 720 800 13 0
333 466 1330681121761 720 800 13 0
333 466 1330681121791 720 800 13 0
333 466 1330681121821 720 800 13 0
333 466 1330681121851 720 800 13 0
339 473 1330681121881 720 800 13 0
358 490 1330681121911 720 800 13 0
396 520 1330681121941 720 800 13 0
447 567 1330681121971 720 800 13 0
491 610 1330681122001 720 800 13 0
566 680 1330681122031 720 800 13 0
608 715 1330681122061 720 800 13 0
667 757 1330681122091 720 800 13 0
694 775 1330681122121 720 800 13 0
720 796 1330681122151 720 800 13 0
724 801 1330681122181 720 800 13 0
724 802 1330681122211 720 800 13 0
722 802 1330681122241 720 800 13 1
719 800 1330681122271 720 800 13 1
719 799 1330681122301 720 800 13 1
727 798 1330681122331 720 800 13 0
729 799 1330681122361 720 800 13 0
727 798 1330681122391 720 800 13 0
724 796 1330681122421 720 800 13 0
718 795 1330681122451 720 800 13 0
717 795 1330681122481 720 800 13 0
717 795 1330681122511 720 800 13 0
717 795 1330681122541 720 800 13 0
717 795 1330681122571 720 800 13 0
717 795 1330681122601 720 800 13 0
717 795 1330681122631 720 800 13 0
717 795 1330681122661 720 800 13 0
717 795 1330681122691 720 800 13 0
718 796 1330681122721 720 800 13 0
718 796 1330681122751 720 800 13 0
718 796 1330681122781 720 800 13 0
718 796 1330681122811 720 800 13 0
719 797 1330681122841 720 800 13 1
719 799 1330681122871 720 800 13 1
719 799 1330681122901 720 800 13 1
719 799 1330681122931 720 800 13 1
719 799 1330681122961 720 800 13 1
719 799 1330681122991 720 800 13 1
719 799 1330681123021 720 800 13 1
719 799 1330681123051 720 800 13 1
719 799 1330681123081 720 800 13 1
719 799 1330681123111 720 800 13 1
719 799 1330681123141 720 800 13 1
719 799 1330681123171 720 800 13 1
719 799 1330681123201 720 800 13 1
719 799 1330681123231 720 800 13 1
719 799 1330681123261 720 800 13 1
719 799 1330681123291 720 800 13 1
719 799 1330681123321 720 800 13 1
719 799 1330681123351 720 800 13 1
719 799 1330681123381 720 800 13 1
719 799 1330681123411 720 800 13 1
719 799 1330681123441 720 800 13 1
719 799 1330681123471 720 800 13 1
719 799 1330681123501 720 800 13 1
719 799 1330681123531 720 800 13 1
719 799 1330681123561 720 800 13 1
719 799 1330681123591 720 800 13 1
719 799 1330681123621 720 800 13 1
719 799 1330681123651 720 800 13 1
719 799 1330681123681 720 800 13 1
719 799 1330681123711 720 800 13 1
719 799 1330681123741 720 800 13 1
719 799 1330681123771 720 800 13 1
719 799 1330681123801 720 800 13 1
719 799 1330681123831 720 800 13 1
719 799 1330681123861 720 250 13 0
719 799 1330681123891 720 250 13 0
719 799 1330681123921 720 250 13 0
719 799 1330681123951 720 250 13 0
719 799 1330681123981 720 250 13 0
719 799 1330681124011 720 250 13 0
719 799 1330681124041 720 250 13 0
719 799 1330681124071 720 250 13 0
719 796 1330681124101 720 250 13 0
716 785 1330681124131 720 250 13 0
709 757 1330681124161 720 250 13 0
701 710 1330681124191 720 250 13 0
694 645 1330681124221 720 250 13 0
689 564 1330681124251 720 250 13 0
687 502 1330681124281 720 250 13 0
689 422 1330681124311 720 250 13 0
694 383 1330681124341 720 250 13 0
701 331 1330681124371 720 250 13 0
708 313 1330681124401 720 250 13 0
721 304 1330681124431 720 250 13 0
722 303 1330681124461 720 250 13 0
722 302 1330681124491 720 250 13 0
722 302 1330681124521 720 250 13 0
725 297 1330681124551 720 250 13 0
726 287 1330681124581 720 250 13 0
720 269 1330681124611 720 250 13 0
717 258 1330681124641 720 250 13 0
715 245 1330681124671 720 250 13 0
716 240 1330681124701 720 250 13 0
717 237 1330681124731 720 250 13 0
717 237 1330681124761 720 250 13 0
719 238 1330681124791 720 250 13 0
719 238 1330681124821 720 250 13 0
721 239 1330681124851 720 250 13 0
723 242 1330681124881 720 250 13 0
725 244 1330681124911 720 250 13 0
725 245 1330681124941 720 250 13 0
726 247 1330681124971 720 250 13 0
726 248 1330681125001 720 250 13 0
726 248 1330681125031 720 250 13 0
726 248 1330681125061 720 250 13 0
726 248 1330681125091 720 250 13 0
726 248 1330681125121 720 250 13 0
726 248 1330681125151 720 250 13 0
726 248 1330681125181 720 250 13 0
726 248 1330681125211 720 250 13 0
725 248 1330681125241 720 250 13 0
725 248 1330681125271 720 250 13 0
725 249 1330681125301 720 250 13 0
725 249 1330681125331 720 250 13 0
724 249 1330681125361 720 250 13 0
724 249 1330681125391 720 250 13 0
723 249 1330681125421 720 250 13 1
723 249 1330681125451 720 250 13 1
723 249 1330681125481 720 250 13 1
723 249 1330681125511 720 250 13 1
723 249 1330681125541 720 250 13 1
723 249 1330681125571 720 250 13 1
723 249 1330681125601 720 250 13 1
723 249 1330681125631 720 250 13 1
723 249 1330681125661 720 250 13 1
723 249 1330681125691 720 250 13 1
723 249 1330681125721 720 250 13 1
723 249 1330681125751 720 250 13 1
723 249 1330681125781 720 250 13 1
723 249 1330681125811 720 250 13 1
723 249 1330681125841 720 250 13 1
723 249 1330681125871 720 250 13 1
723 249 1330681125901 720 250 13 1
723 249 1330681125931 720 250 13 1
723 249 1330681125961 720 250 13 1
723 249 1330681125991 720 250 13 1
723 249 1330681126021 720 250 13 1
723 249 1330681126051 720 250 13 1
723 249 1330681126081 720 250 13 1
723 249 1330681126111 720 250 13 1
723 249 1330681126141 720 250 13 1
723 249 1330681126171 720 250 13 1
723 249 1330681126201 720 250 13 1
723 249 1330681126231 720 250 13 1
723 249 1330681126261 720 250 13 1
723 249 1330681126291 720 250 13 1
723 249 1330681126321 720 250 13 1
723 249 1330681126351 720 250 13 1
723 249 1330681126381 720 250 13 1
723 249 1330681126411 720 250 13 1
723 249 1330681126441 720 250 13 1
723 249 1330681126471 720 800 13 0
723 249 1330681126501 720 800 13 0
723 249 1330681126531 720 800 13 0
723 249 1330681126561 720 800 13 0
723 249 1330681126591 720 800 13 0
723 249 1330681126621 720 800 13 0
723 249 1330681126651 720 800 13 0
723 249 1330681126681 720 800 13 0
724 259 1330681126711 720 800 13 0
727 275 1330681126741 720 800 13 0
729 330 1330681126771 720 800 13 0
730 382 1330681126801 720 800 13 0
734 485 1330681126831 720 800 13 0
737 548 1330681126861 720 800 13 0
739 640 1330681126891 720 800 13 0
739 685 1330681126921 720 800 13 0
738 742 1330681126951 720 800 13 0
739 768 1330681126981 720 800 13 0
735 798 1330681127011 720 800 13 0
730 806 1330681127041 720 800 13 0
723 812 1330681127071 720 800 13 0
721 813 1330681127101 720 800 13 0
721 812 1330681127131 720 800 13 0
721 812 1330681127161 720 800 13 0
722 815 1330681127191 720 800 13 0
722 816 1330681127221 720 800 13 0
722 815 1330681127251 720 800 13 0
722 810 1330681127281 720 800 13 0
721 804 1330681127311 720 800 13 0
719 798 1330681127341 720 800 13 1
718 797 1330681127371 720 800 13 1
718 797 1330681127401 720 800 13 1
718 798 1330681127431 720 800 13 1
718 799 1330681127461 720 800 13 1
719 801 1330681127491 720 800 13 1
720 801 1330681127521 720 800 13 1
720 803 1330681127551 720 800 13 1
721 805 1330681127581 720 800 13 0
721 806 1330681127611 720 800 13 0
721 806 1330681127641 720 800 13 0
721 805 1330681127671 720 800 13 0
721 805 1330681127701 720 800 13 0
721 805 1330681127731 720 800 13 0
721 805 1330681127761 720 800 13 0
720 803 1330681127791 720 800 13 1
720 803 1330681127821 720 800 13 1
720 802 1330681127851 720 800 13 1
720 802 1330681127881 720 800 13 1
720 802 1330681127911 720 800 13 1
720 801 1330681127941 720 800 13 1
720 800 1330681127971 720 800 13 1
720 800 1330681128001 720 800 13 1
720 800 1330681128031 720 800 13 1
720 800 1330681128061 720 800 13 1
720 801 1330681128091 720 800 13 1
720 801 1330681128121 720 800 13 1
720 801 1330681128151 720 800 13 1
720 801 1330681128181 720 800 13 1
720 801 1330681128211 720 800 13 1
720 801 1330681128241 720 800 13 1
720 801 1330681128271 720 800 13 1
720 801 1330681128301 720 800 13 1
720 801 1330681128331 720 800 13 1
720 801 1330681128361 720 800 13 1
720 801 1330681128391 720 800 13 1
720 801 1330681128421 720 800 13 1
720 801 1330681128451 720 800 13 1
720 801 1330681128481 720 800 13 1
720 801 1330681128511 720 800 13 1
720 801 1330681128541 720 800 13 1
720 801 1330681128571 720 800 13 1
720 801 1330681128601 720 800 13 1
720 801 1330681128631 720 800 13 1
720 801 1330681128661 720 800 13 1
720 801 1330681128691 720 800 13 1
720 801 1330681128721 720 800 13 1
720 801 1330681128751 720 800 13 1
720 801 1330681128781 720 800 13 1
720 801 1330681128811 1109 467 13 0
720 801 1330681128841 1109 467 13 0
720 801 1330681128871 1109 467 13 0
720 801 1330681128901 1109 467 13 0
720 801 1330681128931 1109 467 13 0
720 801 1330681128961 1109 467 13 0
720 801 1330681128991 1109 467 13 0
720 801 1330681129021 1109 467 13 0
721 799 1330681129051 1109 467 13 0
729 792 1330681129081 1109 467 13 0
765 763 1330681129111 1109 467 13 0
796 737 1330681129141 1109 467 13 0
854 688 1330681129171 1109 467 13 0
886 663 1330681129201 1109 467 13 0
945 619 1330681129231 1109 467 13 0
976 595 1330681129261 1109 467 13 0
1011 561 1330681129291 1109 467 13 0
1025 547 1330681129321 1109 467 13 0
1045 531 1330681129351 1109 467 13 0
1053 527 1330681129381 1109 467 13 0
1066 519 1330681129411 1109 467 13 0
1074 512 1330681129441 1109 467 13 0
1089 500 1330681129471 1109 467 13 0
1099 494 1330681129501 1109 467 13 0
1110 487 1330681129531 1109 467 13 0
1115 478 1330681129561 1109 467 13 0
1119 468 1330681129591 1109 467 13 0
1121 465 1330681129621 1109 467 13 0
1121 465 1330681129651 1109 467 13 0
1117 466 1330681129681 1109 467 13 0
1114 465 1330681129711 1109 467 13 0
1112 465 1330681129741 1109 467 13 0
1110 466 1330681129771 1109 467 13 1
1106 468 1330681129801 1109 467 13 1
1104 469 1330681129831 1109 467 13 0
1104 469 1330681129861 1109 467 13 0
1104 469 1330681129891 1109 467 13 0
1105 469 1330681129921 1109 467 13 0
1105 469 1330681129951 1109 467 13 0
1105 469 1330681129981 1109 467 13 0
1105 468 1330681130011 1109 467 13 0
1105 467 1330681130041 1109 467 13 0
1106 467 1330681130071 1109 467 13 1
1106 467 1330681130101 1109 467 13 1
1106 467 1330681130131 1109 467 13 1
1106 467 1330681130161 1109 467 13 1
1106 467 1330681130191 1109 467 13 1
1106 467 1330681130221 1109 467 13 1
1106 467 1330681130251 1109 467 13 1
1106 467 1330681130281 1109 467 13 1
1106 467 1330681130311 1109 467 13 1
1106 467 1330681130341 1109 467 13 1
1106 467 1330681130371 1109 467 13 1
1106 467 1330681130401 1109 467 13 1
1106 467 1330681130431 1109 467 13 1
1106 467 1330681130461 1109 467 13 1
1106 467 1330681130491 1109 467 13 1
1106 467 1330681130521 1109 467 13 1
1106 467 1330681130551 1109 467 13 1
1106 467 1330681130581 1109 467 13 1
1106 467 1330681130611 1109 467 13 1
1106 467 1330681130641 1109 467 13 1
1106 467 1330681130671 1109 467 13 1
1106 467 1330681130701 1109 467 13 1
1106 467 1330681130731 1109 467 13 1
1106 467 1330681130761 1109 467 13 1
1106 467 1330681130791 1109 467 13 1
1106 467 1330681130821 1109 467 13 1
1106 467 1330681130851 1109 467 13 1
1106 467 1330681130881 1109 467 13 1
1106 467 1330681130911 1109 467 13 1
1106 467 1330681130941 1109 467 13 1
1106 467 1330681130971 1109 467 13 1
1106 467 1330681131001 1109 467 13 1
1106 467 1330681131031 1109 467 13 1
1106 467 1330681131061 1109 467 13 1
1106 467 1330681131091 1109 467 13 1
1106 467 1330681131121 720 800 13 0
1106 467 1330681131151 720 800 13 0
1106 467 1330681131181 720 800 13 0
1106 467 1330681131211 720 800 13 0
1106 467 1330681131241 720 800 13 0
1106 467 1330681131271 720 800 13 0
1106 467 1330681131301 720 800 13 0
1105 468 1330681131331 720 800 13 0
1101 473 1330681131361 720 800 13 0
1071 491 1330681131391 720 800 13 0
1038 512 1330681131421 720 800 13 0
965 562 1330681131451 720 800 13 0
916 598 1330681131481 720 800 13 0
846 659 1330681131511 720 800 13 0
814 689 1330681131541 720 800 13 0
779 726 1330681131571 720 800 13 0
771 738 1330681131601 720 800 13 0
771 749 1330681131631 720 800 13 0
772 751 1330681131661 720 800 13 0
770 756 1330681131691 720 800 13 0
763 761 1330681131721 720 800 13 0
748 774 1330681131751 720 800 13 0
737 784 1330681131781 720 800 13 0
726 792 1330681131811 720 800 13 0
722 795 1330681131841 720 800 13 0
722 795 1330681131871 720 800 13 0
722 794 1330681131901 720 800 13 0
722 795 1330681131931 720 800 13 0
722 795 1330681131961 720 800 13 0
722 795 1330681131991 720 800 13 0
722 796 1330681132021 720 800 13 0
722 796 1330681132051 720 800 13 0
722 797 1330681132081 720 800 13 0
722 800 1330681132111 720 800 13 1
721 803 1330681132141 720 800 13 1
721 803 1330681132171 720 800 13 1
721 803 1330681132201 720 800 13 1
720 802 1330681132231 720 800 13 1
719 801 1330681132261 720 800 13 1
719 801 1330681132291 720 800 13 1
719 801 1330681132321 720 800 13 1
719 801 1330681132351 720 800 13 1
719 801 1330681132381 720 800 13 1
719 801 1330681132411 720 800 13 1
719 801 1330681132441 720 800 13 1
719 801 1330681132471 720 800 13 1
719 801 1330681132501 720 800 13 1
719 801 1330681132531 720 800 13 1
719 801 1330681132561 720 800 13 1
719 801 1330681132591 720 800 13 1
719 801 1330681132621 720 800 13 1
719 801 1330681132651 720 800 13 1
719 801 1330681132681 720 800 13 1
719 801 1330681132711 720 800 13 1
719 801 1330681132741 720 800 13 1
719 801 1330681132771 720 800 13 1
719 801 1330681132801 720 800 13 1
719 801 1330681132831 720 800 13 1
719 801 1330681132861 720 800 13 1
719 801 1330681132891 720 800 13 1
719 801 1330681132921 720 800 13 1
719 801 1330681132951 720 800 13 1
719 801 1330681132981 720 800 13 1
719 801 1330681133011 720 800 13 1
719 801 1330681133041 720 800 13 1
719 801 1330681133071 720 800 13 1
719 801 1330681133101 720 800 13 1
719 801 1330681133131 1270 800 13 0
719 801 1330681133161 1270 800 13 0
719 801 1330681133191 1270 800 13 0
719 801 1330681133221 1270 800 13 0
719 801 1330681133251 1270 800 13 0
719 801 1330681133281 1270 800 13 0
719 801 1330681133311 1270 800 13 0
725 801 1330681133341 1270 800 13 0
751 795 1330681133371 1270 800 13 0
800 786 1330681133401 1270 800 13 0
874 773 1330681133431 1270 800 13 0
938 765 1330681133461 1270 800 13 0
1041 758 1330681133491 1270 800 13 0
1092 756 1330681133521 1270 800 13 0
1149 755 1330681133551 1270 800 13 0
1166 757 1330681133581 1270 800 13 0
1170 761 1330681133611 1270 800 13 0
1167 763 1330681133641 1270 800 13 0
1160 767 1330681133671 1270 800 13 0
1158 770 1330681133701 1270 800 13 0
1158 779 1330681133731 1270 800 13 0
1165 784 1330681133761 1270 800 13 0
1187 792 1330681133791 1270 800 13 0
1204 796 1330681133821 1270 800 13 0
1233 800 1330681133851 1270 800 13 0
1246 802 1330681133881 1270 800 13 0
1257 803 1330681133911 1270 800 13 0
1258 804 1330681133941 1270 800 13 0
1256 803 1330681133971 1270 800 13 0
1255 801 1330681134001 1270 800 13 0
1255 800 1330681134031 1270 800 13 0
1255 800 1330681134061 1270 800 13 0
1257 801 1330681134091 1270 800 13 0
1262 802 1330681134121 1270 800 13 0
1268 802 1330681134151 1270 800 13 1
1270 801 1330681134181 1270 800 13 1
1270 801 1330681134211 1270 800 13 1
1271 801 1330681134241 1270 800 13 1
1271 801 1330681134271 1270 800 13 1
1271 801 1330681134301 1270 800 13 1
1271 801 1330681134331 1270 800 13 1
1271 801 1330681134361 1270 800 13 1
1271 801 1330681134391 1270 800 13 1
1271 801 1330681134421 1270 800 13 1
1271 801 1330681134451 1270 800 13 1
1271 801 1330681134481 1270 800 13 1
1271 801 1330681134511 1270 800 13 1
1271 801 1330681134541 1270 800 13 1
1271 801 1330681134571 1270 800 13 1
1271 801 1330681134601 1270 800 13 1
1271 801 1330681134631 1270 800 13 1
1271 801 1330681134661 1270 800 13 1
1271 801 1330681134691 1270 800 13 1
1271 801 1330681134721 1270 800 13 1
1271 801 1330681134751 1270 800 13 1
1271 801 1330681134781 1270 800 13 1
1271 801 1330681134811 1270 800 13 1
1271 801 1330681134841 1270 800 13 1
1271 801 1330681134871 1270 800 13 1
1271 801 1330681134901 1270 800 13 1
1271 801 1330681134931 1270 800 13 1
1271 801 1330681134961 1270 800 13 1
1271 801 1330681134991 1270 800 13 1
1271 801 1330681135021 1270 800 13 1
1271 801 1330681135051 1270 800 13 1
1271 801 1330681135081 1270 800 13 1
1271 801 1330681135111 1270 800 13 1
1271 801 1330681135141 1270 800 13 1
1271 801 1330681135171 720 800 13 0
1271 801 1330681135201 720 800 13 0
1271 801 1330681135231 720 800 13 0
1271 801 1330681135261 720 800 13 0
1271 801 1330681135291 720 800 13 0
1271 801 1330681135321 720 800 13 0
1271 801 1330681135351 720 800 13 0
1271 801 1330681135381 720 800 13 0
1270 800 1330681135411 720 800 13 0
1251 796 1330681135441 720 800 13 0
1185 788 1330681135471 720 800 13 0
1077 779 1330681135501 720 800 13 0
952 776 1330681135531 720 800 13 0
837 780 1330681135561 720 800 13 0
753 785 1330681135591 720 800 13 0
705 786 1330681135621 720 800 13 0
687 787 1330681135651 720 800 13 0
686 787 1330681135681 720 800 13 0
687 789 1330681135711 720 800 13 0
687 790 1330681135741 720 800 13 0
687 791 1330681135771 720 800 13 0
692 791 1330681135801 720 800 13 0
708 791 1330681135831 720 800 13 0
717 791 1330681135861 720 800 13 0
721 793 1330681135891 720 800 13 0
718 794 1330681135921 720 800 13 0
715 796 1330681135951 720 800 13 0
715 797 1330681135981 720 800 13 0
713 797 1330681136011 720 800 13 0
712 797 1330681136041 720 800 13 0
712 797 1330681136071 720 800 13 0
714 799 1330681136101 720 800 13 0
715 800 1330681136131 720 800 13 0
717 801 1330681136161 720 800 13 1
719 803 1330681136191 720 800 13 1
719 803 1330681136221 720 800 13 1
719 803 1330681136251 720 800 13 1
719 803 1330681136281 720 800 13 1
719 803 1330681136311 720 800 13 1
719 803 1330681136341 720 800 13 1
720 802 1330681136371 720 800 13 1
720 802 1330681136401 720 800 13 1
720 801 1330681136431 720 800 13 1
720 801 1330681136461 720 800 13 1
720 801 1330681136491 720 800 13 1
720 801 1330681136521 720 800 13 1
720 801 1330681136551 720 800 13 1
720 801 1330681136581 720 800 13 1
720 801 1330681136611 720 800 13 1
720 801 1330681136641 720 800 13 1
720 801 1330681136671 720 800 13 1
720 801 1330681136701 720 800 13 1
720 801 1330681136731 720 800 13 1
720 801 1330681136761 720 800 13 1
720 801 1330681136791 720 800 13 1
720 801 1330681136821 720 800 13 1
720 801 1330681136851 720 800 13 1
720 801 1330681136881 720 800 13 1
720 801 1330681136911 720 800 13 1
720 801 1330681136941 720 800 13 1
720 801 1330681136971 720 800 13 1
720 801 1330681137001 720 800 13 1
720 801 1330681137031 720 800 13 1
720 801 1330681137061 720 800 13 1
720 801 1330681137091 720 800 13 1
720 801 1330681137121 720 800 13 1
720 801 1330681137151 720 800 13 1
720 801 1330681137181 320 800 33 0
720 801 1330681137211 320 800 33 0
720 801 1330681137241 320 800 33 0
720 801 1330681137271 320 800 33 0
720 801 1330681137301 320 800 33 0
720 801 1330681137331 320 800 33 0
720 801 1330681137361 320 800 33 0
720 801 1330681137391 320 800 33 0
720 800 1330681137421 320 800 33 0
715 797 1330681137451 320 800 33 0
690 794 1330681137481 320 800 33 0
633 797 1330681137511 320 800 33 0
554 809 1330681137541 320 800 33 0
472 828 1330681137571 320 800 33 0
412 843 1330681137601 320 800 33 0
383 846 1330681137631 320 800 33 0
379 843 1330681137661 320 800 33 0
388 838 1330681137691 320 800 33 0
401 835 1330681137721 320 800 33 0
410 833 1330681137751 320 800 33 0
408 830 1330681137781 320 800 33 0
392 823 1330681137811 320 800 33 0
369 822 1330681137841 320 800 33 0
347 823 1330681137871 320 800 33 0
336 822 1330681137901 320 800 33 0
333 818 1330681137931 320 800 33 1
336 817 1330681137961 320 800 33 1
339 817 1330681137991 320 800 33 0
340 818 1330681138021 320 800 33 0
340 818 1330681138051 320 800 33 0
340 818 1330681138081 320 800 33 0
340 818 1330681138111 320 800 33 0
340 818 1330681138141 320 800 33 0
340 818 1330681138171 320 800 33 0
340 818 1330681138201 320 800 33 0
340 818 1330681138231 320 800 33 0
339 817 1330681138261 320 800 33 0
339 817 1330681138291 320 800 33 0
339 817 1330681138321 320 800 33 0
338 817 1330681138351 320 800 33 0
337 816 1330681138381 320 800 33 1
336 814 1330681138411 320 800 33 1
334 814 1330681138441 320 800 33 1
332 813 1330681138471 320 800 33 1
332 813 1330681138501 320 800 33 1
332 813 1330681138531 320 800 33 1
332 813 1330681138561 320 800 33 1
332 813 1330681138591 320 800 33 1
332 813 1330681138621 320 800 33 1
332 813 1330681138651 320 800 33 1
332 813 1330681138681 320 800 33 1
332 813 1330681138711 320 800 33 1
332 813 1330681138741 320 800 33 1
332 813 1330681138771 320 800 33 1
332 813 1330681138801 320 800 33 1
332 813 1330681138831 320 800 33 1
332 813 1330681138861 320 800 33 1
332 813 1330681138891 320 800 33 1
332 813 1330681138921 320 800 33 1
332 813 1330681138951 320 800 33 1
332 813 1330681138981 320 800 33 1
332 813 1330681139011 320 800 33 1
332 813 1330681139041 320 800 33 1
332 813 1330681139071 320 800 33 1
332 813 1330681139101 320 800 33 1
332 813 1330681139131 320 800 33 1
332 813 1330681139161 320 800 33 1
332 813 1330681139191 320 800 33 1
332 813 1330681139221 320 800 33 1
333 813 1330681139251 320 800 33 1
333 813 1330681139281 320 800 33 1
333 813 1330681139311 320 800 33 1
333 813 1330681139341 320 800 33 1
333 813 1330681139371 320 800 33 1
333 813 1330681139401 720 800 36 0
333 813 1330681139431 720 800 36 0
333 813 1330681139461 720 800 36 0
333 813 1330681139491 720 800 36 0
333 813 1330681139521 720 800 36 0
335 813 1330681139551 720 800 36 0
341 812 1330681139581 720 800 36 0
361 807 1330681139611 720 800 36 0
402 795 1330681139641 720 800 36 0
462 782 1330681139671 720 800 36 0
532 773 1330681139701 720 800 36 0
596 770 1330681139731 720 800 36 0
647 771 1330681139761 720 800 36 0
680 771 1330681139791 720 800 36 0
698 772 1330681139821 720 800 36 0
710 776 1330681139851 720 800 36 1
715 781 1330681139881 720 800 36 1
716 785 1330681139911 720 800 36 1
714 789 1330681139941 720 800 36 1
713 790 1330681139971 720 800 36 1
713 790 1330681140001 720 800 36 1
713 790 1330681140031 720 800 36 1
713 790 1330681140061 720 800 36 1
713 790 1330681140091 720 800 36 1
714 790 1330681140121 720 800 36 1
714 790 1330681140151 720 800 36 1
714 790 1330681140181 720 800 36 1
714 790 1330681140211 720 800 36 1
714 790 1330681140241 720 800 36 1
714 790 1330681140271 720 800 36 1
714 790 1330681140301 720 800 36 1
714 790 1330681140331 720 800 36 1
714 790 1330681140361 720 800 36 1
714 790 1330681140391 720 800 36 1
714 790 1330681140421 720 800 36 1
714 790 1330681140451 720 800 36 1
714 790 1330681140481 720 800 36 1
714 790 1330681140511 720 800 36 1
714 790 1330681140541 720 800 36 1
714 790 1330681140571 720 800 36 1
714 790 1330681140601 720 800 36 1
714 790 1330681140631 720 800 36 1
714 790 1330681140661 720 800 36 1
714 790 1330681140691 720 800 36 1
714 790 1330681140721 720 800 36 1
714 790 1330681140751 720 800 36 1
714 790 1330681140781 720 800 36 1
714 790 1330681140811 720 800 36 1
714 790 1330681140841 720 800 36 1
714 790 1330681140871 720 800 36 1
714 790 1330681140901 437 517 31 0
714 790 1330681140931 437 517 31 0
714 790 1330681140961 437 517 31 0
714 790 1330681140991 437 517 31 0
714 790 1330681141021 437 517 31 0
714 790 1330681141051 437 517 31 0
714 790 1330681141081 437 517 31 0
714 790 1330681141111 437 517 31 0
713 788 1330681141141 437 517 31 0
703 778 1330681141171 437 517 31 0
681 758 1330681141201 437 517 31 0
644 727 1330681141231 437 517 31 0
597 684 1330681141261 437 517 31 0
550 639 1330681141291 437 517 31 0
512 595 1330681141321 437 517 31 0
492 556 1330681141351 437 517 31 0
480 529 1330681141381 437 517 31 0
474 512 1330681141411 437 517 31 0
471 500 1330681141441 437 517 31 0
469 496 1330681141471 437 517 31 0
467 496 1330681141501 437 517 31 0
465 501 1330681141531 437 517 31 0
463 505 1330681141561 437 517 31 0
461 507 1330681141591 437 517 31 0
460 511 1330681141621 437 517 31 0
459 513 1330681141651 437 517 31 0
459 514 1330681141681 437 517 31 0
459 514 1330681141711 437 517 31 0
459 514 1330681141741 437 517 31 0
459 514 1330681141771 437 517 31 0
459 514 1330681141801 437 517 31 0
459 514 1330681141831 437 517 31 0
458 513 1330681141861 437 517 31 0
458 513 1330681141891 437 517 31 0
457 512 1330681141921 437 517 31 1
453 512 1330681141951 437 517 31 1
451 512 1330681141981 437 517 31 1
449 511 1330681142011 437 517 31 1
448 511 1330681142041 437 517 31 1
448 510 1330681142071 437 517 31 1
448 510 1330681142101 437 517 31 1
448 510 1330681142131 437 517 31 1
448 510 1330681142161 437 517 31 1
448 510 1330681142191 437 517 31 1
448 510 1330681142221 437 517 31 1
448 510 1330681142251 437 517 31 1
448 510 1330681142281 437 517 31 1
448 510 1330681142311 437 517 31 1
448 510 1330681142341 437 517 31 1
448 510 1330681142371 437 517 31 1
448 510 1330681142401 437 517 31 1
448 510 1330681142431 437 517 31 1
448 510 1330681142461 437 517 31 1
448 510 1330681142491 437 517 31 1
448 510 1330681142521 437 517 31 1
448 510 1330681142551 437 517 31 1
448 510 1330681142581 437 517 31 1
448 510 1330681142611 437 517 31 1
448 510 1330681142641 437 517 31 1
448 510 1330681142671 437 517 31 1
448 510 1330681142701 437 517 31 1
448 510 1330681142731 437 517 31 1
448 510 1330681142761 437 517 31 1
448 510 1330681142791 437 517 31 1
448 510 1330681142821 437 517 31 1
448 510 1330681142851 437 517 31 1
448 510 1330681142881 437 517 31 1
448 510 1330681142911 437 517 31 1
448 510 1330681142941 437 517 31 1
448 510 1330681142971 720 800 37 0
448 510 1330681143001 720 800 37 0
448 510 1330681143031 720 800 37 0
448 510 1330681143061 720 800 37 0
448 510 1330681143091 720 800 37 0
448 510 1330681143121 720 800 37 0
448 510 1330681143151 720 800 37 0
451 513 1330681143181 720 800 37 0
470 528 1330681143211 720 800 37 0
492 545 1330681143241 720 800 37 0
546 591 1330681143271 720 800 37 0
582 626 1330681143301 720 800 37 0
625 677 1330681143331 720 800 37 0
661 718 1330681143361 720 800 37 0
688 748 1330681143391 720 800 37 0
699 765 1330681143421 720 800 37 0
701 771 1330681143451 720 800 37 0
701 772 1330681143481 720 800 37 0
702 772 1330681143511 720 800 37 0
704 775 1330681143541 720 800 37 0
708 778 1330681143571 720 800 37 1
709 779 1330681143601 720 800 37 1
710 780 1330681143631 720 800 37 1
710 780 1330681143661 720 800 37 1
710 780 1330681143691 720 800 37 1
710 780 1330681143721 720 800 37 1
710 780 1330681143751 720 800 37 1
710 780 1330681143781 720 800 37 1
710 780 1330681143811 720 800 37 1
710 780 1330681143841 720 800 37 1
710 780 1330681143871 720 800 37 1
710 780 1330681143901 720 800 37 1
710 780 1330681143931 720 800 37 1
710 780 1330681143961 720 800 37 1
710 780 1330681143991 720 800 37 1
710 780 1330681144021 720 800 37 1
710 780 1330681144051 720 800 37 1
710 780 1330681144081 720 800 37 1
710 780 1330681144111 720 800 37 1
710 780 1330681144141 720 800 37 1
710 780 1330681144171 720 800 37 1
710 780 1330681144201 720 800 37 1
710 780 1330681144231 720 800 37 1
710 780 1330681144261 720 800 37 1
710 780 1330681144291 720 800 37 1
710 780 1330681144321 720 800 37 1
710 780 1330681144351 720 800 37 1
710 780 1330681144381 720 800 37 1
710 780 1330681144411 720 800 37 1
710 780 1330681144441 720 800 37 1
710 780 1330681144471 720 800 37 1
710 780 1330681144501 720 800 37 1
710 780 1330681144531 720 800 37 1
710 780 1330681144561 720 800 37 1
710 780 1330681144591 720 400 32 0
710 780 1330681144621 720 400 32 0
710 780 1330681144651 720 400 32 0
710 779 1330681144681 720 400 32 0
710 779 1330681144711 720 400 32 0
709 778 1330681144741 720 400 32 0
707 771 1330681144771 720 400 32 0
702 748 1330681144801 720 400 32 0
694 702 1330681144831 720 400 32 0
690 633 1330681144861 720 400 32 0
689 555 1330681144891 720 400 32 0
690 493 1330681144921 720 400 32 0
688 458 1330681144951 720 400 32 0
693 431 1330681144981 720 400 32 0
706 413 1330681145011 720 400 32 1
709 410 1330681145041 720 400 32 1
709 410 1330681145071 720 400 32 1
709 410 1330681145101 720 400 32 1
710 411 1330681145131 720 400 32 1
711 411 1330681145161 720 400 32 1
711 411 1330681145191 720 400 32 1
711 411 1330681145221 720 400 32 1
711 411 1330681145251 720 400 32 1
710 410 1330681145281 720 400 32 1
710 409 1330681145311 720 400 32 1
710 409 1330681145341 720 400 32 1
710 409 1330681145371 720 400 32 1
710 409 1330681145401 720 400 32 1
710 409 1330681145431 720 400 32 1
710 409 1330681145461 720 400 32 1
710 409 1330681145491 720 400 32 1
710 409 1330681145521 720 400 32 1
710 409 1330681145551 720 400 32 1
710 409 1330681145581 720 400 32 1
710 409 1330681145611 720 400 32 1
710 409 1330681145641 720 400 32 1
710 409 1330681145671 720 400 32 1
710 409 1330681145701 720 400 32 1
710 409 1330681145731 720 400 32 1
710 409 1330681145761 720 400 32 1
710 409 1330681145791 720 400 32 1
710 409 1330681145821 720 400 32 1
710 409 1330681145851 720 400 32 1
710 409 1330681145881 720 400 32 1
710 409 1330681145911 720 400 32 1
710 409 1330681145941 720 400 32 1
710 409 1330681145971 720 400 32 1
710 409 1330681146001 720 400 32 1
710 409 1330681146031 720 400 32 1
710 409 1330681146061 720 800 36 0
710 409 1330681146091 720 800 36 0
710 409 1330681146121 720 800 36 0
710 409 1330681146151 720 800 36 0
710 409 1330681146181 720 800 36 0
710 409 1330681146211 720 800 36 0
710 409 1330681146241 720 800 36 0
712 417 1330681146271 720 800 36 0
717 440 1330681146301 720 800 36 0
721 485 1330681146331 720 800 36 0
724 549 1330681146361 720 800 36 0
725 625 1330681146391 720 800 36 0
729 698 1330681146421 720 800 36 0
732 759 1330681146451 720 800 36 0
726 802 1330681146481 720 800 36 1
719 827 1330681146511 720 800 36 0
715 836 1330681146541 720 800 36 0
711 831 1330681146571 720 800 36 0
709 824 1330681146601 720 800 36 1
709 819 1330681146631 720 800 36 1
712 812 1330681146661 720 800 36 1
718 803 1330681146691 720 800 36 1
723 796 1330681146721 720 800 36 1
727 794 1330681146751 720 800 36 1
728 794 1330681146781 720 800 36 1
728 794 1330681146811 720 800 36 1
728 794 1330681146841 720 800 36 1
728 794 1330681146871 720 800 36 1
728 794 1330681146901 720 800 36 1
728 794 1330681146931 720 800 36 1
728 793 1330681146961 720 800 36 1
728 793 1330681146991 720 800 36 1
728 793 1330681147021 720 800 36 1
728 793 1330681147051 720 800 36 1
728 793 1330681147081 720 800 36 1
728 793 1330681147111 720 800 36 1
728 793 1330681147141 720 800 36 1
728 793 1330681147171 720 800 36 1
728 793 1330681147201 720 800 36 1
728 793 1330681147231 720 800 36 1
728 793 1330681147261 720 800 36 1
728 793 1330681147291 720 800 36 1
728 793 1330681147321 720 800 36 1
728 793 1330681147351 720 800 36 1
728 793 1330681147381 720 800 36 1
728 793 1330681147411 720 800 36 1
728 793 1330681147441 720 800 36 1
728 793 1330681147471 720 800 36 1
728 793 1330681147501 720 800 36 1
728 793 1330681147531 720 800 36 1
728 793 1330681147561 720 800 36 1
728 793 1330681147591 720 800 36 1
728 793 1330681147621 1003 517 34 0
728 793 1330681147651 1003 517 34 0
728 793 1330681147681 1003 517 34 0
728 793 1330681147711 1003 517 34 0
728 793 1330681147741 1003 517 34 0
728 793 1330681147771 1003 517 34 0
729 793 1330681147801 1003 517 34 0
733 790 1330681147831 1003 517 34 0
745 780 1330681147861 1003 517 34 0
793 740 1330681147891 1003 517 34 0
836 701 1330681147921 1003 517 34 0
903 646 1330681147951 1003 517 34 0
963 598 1330681147981 1003 517 34 0
1003 561 1330681148011 1003 517 34 0
1023 541 1330681148041 1003 517 34 0
1027 536 1330681148071 1003 517 34 0
1021 536 1330681148101 1003 517 34 0
1007 543 1330681148131 1003 517 34 0
992 553 1330681148161 1003 517 34 0
981 560 1330681148191 1003 517 34 0
975 562 1330681148221 1003 517 34 0
974 562 1330681148251 1003 517 34 0
975 560 1330681148281 1003 517 34 0
980 552 1330681148311 1003 517 34 0
987 545 1330681148341 1003 517 34 0
990 542 1330681148371 1003 517 34 0
990 542 1330681148401 1003 517 34 0
991 540 1330681148431 1003 517 34 0
992 537 1330681148461 1003 517 34 1
993 536 1330681148491 1003 517 34 1
993 536 1330681148521 1003 517 34 1
993 536 1330681148551 1003 517 34 1
993 536 1330681148581 1003 517 34 1
993 536 1330681148611 1003 517 34 1
993 536 1330681148641 1003 517 34 1
993 536 1330681148671 1003 517 34 1
993 536 1330681148701 1003 517 34 1
993 536 1330681148731 1003 517 34 1
993 536 1330681148761 1003 517 34 1
993 536 1330681148791 1003 517 34 1
993 536 1330681148821 1003 517 34 1
993 536 1330681148851 1003 517 34 1
993 536 1330681148881 1003 517 34 1
993 536 1330681148911 1003 517 34 1
993 536 1330681148941 1003 517 34 1
993 536 1330681148971 1003 517 34 1
993 536 1330681149001 1003 517 34 1
993 536 1330681149031 1003 517 34 1
993 536 1330681149061 1003 517 34 1
993 536 1330681149091 1003 517 34 1
993 536 1330681149121 1003 517 34 1
993 536 1330681149151 1003 517 34 1
993 536 1330681149181 1003 517 34 1
993 536 1330681149211 1003 517 34 1
993 536 1330681149241 1003 517 34 1
993 536 1330681149271 1003 517 34 1
993 536 1330681149301 1003 517 34 1
993 536 1330681149331 1003 517 34 1
993 536 1330681149361 1003 517 34 1
993 536 1330681149391 1003 517 34 1
993 536 1330681149421 1003 517 34 1
993 536 1330681149451 1003 517 34 1
993 536 1330681149481 720 800 34 0
993 536 1330681149511 720 800 34 0
993 536 1330681149541 720 800 34 0
993 536 1330681149571 720 800 34 0
993 536 1330681149601 720 800 34 0
993 536 1330681149631 720 800 34 0
993 537 1330681149661 720 800 34 0
981 547 1330681149691 720 800 34 0
963 560 1330681149721 720 800 34 0
920 596 1330681149751 720 800 34 0
886 627 1330681149781 720 800 34 0
826 682 1330681149811 720 800 34 0
797 709 1330681149841 720 800 34 0
770 737 1330681149871 720 800 34 0
764 744 1330681149901 720 800 34 0
763 745 1330681149931 720 800 34 0
763 745 1330681149961 720 800 34 0
762 746 1330681149991 720 800 34 0
757 750 1330681150021 720 800 34 0
744 763 1330681150051 720 800 34 0
738 771 1330681150081 720 800 34 0
733 779 1330681150111 720 800 34 1
730 784 1330681150141 720 800 34 1
728 789 1330681150171 720 800 34 1
728 789 1330681150201 720 800 34 1
728 789 1330681150231 720 800 34 1
728 789 1330681150261 720 800 34 1
728 789 1330681150291 720 800 34 1
728 789 1330681150321 720 800 34 1
728 789 1330681150351 720 800 34 1
728 789 1330681150381 720 800 34 1
728 789 1330681150411 720 800 34 1
728 789 1330681150441 720 800 34 1
728 789 1330681150471 720 800 34 1
728 789 1330681150501 720 800 34 1
728 789 1330681150531 720 800 34 1
728 789 1330681150561 720 800 34 1
728 789 1330681150591 720 800 34 1
728 789 1330681150621 720 800 34 1
728 789 1330681150651 720 800 34 1
728 789 1330681150681 720 800 34 1
728 789 1330681150711 720 800 34 1
728 789 1330681150741 720 800 34 1
728 789 1330681150771 720 800 34 1
728 789 1330681150801 720 800 34 1
728 789 1330681150831 720 800 34 1
728 789 1330681150861 720 800 34 1
728 789 1330681150891 720 800 34 1
728 789 1330681150921 720 800 34 1
728 789 1330681150951 720 800 34 1
728 789 1330681150981 720 800 34 1
728 789 1330681151011 720 800 34 1
728 789 1330681151041 720 800 34 1
728 789 1330681151071 720 800 34 1
728 789 1330681151101 720 800 34 1
728 789 1330681151131 720 800 34 1
728 789 1330681151161 1120 800 36 0
728 789 1330681151191 1120 800 36 0
728 789 1330681151221 1120 800 36 0
728 789 1330681151251 1120 800 36 0
728 789 1330681151281 1120 800 36 0
730 789 1330681151311 1120 800 36 0
739 789 1330681151341 1120 800 36 0
772 785 1330681151371 1120 800 36 0
843 775 1330681151401 1120 800 36 0
933 767 1330681151431 1120 800 36 0
1022 765 1330681151461 1120 800 36 0
1082 771 1330681151491 1120 800 36 0
1106 777 1330681151521 1120 800 36 0
1110 779 1330681151551 1120 800 36 1
1110 779 1330681151581 1120 800 36 1
1111 780 1330681151611 1120 800 36 1
1116 784 1330681151641 1120 800 36 1
1119 786 1330681151671 1120 800 36 1
1120 786 1330681151701 1120 800 36 1
1120 787 1330681151731 1120 800 36 1
1119 786 1330681151761 1120 800 36 1
1119 786 1330681151791 1120 800 36 1
1119 786 1330681151821 1120 800 36 1
1119 786 1330681151851 1120 800 36 1
1119 786 1330681151881 1120 800 36 1
1119 786 1330681151911 1120 800 36 1
1119 786 1330681151941 1120 800 36 1
1119 786 1330681151971 1120 800 36 1
1119 786 1330681152001 1120 800 36 1
1119 786 1330681152031 1120 800 36 1
1119 786 1330681152061 1120 800 36 1
1119 786 1330681152091 1120 800 36 1
1119 786 1330681152121 1120 800 36 1
1119 786 1330681152151 1120 800 36 1
1119 786 1330681152181 1120 800 36 1
1119 786 1330681152211 1120 800 36 1
1119 786 1330681152241 1120 800 36 1
1119 786 1330681152271 1120 800 36 1
1119 786 1330681152301 1120 800 36 1
1119 786 1330681152331 1120 800 36 1
1119 786 1330681152361 1120 800 36 1
1119 786 1330681152391 1120 800 36 1
1119 786 1330681152421 1120 800 36 1
1119 786 1330681152451 1120 800 36 1
1119 786 1330681152481 1120 800 36 1
1119 786 1330681152511 1120 800 36 1
1119 786 1330681152541 1120 800 36 1
1119 786 1330681152571 720 800 32 0
1119 786 1330681152601 720 800 32 0
1119 786 1330681152631 720 800 32 0
1119 786 1330681152661 720 800 32 0
1119 786 1330681152691 720 800 32 0
1119 786 1330681152721 720 800 32 0
1119 786 1330681152751 720 800 32 0
1114 784 1330681152781 720 800 32 0
1085 780 1330681152811 720 800 32 0
1024 777 1330681152841 720 800 32 0
945 777 1330681152871 720 800 32 0
860 783 1330681152901 720 800 32 0
781 792 1330681152931 720 800 32 0
723 799 1330681152961 720 800 32 1
690 803 1330681152991 720 800 32 0
680 804 1330681153021 720 800 32 0
682 804 1330681153051 720 800 32 0
687 802 1330681153081 720 800 32 0
691 803 1330681153111 720 800 32 0
696 803 1330681153141 720 800 32 0
701 803 1330681153171 720 800 32 1
705 803 1330681153201 720 800 32 1
709 803 1330681153231 720 800 32 1
710 803 1330681153261 720 800 32 1
710 803 1330681153291 720 800 32 1
710 803 1330681153321 720 800 32 1
710 803 1330681153351 720 800 32 1
710 803 1330681153381 720 800 32 1
710 803 1330681153411 720 800 32 1
710 803 1330681153441 720 800 32 1
710 803 1330681153471 720 800 32 1
710 803 1330681153501 720 800 32 1
710 803 1330681153531 720 800 32 1
710 803 1330681153561 720 800 32 1
710 803 1330681153591 720 800 32 1
710 803 1330681153621 720 800 32 1
710 803 1330681153651 720 800 32 1
710 803 1330681153681 720 800 32 1
710 803 1330681153711 720 800 32 1
710 803 1330681153741 720 800 32 1
710 803 1330681153771 720 800 32 1
710 803 1330681153801 720 800 32 1
710 803 1330681153831 720 800 32 1
710 803 1330681153861 720 800 32 1
710 803 1330681153891 720 800 32 1
710 803 1330681153921 720 800 32 1
710 803 1330681153951 720 800 32 1
710 803 1330681153981 720 800 32 1
710 803 1330681154011 720 800 32 1
710 803 1330681154041 720 800 32 1
710 803 1330681154071 720 800 32 1
710 803 1330681154101 720 800 32 1
710 803 1330681154131 720 800 32 1
710 803 1330681154161 720 800 32 1
710 803 1330681154191 320 800 17 0
710 803 1330681154221 320 800 17 0
710 803 1330681154251 320 800 17 0
710 803 1330681154281 320 800 17 0
710 803 1330681154311 320 800 17 0
710 803 1330681154341 320 800 17 0
710 803 1330681154371 320 800 17 0
709 802 1330681154401 320 800 17 0
692 798 1330681154431 320 800 17 0
666 795 1330681154461 320 800 17 0
593 796 1330681154491 320 800 17 0
539 803 1330681154521 320 800 17 0
453 823 1330681154551 320 800 17 0
413 831 1330681154581 320 800 17 0
381 831 1330681154611 320 800 17 0
375 827 1330681154641 320 800 17 0
372 820 1330681154671 320 800 17 0
370 816 1330681154701 320 800 17 0
362 809 1330681154731 320 800 17 0
355 806 1330681154761 320 800 17 0
347 803 1330681154791 320 800 17 0
340 801 1330681154821 320 800 17 0
331 801 1330681154851 320 800 17 0
320 804 1330681154881 320 800 17 1
313 806 1330681154911 320 800 17 0
312 806 1330681154941 320 800 17 0
317 806 1330681154971 320 800 17 1
321 807 1330681155001 320 800 17 1
322 807 1330681155031 320 800 17 1
323 807 1330681155061 320 800 17 1
324 804 1330681155091 320 800 17 1
324 803 1330681155121 320 800 17 1
324 803 1330681155151 320 800 17 1
324 803 1330681155181 320 800 17 1
324 803 1330681155211 320 800 17 1
323 802 1330681155241 320 800 17 1
323 802 1330681155271 320 800 17 1
323 802 1330681155301 320 800 17 1
323 802 1330681155331 320 800 17 1
323 802 1330681155361 320 800 17 1
323 802 1330681155391 320 800 17 1
323 802 1330681155421 320 800 17 1
323 802 1330681155451 320 800 17 1
323 802 1330681155481 320 800 17 1
323 802 1330681155511 320 800 17 1
323 802 1330681155541 320 800 17 1
323 802 1330681155571 320 800 17 1
323 802 1330681155601 320 800 17 1
323 802 1330681155631 320 800 17 1
323 802 1330681155661 320 800 17 1
323 802 1330681155691 320 800 17 1
323 802 1330681155721 320 800 17 1
323 802 1330681155751 320 800 17 1
323 802 1330681155781 320 800 17 1
323 802 1330681155811 320 800 17 1
323 802 1330681155841 320 800 17 1
323 802 1330681155871 320 800 17 1
323 802 1330681155901 320 800 17 1
323 802 1330681155931 320 800 17 1
323 802 1330681155961 320 800 17 1
323 802 1330681155991 720 800 18 0
323 802 1330681156021 720 800 18 0
323 802 1330681156051 720 800 18 0
323 802 1330681156081 720 800 18 0
323 802 1330681156111 720 800 18 0
323 802 1330681156141 720 800 18 0
323 802 1330681156171 720 800 18 0
330 802 1330681156201 720 800 18 0
354 797 1330681156231 720 800 18 0
402 787 1330681156261 720 800 18 0
453 777 1330681156291 720 800 18 0
547 768 1330681156321 720 800 18 0
615 769 1330681156351 720 800 18 0
665 774 1330681156381 720 800 18 0
694 777 1330681156411 720 800 18 0
702 780 1330681156441 720 800 18 0
702 781 1330681156471 720 800 18 0
700 781 1330681156501 720 800 18 0
699 780 1330681156531 720 800 18 0
699 781 1330681156561 720 800 18 0
702 785 1330681156591 720 800 18 0
704 786 1330681156621 720 800 18 0
709 788 1330681156651 720 800 18 0
714 790 1330681156681 720 800 18 0
722 794 1330681156711 720 800 18 1
724 796 1330681156741 720 800 18 1
725 796 1330681156771 720 800 18 1
724 795 1330681156801 720 800 18 1
723 794 1330681156831 720 800 18 1
723 794 1330681156861 720 800 18 1
723 794 1330681156891 720 800 18 1
723 794 1330681156921 720 800 18 1
723 794 1330681156951 720 800 18 1
723 794 1330681156981 720 800 18 1
723 794 1330681157011 720 800 18 1
723 794 1330681157041 720 800 18 1
723 794 1330681157071 720 800 18 1
723 794 1330681157101 720 800 18 1
723 794 1330681157131 720 800 18 1
723 794 1330681157161 720 800 18 1
723 794 1330681157191 720 800 18 1
723 794 1330681157221 720 800 18 1
723 794 1330681157251 720 800 18 1
723 794 1330681157281 720 800 18 1
723 794 1330681157311 720 800 18 1
723 794 1330681157341 720 800 18 1
723 794 1330681157371 720 800 18 1
723 794 1330681157401 720 800 18 1
723 794 1330681157431 720 800 18 1
723 794 1330681157461 720 800 18 1
723 794 1330681157491 720 800 18 1
723 794 1330681157521 720 800 18 1
723 794 1330681157551 720 800 18 1
723 794 1330681157581 720 800 18 1
723 794 1330681157611 720 800 18 1
723 794 1330681157641 720 800 18 1
723 794 1330681157671 720 800 18 1
723 794 1330681157701 720 800 18 1
723 794 1330681157731 437 517 17 0
723 794 1330681157761 437 517 17 0
723 793 1330681157791 437 517 17 0
718 790 1330681157821 437 517 17 0
708 783 1330681157851 437 517 17 0
689 772 1330681157881 437 517 17 0
654 755 1330681157911 437 517 17 0
601 729 1330681157941 437 517 17 0
549 687 1330681157971 437 517 17 0
511 635 1330681158001 437 517 17 0
495 596 1330681158031 437 517 17 0
490 583 1330681158061 437 517 17 0
488 578 1330681158091 437 517 17 0
485 575 1330681158121 437 517 17 0
476 575 1330681158151 437 517 17 0
458 573 1330681158181 437 517 17 0
448 567 1330681158211 437 517 17 0
440 562 1330681158241 437 517 17 0
435 552 1330681158271 437 517 17 0
434 542 1330681158301 437 517 17 0
433 534 1330681158331 437 517 17 0
432 529 1330681158361 437 517 17 0
432 527 1330681158391 437 517 17 0
432 526 1330681158421 437 517 17 0
432 525 1330681158451 437 517 17 0
432 523 1330681158481 437 517 17 0
433 523 1330681158511 437 517 17 1
433 523 1330681158541 437 517 17 1
433 523 1330681158571 437 517 17 1
433 523 1330681158601 437 517 17 1
433 523 1330681158631 437 517 17 1
433 523 1330681158661 437 517 17 1
433 523 1330681158691 437 517 17 1
433 523 1330681158721 437 517 17 1
433 523 1330681158751 437 517 17 1
433 523 1330681158781 437 517 17 1
433 523 1330681158811 437 517 17 1
433 523 1330681158841 437 517 17 1
433 523 1330681158871 437 517 17 1
433 523 1330681158901 437 517 17 1
433 523 1330681158931 437 517 17 1
433 523 1330681158961 437 517 17 1
433 523 1330681158991 437 517 17 1
433 523 1330681159021 437 517 17 1
433 523 1330681159051 437 517 17 1
433 523 1330681159081 437 517 17 1
433 523 1330681159111 437 517 17 1
433 523 1330681159141 437 517 17 1
433 523 1330681159171 437 517 17 1
433 523 1330681159201 437 517 17 1
433 523 1330681159231 437 517 17 1
433 523 1330681159261 437 517 17 1
433 523 1330681159291 437 517 17 1
433 523 1330681159321 437 517 17 1
433 523 1330681159351 437 517 17 1
433 523 1330681159381 437 517 17 1
433 523 1330681159411 437 517 17 1
433 523 1330681159441 437 517 17 1
433 523 1330681159471 437 517 17 1
433 523 1330681159501 437 517 17 1
433 523 1330681159531 720 800 18 0
433 523 1330681159561 720 800 18 0
433 523 1330681159591 720 800 18 0
433 523 1330681159621 720 800 18 0
433 523 1330681159651 720 800 18 0
433 523 1330681159681 720 800 18 0
433 523 1330681159711 720 800 18 0
435 526 1330681159741 720 800 18 0
445 538 1330681159771 720 800 18 0
468 562 1330681159801 720 800 18 0
505 595 1330681159831 720 800 18 0
553 633 1330681159861 720 800 18 0
605 673 1330681159891 720 800 18 0
651 712 1330681159921 720 800 18 0
683 743 1330681159951 720 800 18 0
701 765 1330681159981 720 800 18 0
709 780 1330681160011 720 800 18 0
708 783 1330681160041 720 800 18 0
704 781 1330681160071 720 800 18 0
704 781 1330681160101 720 800 18 0
708 781 1330681160131 720 800 18 0
711 782 1330681160161 720 800 18 0
715 787 1330681160191 720 800 18 0
721 795 1330681160221 720 800 18 1
725 798 1330681160251 720 800 18 1
725 798 1330681160281 720 800 18 1
724 798 1330681160311 720 800 18 1
723 797 1330681160341 720 800 18 1
722 796 1330681160371 720 800 18 1
722 795 1330681160401 720 800 18 1
722 795 1330681160431 720 800 18 1
722 795 1330681160461 720 800 18 1
722 795 1330681160491 720 800 18 1
722 795 1330681160521 720 800 18 1
722 795 1330681160551 720 800 18 1
722 795 1330681160581 720 800 18 1
722 795 1330681160611 720 800 18 1
722 795 1330681160641 720 800 18 1
722 795 1330681160671 720 800 18 1
722 795 1330681160701 720 800 18 1
722 795 1330681160731 720 800 18 1
722 795 1330681160761 720 800 18 1
722 795 1330681160791 720 800 18 1
722 795 1330681160821 720 800 18 1
722 795 1330681160851 720 800 18 1
722 795 1330681160881 720 800 18 1
722 795 1330681160911 720 800 18 1
722 795 1330681160941 720 800 18 1
722 795 1330681160971 720 800 18 1
722 795 1330681161001 720 800 18 1
722 795 1330681161031 720 800 18 1
722 795 1330681161061 720 800 18 1
722 795 1330681161091 720 800 18 1
722 795 1330681161121 720 800 18 1
722 795 1330681161151 720 800 18 1
722 795 1330681161181 720 800 18 1
722 795 1330681161211 720 800 18 1
722 795 1330681161241 720 400 17 0
722 795 1330681161271 720 400 17 0
722 795 1330681161301 720 400 17 0
722 795 1330681161331 720 400 17 0
722 795 1330681161361 720 400 17 0
722 795 1330681161391 720 400 17 0
722 795 1330681161421 720 400 17 0
717 785 1330681161451 720 400 17 0
712 765 1330681161481 720 400 17 0
707 696 1330681161511 720 400 17 0
706 640 1330681161541 720 400 17 0
708 562 1330681161571 720 400 17 0
714 505 1330681161601 720 400 17 0
719 461 1330681161631 720 400 17 0
720 440 1330681161661 720 400 17 0
722 409 1330681161691 720 400 17 0
722 400 1330681161721 720 400 17 1
722 397 1330681161751 720 400 17 1
722 397 1330681161781 720 400 17 1
722 397 1330681161811 720 400 17 1
723 398 1330681161841 720 400 17 1
727 400 1330681161871 720 400 17 1
729 403 1330681161901 720 400 17 0
729 403 1330681161931 720 400 17 0
729 403 1330681161961 720 400 17 0
729 403 1330681161991 720 400 17 0
729 402 1330681162021 720 400 17 0
729 401 1330681162051 720 400 17 0
729 401 1330681162081 720 400 17 0
729 400 1330681162111 720 400 17 0
729 399 1330681162141 720 400 17 0
729 398 1330681162171 720 400 17 0
729 398 1330681162201 720 400 17 0
729 398 1330681162231 720 400 17 0
729 397 1330681162261 720 400 17 0
728 397 1330681162291 720 400 17 0
728 397 1330681162321 720 400 17 0
728 397 1330681162351 720 400 17 0
728 397 1330681162381 720 400 17 0
728 397 1330681162411 720 400 17 0
727 398 1330681162441 720 400 17 1
727 398 1330681162471 720 400 17 1
727 398 1330681162501 720 400 17 1
727 398 1330681162531 720 400 17 1
727 398 1330681162561 720 400 17 1
727 398 1330681162591 720 400 17 1
727 398 1330681162621 720 400 17 1
727 398 1330681162651 720 400 17 1
727 398 1330681162681 720 400 17 1
727 398 1330681162711 720 400 17 1
727 398 1330681162741 720 400 17 1
727 398 1330681162771 720 400 17 1
727 398 1330681162801 720 400 17 1
727 398 1330681162831 720 400 17 1
727 398 1330681162861 720 400 17 1
727 398 1330681162891 720 400 17 1
727 398 1330681162921 720 400 17 1
727 398 1330681162951 720 400 17 1
727 398 1330681162981 720 400 17 1
727 398 1330681163011 720 400 17 1
727 398 1330681163041 720 400 17 1
727 398 1330681163071 720 400 17 1
727 398 1330681163101 720 400 17 1
727 398 1330681163131 720 400 17 1
727 398 1330681163161 720 400 17 1
727 398 1330681163191 720 400 17 1
727 398 1330681163221 720 400 17 1
727 398 1330681163251 720 400 17 1
726 398 1330681163281 720 400 17 1
726 397 1330681163311 720 400 17 1
726 397 1330681163341 720 400 17 1
726 397 1330681163371 720 400 17 1
726 397 1330681163401 720 400 17 1
726 397 1330681163431 720 400 17 1
726 397 1330681163461 720 800 18 0
726 397 1330681163491 720 800 18 0
726 397 1330681163521 720 800 18 0
726 397 1330681163551 720 800 18 0
726 397 1330681163581 720 800 18 0
726 397 1330681163611 720 800 18 0
726 397 1330681163641 720 800 18 0
726 397 1330681163671 720 800 18 0
726 398 1330681163701 720 800 18 0
726 407 1330681163731 720 800 18 0
728 431 1330681163761 720 800 18 0
729 495 1330681163791 720 800 18 0
725 551 1330681163821 720 800 18 0
718 647 1330681163851 720 800 18 0
716 694 1330681163881 720 800 18 0
714 738 1330681163911 720 800 18 0
712 758 1330681163941 720 800 18 0
713 761 1330681163971 720 800 18 0
713 761 1330681164001 720 800 18 0
714 759 1330681164031 720 800 18 0
714 758 1330681164061 720 800 18 0
718 762 1330681164091 720 800 18 0
724 772 1330681164121 720 800 18 0
725 779 1330681164151 720 800 18 0
725 783 1330681164181 720 800 18 0
722 789 1330681164211 720 800 18 0
722 793 1330681164241 720 800 18 1
722 794 1330681164271 720 800 18 1
723 795 1330681164301 720 800 18 1
725 798 1330681164331 720 800 18 1
725 798 1330681164361 720 800 18 1
725 798 1330681164391 720 800 18 1
725 797 1330681164421 720 800 18 1
725 797 1330681164451 720 800 18 1
725 797 1330681164481 720 800 18 1
725 797 1330681164511 720 800 18 1
725 797 1330681164541 720 800 18 1
725 797 1330681164571 720 800 18 1
725 797 1330681164601 720 800 18 1
725 797 1330681164631 720 800 18 1
725 797 1330681164661 720 800 18 1
725 797 1330681164691 720 800 18 1
725 797 1330681164721 720 800 18 1
725 797 1330681164751 720 800 18 1
725 797 1330681164781 720 800 18 1
725 797 1330681164811 720 800 18 1
725 797 1330681164841 720 800 18 1
725 797 1330681164871 720 800 18 1
725 797 1330681164901 720 800 18 1
725 797 1330681164931 720 800 18 1
725 797 1330681164961 720 800 18 1
725 797 1330681164991 720 800 18 1
725 798 1330681165021 720 800 18 1
725 798 1330681165051 720 800 18 1
725 798 1330681165081 720 800 18 1
725 798 1330681165111 720 800 18 1
725 798 1330681165141 720 800 18 1
725 798 1330681165171 720 800 18 1
725 798 1330681165201 720 800 18 1
725 798 1330681165231 720 800 18 1
725 798 1330681165261 1003 517 18 0
725 798 1330681165291 1003 517 18 0
725 798 1330681165321 1003 517 18 0
725 798 1330681165351 1003 517 18 0
725 798 1330681165381 1003 517 18 0
725 798 1330681165411 1003 517 18 0
725 798 1330681165441 1003 517 18 0
727 794 1330681165471 1003 517 18 0
744 773 1330681165501 1003 517 18 0
775 742 1330681165531 1003 517 18 0
842 679 1330681165561 1003 517 18 0
885 639 1330681165591 1003 517 18 0
916 605 1330681165621 1003 517 18 0
929 583 1330681165651 1003 517 18 0
929 575 1330681165681 1003 517 18 0
928 574 1330681165711 1003 517 18 0
931 572 1330681165741 1003 517 18 0
938 571 1330681165771 1003 517 18 0
946 571 1330681165801 1003 517 18 0
956 570 1330681165831 1003 517 18 0
964 562 1330681165861 1003 517 18 0
972 549 1330681165891 1003 517 18 0
981 537 1330681165921 1003 517 18 0
987 531 1330681165951 1003 517 18 0
988 530 1330681165981 1003 517 18 0
989 529 1330681166011 1003 517 18 0
990 528 1330681166041 1003 517 18 0
990 528 1330681166071 1003 517 18 0
990 528 1330681166101 1003 517 18 0
990 528 1330681166131 1003 517 18 0
990 527 1330681166161 1003 517 18 0
993 523 1330681166191 1003 517 18 0
993 523 1330681166221 1003 517 18 0
993 523 1330681166251 1003 517 18 0
994 522 1330681166281 1003 517 18 0
997 520 1330681166311 1003 517 18 1
999 519 1330681166341 1003 517 18 1
999 518 1330681166371 1003 517 18 1
999 518 1330681166401 1003 517 18 1
1000 518 1330681166431 1003 517 18 1
1001 518 1330681166461 1003 517 18 1
1001 518 1330681166491 1003 517 18 1
1001 518 1330681166521 1003 517 18 1
1001 518 1330681166551 1003 517 18 1
1001 518 1330681166581 1003 517 18 1
1001 518 1330681166611 1003 517 18 1
1001 518 1330681166641 1003 517 18 1
1001 518 1330681166671 1003 517 18 1
1001 518 1330681166701 1003 517 18 1
1001 518 1330681166731 1003 517 18 1
1001 518 1330681166761 1003 517 18 1
1001 518 1330681166791 1003 517 18 1
1001 518 1330681166821 1003 517 18 1
1001 518 1330681166851 1003 517 18 1
1001 518 1330681166881 1003 517 18 1
1001 518 1330681166911 1003 517 18 1
1001 518 1330681166941 1003 517 18 1
1001 518 1330681166971 1003 517 18 1
1001 518 1330681167001 1003 517 18 1
1001 518 1330681167031 1003 517 18 1
1001 518 1330681167061 1003 517 18 1
1001 518 1330681167091 1003 517 18 1
1001 518 1330681167121 1003 517 18 1
1001 518 1330681167151 1003 517 18 1
1001 518 1330681167181 1003 517 18 1
1001 518 1330681167211 1003 517 18 1
1001 518 1330681167241 1003 517 18 1
1001 518 1330681167271 1003 517 18 1
1001 518 1330681167301 1003 517 18 1
1001 518 1330681167331 720 800 18 0
1001 518 1330681167361 720 800 18 0
1001 518 1330681167391 720 800 18 0
1001 518 1330681167421 720 800 18 0
1001 518 1330681167451 720 800 18 0
1001 518 1330681167481 720 800 18 0
1001 518 1330681167511 720 800 18 0
998 522 1330681167541 720 800 18 0
975 543 1330681167571 720 800 18 0
924 588 1330681167601 720 800 18 0
863 641 1330681167631 720 800 18 0
807 693 1330681167661 720 800 18 0
771 728 1330681167691 720 800 18 0
737 763 1330681167721 720 800 18 0
732 769 1330681167751 720 800 18 0
735 770 1330681167781 720 800 18 0
737 773 1330681167811 720 800 18 0
738 784 1330681167841 720 800 18 0
736 793 1330681167871 720 800 18 0
731 805 1330681167901 720 800 18 0
729 809 1330681167931 720 800 18 0
728 808 1330681167961 720 800 18 0
725 805 1330681167991 720 800 18 1
722 804 1330681168021 720 800 18 1
721 803 1330681168051 720 800 18 1
721 800 1330681168081 720 800 18 1
721 799 1330681168111 720 800 18 1
720 798 1330681168141 720 800 18 1
720 798 1330681168171 720 800 18 1
720 798 1330681168201 720 800 18 1
721 799 1330681168231 720 800 18 1
721 799 1330681168261 720 800 18 1
721 800 1330681168291 720 800 18 1
721 800 1330681168321 720 800 18 1
721 800 1330681168351 720 800 18 1
721 800 1330681168381 720 800 18 1
721 800 1330681168411 720 800 18 1
721 800 1330681168441 720 800 18 1
721 800 1330681168471 720 800 18 1
721 800 1330681168501 720 800 18 1
721 800 1330681168531 720 800 18 1
721 800 1330681168561 720 800 18 1
721 800 1330681168591 720 800 18 1
721 800 1330681168621 720 800 18 1
721 800 1330681168651 720 800 18 1
721 800 1330681168681 720 800 18 1
721 800 1330681168711 720 800 18 1
721 800 1330681168741 720 800 18 1
721 800 1330681168771 720 800 18 1
721 800 1330681168801 720 800 18 1
721 800 1330681168831 720 800 18 1
721 800 1330681168861 720 800 18 1
721 800 1330681168891 720 800 18 1
721 800 1330681168921 720 800 18 1
721 800 1330681168951 720 800 18 1
721 800 1330681168981 720 800 18 1
721 800 1330681169011 720 800 18 1
721 800 1330681169041 1120 800 18 0
721 800 1330681169071 1120 800 18 0
721 800 1330681169101 1120 800 18 0
721 800 1330681169131 1120 800 18 0
721 800 1330681169161 1120 800 18 0
721 800 1330681169191 1120 800 18 0
721 800 1330681169221 1120 800 18 0
726 801 1330681169251 1120 800 18 0
747 801 1330681169281 1120 800 18 0
785 797 1330681169311 1120 800 18 0
842 792 1330681169341 1120 800 18 0
913 790 1330681169371 1120 800 18 0
984 790 1330681169401 1120 800 18 0
1046 790 1330681169431 1120 800 18 0
1095 789 1330681169461 1120 800 18 0
1125 789 1330681169491 1120 800 18 0
1133 789 1330681169521 1120 800 18 0
1130 789 1330681169551 1120 800 18 0
1122 790 1330681169581 1120 800 18 0
1116 790 1330681169611 1120 800 18 0
1111 791 1330681169641 1120 800 18 0
1110 793 1330681169671 1120 800 18 0
1111 795 1330681169701 1120 800 18 0
1112 796 1330681169731 1120 800 18 0
1112 796 1330681169761 1120 800 18 0
1112 797 1330681169791 1120 800 18 1
1113 797 1330681169821 1120 800 18 1
1113 798 1330681169851 1120 800 18 1
1113 798 1330681169881 1120 800 18 1
1114 798 1330681169911 1120 800 18 1
1115 800 1330681169941 1120 800 18 1
1116 800 1330681169971 1120 800 18 1
1116 800 1330681170001 1120 800 18 1
1116 800 1330681170031 1120 800 18 1
1116 800 1330681170061 1120 800 18 1
1116 800 1330681170091 1120 800 18 1
1116 800 1330681170121 1120 800 18 1
1116 800 1330681170151 1120 800 18 1
1116 800 1330681170181 1120 800 18 1
1116 800 1330681170211 1120 800 18 1
1116 800 1330681170241 1120 800 18 1
1116 800 1330681170271 1120 800 18 1
1116 800 1330681170301 1120 800 18 1
1116 800 1330681170331 1120 800 18 1
1116 800 1330681170361 1120 800 18 1
1116 800 1330681170391 1120 800 18 1
1116 800 1330681170421 1120 800 18 1
1116 800 1330681170451 1120 800 18 1
1116 800 1330681170481 1120 800 18 1
1116 800 1330681170511 1120 800 18 1
1116 800 1330681170541 1120 800 18 1
1116 800 1330681170571 1120 800 18 1
1116 800 1330681170601 1120 800 18 1
1116 800 1330681170631 1120 800 18 1
1116 800 1330681170661 1120 800 18 1
1116 800 1330681170691 1120 800 18 1
1116 800 1330681170721 1120 800 18 1
1116 800 1330681170751 1120 800 18 1
1116 800 1330681170781 1120 800 18 1
1116 800 1330681170811 1120 800 18 1
1116 800 1330681170841 720 800 17 0
1116 800 1330681170871 720 800 17 0
1116 800 1330681170901 720 800 17 0
1116 800 1330681170931 720 800 17 0
1116 800 1330681170961 720 800 17 0
1116 800 1330681170991 720 800 17 0
1116 800 1330681171021 720 800 17 0
1114 800 1330681171051 720 800 17 0
1093 798 1330681171081 720 800 17 0
1037 793 1330681171111 720 800 17 0
958 790 1330681171141 720 800 17 0
879 790 1330681171171 720 800 17 0
818 792 1330681171201 720 800 17 0
782 790 1330681171231 720 800 17 0
762 789 1330681171261 720 800 17 0
752 792 1330681171291 720 800 17 0
747 796 1330681171321 720 800 17 0
743 798 1330681171351 720 800 17 0
743 799 1330681171381 720 800 17 0
742 799 1330681171411 720 800 17 0
740 799 1330681171441 720 800 17 0
737 800 1330681171471 720 800 17 0
734 801 1330681171501 720 800 17 0
729 801 1330681171531 720 800 17 0
728 801 1330681171561 720 800 17 0
728 801 1330681171591 720 800 17 0
728 801 1330681171621 720 800 17 0
728 801 1330681171651 720 800 17 0
728 801 1330681171681 720 800 17 0
728 801 1330681171711 720 800 17 0
727 800 1330681171741 720 800 17 1
726 800 1330681171771 720 800 17 1
726 800 1330681171801 720 800 17 1
726 800 1330681171831 720 800 17 1
726 800 1330681171861 720 800 17 1
726 800 1330681171891 720 800 17 1
726 800 1330681171921 720 800 17 1
726 800 1330681171951 720 800 17 1
726 800 1330681171981 720 800 17 1
726 800 1330681172011 720 800 17 1
726 800 1330681172041 720 800 17 1
726 800 1330681172071 720 800 17 1
726 800 1330681172101 720 800 17 1
726 800 1330681172131 720 800 17 1
726 800 1330681172161 720 800 17 1
726 800 1330681172191 720 800 17 1
726 800 1330681172221 720 800 17 1
726 800 1330681172251 720 800 17 1
726 800 1330681172281 720 800 17 1
726 800 1330681172311 720 800 17 1
726 800 1330681172341 720 800 17 1
726 800 1330681172371 720 800 17 1
726 800 1330681172401 720 800 17 1
726 800 1330681172431 720 800 17 1
726 800 1330681172461 720 800 17 1
726 800 1330681172491 720 800 17 1
726 800 1330681172521 720 800 17 1
726 800 1330681172551 720 800 17 1
726 800 1330681172581 720 800 17 1
726 800 1330681172611 720 800 17 1
726 800 1330681172641 720 800 17 1
726 800 1330681172671 720 800 17 1
726 800 1330681172701 720 800 17 1
726 800 1330681172731 720 800 17 1
726 800 1330681172761 320 800 12 0
726 800 1330681172791 320 800 12 0
726 800 1330681172821 320 800 12 0
726 800 1330681172851 320 800 12 0
726 800 1330681172881 320 800 12 0
726 800 1330681172911 320 800 12 0
726 800 1330681172941 320 800 12 0
726 800 1330681172971 320 800 12 0
721 798 1330681173001 320 800 12 0
672 801 1330681173031 320 800 12 0
620 808 1330681173061 320 800 12 0
514 825 1330681173091 320 800 12 0
453 830 1330681173121 320 800 12 0
376 825 1330681173151 320 800 12 0
348 823 1330681173181 320 800 12 0
327 820 1330681173211 320 800 12 0
325 819 1330681173241 320 800 12 0
325 819 1330681173271 320 800 12 0
328 818 1330681173301 320 800 12 0
333 817 1330681173331 320 800 12 0
333 817 1330681173361 320 800 12 0
328 813 1330681173391 320 800 12 0
320 804 1330681173421 320 800 12 0
313 799 1330681173451 320 800 12 0
312 798 1330681173481 320 800 12 0
312 798 1330681173511 320 800 12 0
312 800 1330681173541 320 800 12 0
312 802 1330681173571 320 800 12 0
315 805 1330681173601 320 800 12 0
319 807 1330681173631 320 800 12 0
321 808 1330681173661 320 800 12 0
322 808 1330681173691 320 800 12 0
322 807 1330681173721 320 800 12 0
321 804 1330681173751 320 800 12 0
320 801 1330681173781 320 800 12 1
320 801 1330681173811 320 800 12 1
320 801 1330681173841 320 800 12 1
320 801 1330681173871 320 800 12 1
319 800 1330681173901 320 800 12 1
318 800 1330681173931 320 800 12 1
318 800 1330681173962 320 800 12 1
318 800 1330681173991 320 800 12 1
319 800 1330681174021 320 800 12 1
319 800 1330681174051 320 800 12 1
319 800 1330681174081 320 800 12 1
319 800 1330681174111 320 800 12 1
319 800 1330681174141 320 800 12 1
319 800 1330681174171 320 800 12 1
319 800 1330681174201 320 800 12 1
319 800 1330681174231 320 800 12 1
319 800 1330681174261 320 800 12 1
319 800 1330681174291 320 800 12 1
319 800 1330681174321 320 800 12 1
319 800 1330681174351 320 800 12 1
319 800 1330681174381 320 800 12 1
319 800 1330681174411 320 800 12 1
319 800 1330681174441 320 800 12 1
319 800 1330681174471 320 800 12 1
319 800 1330681174501 320 800 12 1
319 800 1330681174531 320 800 12 1
319 800 1330681174561 320 800 12 1
319 800 1330681174591 320 800 12 1
319 800 1330681174621 320 800 12 1
319 800 1330681174651 320 800 12 1
319 800 1330681174681 320 800 12 1
319 800 1330681174711 320 800 12 1
319 800 1330681174741 320 800 12 1
319 800 1330681174771 320 800 12 1
319 800 1330681174801 320 800 12 1
319 800 1330681174831 720 800 12 0
319 800 1330681174861 720 800 12 0
319 800 1330681174891 720 800 12 0
319 800 1330681174921 720 800 12 0
319 800 1330681174951 720 800 12 0
320 801 1330681174981 720 800 12 0
336 799 1330681175011 720 800 12 0
369 794 1330681175041 720 800 12 0
455 782 1330681175071 720 800 12 0
518 777 1330681175101 720 800 12 0
598 776 1330681175131 720 800 12 0
660 779 1330681175161 720 800 12 0
700 780 1330681175191 720 800 12 0
717 781 1330681175221 720 800 12 0
718 781 1330681175251 720 800 12 0
717 781 1330681175281 720 800 12 0
717 782 1330681175311 720 800 12 0
717 785 1330681175341 720 800 12 0
719 791 1330681175371 720 800 12 0
720 793 1330681175401 720 800 12 0
720 793 1330681175431 720 800 12 0
720 793 1330681175461 720 800 12 0
720 794 1330681175491 720 800 12 0
721 794 1330681175521 720 800 12 0
721 794 1330681175551 720 800 12 0
720 794 1330681175581 720 800 12 0
720 794 1330681175611 720 800 12 0
720 795 1330681175641 720 800 12 0
720 796 1330681175671 720 800 12 0
720 798 1330681175701 720 800 12 1
720 800 1330681175731 720 800 12 1
720 800 1330681175761 720 800 12 1
720 800 1330681175791 720 800 12 1
720 800 1330681175821 720 800 12 1
720 800 1330681175851 720 800 12 1
720 800 1330681175881 720 800 12 1
720 800 1330681175911 720 800 12 1
720 800 1330681175941 720 800 12 1
720 800 1330681175971 720 800 12 1
719 800 1330681176001 720 800 12 1
719 800 1330681176031 720 800 12 1
719 800 1330681176061 720 800 12 1
719 800 1330681176091 720 800 12 1
719 800 1330681176121 720 800 12 1
719 800 1330681176151 720 800 12 1
719 800 1330681176181 720 800 12 1
719 800 1330681176211 720 800 12 1
719 800 1330681176241 720 800 12 1
719 800 1330681176271 720 800 12 1
719 800 1330681176301 720 800 12 1
719 800 1330681176331 720 800 12 1
719 800 1330681176361 720 800 12 1
719 800 1330681176391 720 800 12 1
719 800 1330681176421 720 800 12 1
719 800 1330681176451 720 800 12 1
719 800 1330681176481 720 800 12 1
719 800 1330681176511 720 800 12 1
719 800 1330681176541 720 800 12 1
719 800 1330681176571 720 800 12 1
719 800 1330681176601 720 800 12 1
719 800 1330681176631 720 800 12 1
719 800 1330681176661 720 800 12 1
719 800 1330681176691 720 800 12 1
719 800 1330681176721 437 517 12 0
719 800 1330681176751 437 517 12 0
719 800 1330681176781 437 517 12 0
719 800 1330681176811 437 517 12 0
719 800 1330681176841 437 517 12 0
719 800 1330681176871 437 517 12 0
719 800 1330681176901 437 517 12 0
718 798 1330681176931 437 517 12 0
705 788 1330681176961 437 517 12 0
684 772 1330681176991 437 517 12 0
635 734 1330681177021 437 517 12 0
604 704 1330681177051 437 517 12 0
556 654 1330681177081 437 517 12 0
525 622 1330681177111 437 517 12 0
503 601 1330681177141 437 517 12 0
494 586 1330681177171 437 517 12 0
489 571 1330681177201 437 517 12 0
479 557 1330681177231 437 517 12 0
468 548 1330681177261 437 517 12 0
464 544 1330681177291 437 517 12 0
461 542 1330681177321 437 517 12 0
453 536 1330681177351 437 517 12 0
443 528 1330681177381 437 517 12 0
439 521 1330681177411 437 517 12 0
438 520 1330681177441 437 517 12 0
438 520 1330681177471 437 517 12 0
438 520 1330681177501 437 517 12 0
438 519 1330681177531 437 517 12 1
438 519 1330681177561 437 517 12 1
438 519 1330681177591 437 517 12 1
438 519 1330681177621 437 517 12 1
438 518 1330681177651 437 517 12 1
437 517 1330681177681 437 517 12 1
436 516 1330681177711 437 517 12 1
435 515 1330681177741 437 517 12 0
435 515 1330681177771 437 517 12 0
435 515 1330681177801 437 517 12 0
435 515 1330681177831 437 517 12 0
435 515 1330681177861 437 517 12 0
435 515 1330681177891 437 517 12 0
435 515 1330681177921 437 517 12 0
435 515 1330681177951 437 517 12 0
435 515 1330681177981 437 517 12 0
436 516 1330681178011 437 517 12 1
437 516 1330681178041 437 517 12 1
437 517 1330681178071 437 517 12 1
437 517 1330681178101 437 517 12 1
437 517 1330681178131 437 517 12 1
437 517 1330681178161 437 517 12 1
437 517 1330681178191 437 517 12 1
437 517 1330681178221 437 517 12 1
437 517 1330681178251 437 517 12 1
437 517 1330681178281 437 517 12 1
437 517 1330681178311 437 517 12 1
437 517 1330681178341 437 517 12 1
437 517 1330681178371 437 517 12 1
437 517 1330681178401 437 517 12 1
437 517 1330681178431 437 517 12 1
437 517 1330681178461 437 517 12 1
437 517 1330681178491 437 517 12 1
437 517 1330681178521 437 517 12 1
437 517 1330681178551 437 517 12 1
437 517 1330681178581 437 517 12 1
437 517 1330681178611 437 517 12 1
437 517 1330681178641 437 517 12 1
437 517 1330681178671 437 517 12 1
437 517 1330681178701 437 517 12 1
437 517 1330681178731 437 517 12 1
437 517 1330681178761 437 517 12 1
437 517 1330681178791 437 517 12 1
437 517 1330681178821 437 517 12 1
437 517 1330681178851 437 517 12 1
437 517 1330681178881 437 517 12 1
437 517 1330681178911 437 517 12 1
437 517 1330681178941 437 517 12 1
437 517 1330681178971 437 517 12 1
437 517 1330681179001 437 517 12 1
437 517 1330681179031 720 800 12 0
438 518 1330681179061 720 800 12 0
440 520 1330681179091 720 800 12 0
447 528 1330681179121 720 800 12 0
459 539 1330681179151 720 800 12 0
488 571 1330681179181 720 800 12 0
522 607 1330681179211 720 800 12 0
567 654 1330681179241 720 800 12 0
616 699 1330681179271 720 800 12 0
655 731 1330681179301 720 800 12 0
673 746 1330681179331 720 800 12 0
689 759 1330681179361 720 800 12 0
692 760 1330681179391 720 800 12 0
691 760 1330681179421 720 800 12 0
688 758 1330681179451 720 800 12 0
685 760 1330681179481 720 800 12 0
693 769 1330681179511 720 800 12 0
701 778 1330681179541 720 800 12 0
704 782 1330681179571 720 800 12 0
705 786 1330681179601 720 800 12 0
706 788 1330681179631 720 800 12 0
706 788 1330681179661 720 800 12 0
706 787 1330681179691 720 800 12 0
706 787 1330681179721 720 800 12 0
709 789 1330681179751 720 800 12 0
715 793 1330681179781 720 800 12 0
722 796 1330681179811 720 800 12 0
724 797 1330681179841 720 800 12 0
723 795 1330681179871 720 800 12 0
723 796 1330681179901 720 800 12 0
723 798 1330681179931 720 800 12 0
722 798 1330681179961 720 800 12 0
722 797 1330681179991 720 800 12 0
722 797 1330681180021 720 800 12 0
721 798 1330681180051 720 800 12 1
720 799 1330681180081 720 800 12 1
719 802 1330681180111 720 800 12 1
719 803 1330681180141 720 800 12 0
719 803 1330681180171 720 800 12 0
719 803 1330681180201 720 800 12 0
719 803 1330681180231 720 800 12 0
719 803 1330681180261 720 800 12 0
719 803 1330681180291 720 800 12 0
719 803 1330681180321 720 800 12 0
720 802 1330681180351 720 800 12 1
720 801 1330681180381 720 800 12 1
720 801 1330681180411 720 800 12 1
720 800 1330681180441 720 800 12 1
720 800 1330681180471 720 800 12 1
720 800 1330681180501 720 800 12 1
720 799 1330681180531 720 800 12 1
720 799 1330681180561 720 800 12 1
720 799 1330681180591 720 800 12 1
720 799 1330681180621 720 800 12 1
720 799 1330681180651 720 800 12 1
720 799 1330681180681 720 800 12 1
720 799 1330681180711 720 800 12 1
720 799 1330681180741 720 800 12 1
720 799 1330681180771 720 800 12 1
720 799 1330681180801 720 800 12 1
720 799 1330681180831 720 800 12 1
720 799 1330681180861 720 800 12 1
720 799 1330681180891 720 800 12 1
720 799 1330681180921 720 800 12 1
720 799 1330681180951 720 800 12 1
720 799 1330681180981 720 800 12 1
720 799 1330681181011 720 800 12 1
720 799 1330681181041 720 800 12 1
720 799 1330681181071 720 800 12 1
720 799 1330681181101 720 800 12 1
720 799 1330681181131 720 800 12 1
720 799 1330681181161 720 800 12 1
720 799 1330681181191 720 800 12 1
720 799 1330681181221 720 800 12 1
720 799 1330681181251 720 800 12 1
720 799 1330681181281 720 800 12 1
720 799 1330681181311 720 800 12 1
720 799 1330681181341 720 400 12 0
720 799 1330681181371 720 400 12 0
716 789 1330681181401 720 400 12 0
707 767 1330681181431 720 400 12 0
700 723 1330681181461 720 400 12 0
699 673 1330681181491 720 400 12 0
700 575 1330681181521 720 400 12 0
697 528 1330681181551 720 400 12 0
685 484 1330681181581 720 400 12 0
687 463 1330681181611 720 400 12 0
701 435 1330681181641 720 400 12 0
705 430 1330681181671 720 400 12 0
705 430 1330681181701 720 400 12 0
706 434 1330681181731 720 400 12 0
709 435 1330681181761 720 400 12 0
715 428 1330681181791 720 400 12 0
719 417 1330681181821 720 400 12 0
718 409 1330681181851 720 400 12 0
715 402 1330681181881 720 400 12 0
715 398 1330681181911 720 400 12 0
714 393 1330681181941 720 400 12 0
714 390 1330681181971 720 400 12 0
713 390 1330681182001 720 400 12 0
713 392 1330681182031 720 400 12 0
714 394 1330681182061 720 400 12 0
718 398 1330681182091 720 400 12 0
719 400 1330681182121 720 400 12 1
719 401 1330681182151 720 400 12 1
719 401 1330681182181 720 400 12 1
719 401 1330681182211 720 400 12 1
719 401 1330681182241 720 400 12 1
719 401 1330681182271 720 400 12 1
719 401 1330681182301 720 400 12 1
719 401 1330681182331 720 400 12 1
719 401 1330681182361 720 400 12 1
719 401 1330681182391 720 400 12 1
719 401 1330681182421 720 400 12 1
719 401 1330681182451 720 400 12 1
719 401 1330681182481 720 400 12 1
719 401 1330681182511 720 400 12 1
719 401 1330681182541 720 400 12 1
719 400 1330681182571 720 400 12 1
719 400 1330681182601 720 400 12 1
719 400 1330681182631 720 400 12 1
719 400 1330681182661 720 400 12 1
719 400 1330681182691 720 400 12 1
720 399 1330681182721 720 400 12 1
720 399 1330681182751 720 400 12 1
720 399 1330681182781 720 400 12 1
720 399 1330681182811 720 400 12 1
720 399 1330681182841 720 400 12 1
720 399 1330681182871 720 400 12 1
720 399 1330681182901 720 400 12 1
720 399 1330681182931 720 400 12 1
720 399 1330681182961 720 400 12 1
720 399 1330681182991 720 400 12 1
720 399 1330681183021 720 400 12 1
720 399 1330681183051 720 400 12 1
720 399 1330681183081 720 400 12 1
720 399 1330681183111 720 400 12 1
720 399 1330681183141 720 800 12 0
720 399 1330681183171 720 800 12 0
720 399 1330681183201 720 800 12 0
720 399 1330681183231 720 800 12 0
720 399 1330681183261 720 800 12 0
720 399 1330681183291 720 800 12 0
720 399 1330681183321 720 800 12 0
720 402 1330681183351 720 800 12 0
722 423 1330681183381 720 800 12 0
720 476 1330681183411 720 800 12 0
720 549 1330681183441 720 800 12 0
727 628 1330681183471 720 800 12 0
732 704 1330681183501 720 800 12 0
730 768 1330681183531 720 800 12 0
729 804 1330681183561 720 800 12 0
732 819 1330681183591 720 800 12 0
733 821 1330681183621 720 800 12 0
731 816 1330681183651 720 800 12 0
729 808 1330681183681 720 800 12 0
726 808 1330681183711 720 800 12 0
725 810 1330681183741 720 800 12 0
725 810 1330681183771 720 800 12 0
724 803 1330681183801 720 800 12 0
722 797 1330681183831 720 800 12 0
720 794 1330681183861 720 800 12 0
721 796 1330681183891 720 800 12 0
723 800 1330681183921 720 800 12 0
723 801 1330681183951 720 800 12 0
723 802 1330681183981 720 800 12 0
723 802 1330681184011 720 800 12 0
723 802 1330681184041 720 800 12 0
723 802 1330681184071 720 800 12 0
723 804 1330681184101 720 800 12 0
723 805 1330681184131 720 800 12 0
722 803 1330681184161 720 800 12 0
721 800 1330681184191 720 800 12 1
720 798 1330681184221 720 800 12 1
720 798 1330681184251 720 800 12 1
720 798 1330681184281 720 800 12 1
720 798 1330681184311 720 800 12 1
720 798 1330681184341 720 800 12 1
720 798 1330681184371 720 800 12 1
721 799 1330681184401 720 800 12 1
721 800 1330681184431 720 800 12 1
721 800 1330681184461 720 800 12 1
721 801 1330681184491 720 800 12 1
722 802 1330681184521 720 800 12 0
722 803 1330681184551 720 800 12 0
722 803 1330681184581 720 800 12 0
722 802 1330681184611 720 800 12 0
722 802 1330681184641 720 800 12 0
722 802 1330681184671 720 800 12 0
722 802 1330681184701 720 800 12 0
722 802 1330681184731 720 800 12 0
722 801 1330681184761 720 800 12 1
721 801 1330681184791 720 800 12 1
721 801 1330681184821 720 800 12 1
721 801 1330681184851 720 800 12 1
721 801 1330681184881 720 800 12 1
721 801 1330681184911 720 800 12 1
721 801 1330681184941 720 800 12 1
721 801 1330681184971 720 800 12 1
721 801 1330681185001 720 800 12 1
721 801 1330681185031 720 800 12 1
721 801 1330681185061 720 800 12 1
721 801 1330681185091 720 800 12 1
722 801 1330681185121 720 800 12 1
722 801 1330681185151 720 800 12 1
722 801 1330681185181 720 800 12 1
722 801 1330681185211 720 800 12 1
722 801 1330681185241 720 800 12 1
722 801 1330681185271 720 800 12 1
722 801 1330681185301 720 800 12 1
722 801 1330681185331 720 800 12 1
722 801 1330681185361 720 800 12 1
722 801 1330681185391 720 800 12 1
722 801 1330681185421 720 800 12 1
722 801 1330681185451 720 800 12 1
722 801 1330681185481 720 800 12 1
722 801 1330681185511 720 800 12 1
722 801 1330681185541 720 800 12 1
722 801 1330681185571 720 800 12 1
722 801 1330681185601 720 800 12 1
722 801 1330681185631 720 800 12 1
722 801 1330681185661 720 800 12 1
722 801 1330681185691 720 800 12 1
722 801 1330681185721 720 800 12 1
722 801 1330681185751 1003 517 12 0
722 801 1330681185781 1003 517 12 0
722 801 1330681185811 1003 517 12 0
722 801 1330681185841 1003 517 12 0
722 801 1330681185871 1003 517 12 0
722 801 1330681185901 1003 517 12 0
722 801 1330681185931 1003 517 12 0
722 801 1330681185961 1003 517 12 0
722 801 1330681185991 1003 517 12 0
727 795 1330681186021 1003 517 12 0
749 774 1330681186051 1003 517 12 0
799 729 1330681186081 1003 517 12 0
843 690 1330681186111 1003 517 12 0
900 639 1330681186141 1003 517 12 0
929 615 1330681186171 1003 517 12 0
966 588 1330681186201 1003 517 12 0
975 581 1330681186231 1003 517 12 0
978 574 1330681186261 1003 517 12 0
980 566 1330681186291 1003 517 12 0
986 547 1330681186321 1003 517 12 0
995 534 1330681186351 1003 517 12 0
1008 520 1330681186381 1003 517 12 0
1020 507 1330681186411 1003 517 12 0
1025 499 1330681186441 1003 517 12 0
1025 498 1330681186471 1003 517 12 0
1023 503 1330681186501 1003 517 12 0
1022 505 1330681186531 1003 517 12 0
1020 506 1330681186561 1003 517 12 0
1017 506 1330681186591 1003 517 12 0
1010 510 1330681186621 1003 517 12 0
1005 512 1330681186651 1003 517 12 0
1005 512 1330681186681 1003 517 12 0
1005 512 1330681186711 1003 517 12 0
1007 512 1330681186741 1003 517 12 0
1008 513 1330681186771 1003 517 12 0
1010 515 1330681186801 1003 517 12 0
1011 515 1330681186831 1003 517 12 0
1011 515 1330681186861 1003 517 12 0
1011 514 1330681186891 1003 517 12 0
1010 515 1330681186921 1003 517 12 0
1008 515 1330681186951 1003 517 12 0
1008 515 1330681186981 1003 517 12 0
1007 515 1330681187011 1003 517 12 0
1006 515 1330681187041 1003 517 12 0
1005 516 1330681187071 1003 517 12 1
1004 516 1330681187101 1003 517 12 1
1004 516 1330681187131 1003 517 12 1
1004 516 1330681187161 1003 517 12 1
1004 516 1330681187191 1003 517 12 1
1004 516 1330681187221 1003 517 12 1
1004 516 1330681187251 1003 517 12 1
1004 516 1330681187281 1003 517 12 1
1004 516 1330681187311 1003 517 12 1
1004 516 1330681187341 1003 517 12 1
1004 516 1330681187371 1003 517 12 1
1004 516 1330681187401 1003 517 12 1
1004 516 1330681187431 1003 517 12 1
1004 516 1330681187461 1003 517 12 1
1004 516 1330681187491 1003 517 12 1
1004 516 1330681187521 1003 517 12 1
1004 516 1330681187551 1003 517 12 1
1004 516 1330681187581 1003 517 12 1
1004 516 1330681187611 1003 517 12 1
1004 516 1330681187641 1003 517 12 1
1004 516 1330681187671 1003 517 12 1
1004 516 1330681187701 1003 517 12 1
1004 516 1330681187731 1003 517 12 1
1004 516 1330681187761 1003 517 12 1
1004 516 1330681187791 1003 517 12 1
1004 516 1330681187821 1003 517 12 1
1004 516 1330681187851 1003 517 12 1
1004 516 1330681187881 1003 517 12 1
1004 516 1330681187911 1003 517 12 1
1004 516 1330681187941 1003 517 12 1
1004 516 1330681187971 1003 517 12 1
1004 516 1330681188001 1003 517 12 1
1004 516 1330681188031 1003 517 12 1
1004 517 1330681188061 1003 517 12 1
1004 517 1330681188091 720 800 12 0
1004 519 1330681188121 720 800 12 0
1003 520 1330681188151 720 800 12 0
1002 522 1330681188181 720 800 12 0
994 529 1330681188211 720 800 12 0
986 537 1330681188241 720 800 12 0
978 546 1330681188271 720 800 12 0
961 565 1330681188301 720 800 12 0
920 605 1330681188331 720 800 12 0
869 657 1330681188361 720 800 12 0
834 693 1330681188391 720 800 12 0
793 734 1330681188421 720 800 12 0
778 745 1330681188451 720 800 12 0
772 746 1330681188481 720 800 12 0
768 743 1330681188511 720 800 12 0
758 749 1330681188541 720 800 12 0
751 758 1330681188571 720 800 12 0
749 769 1330681188601 720 800 12 0
745 782 1330681188631 720 800 12 0
727 809 1330681188661 720 800 12 0
715 821 1330681188691 720 800 12 0
708 826 1330681188721 720 800 12 0
709 822 1330681188751 720 800 12 0
716 812 1330681188781 720 800 12 0
717 806 1330681188811 720 800 12 0
718 797 1330681188841 720 800 12 0
719 795 1330681188871 720 800 12 0
720 795 1330681188901 720 800 12 0
720 795 1330681188931 720 800 12 0
719 796 1330681188961 720 800 12 0
718 798 1330681188991 720 800 12 0
718 800 1330681189021 720 800 12 1
718 801 1330681189051 720 800 12 1
718 802 1330681189081 720 800 12 0
719 803 1330681189111 720 800 12 0
719 803 1330681189141 720 800 12 0
719 803 1330681189171 720 800 12 0
719 803 1330681189201 720 800 12 0
719 803 1330681189231 720 800 12 0
719 803 1330681189261 720 800 12 0
719 803 1330681189291 720 800 12 0
719 803 1330681189321 720 800 12 0
719 803 1330681189351 720 800 12 0
719 803 1330681189381 720 800 12 0
719 802 1330681189411 720 800 12 1
719 802 1330681189441 720 800 12 1
719 802 1330681189471 720 800 12 1
719 802 1330681189501 720 800 12 1
719 801 1330681189531 720 800 12 1
719 801 1330681189561 720 800 12 1
719 801 1330681189591 720 800 12 1
720 801 1330681189621 720 800 12 1
720 801 1330681189651 720 800 12 1
720 801 1330681189681 720 800 12 1
720 801 1330681189711 720 800 12 1
720 801 1330681189741 720 800 12 1
720 801 1330681189771 720 800 12 1
720 801 1330681189801 720 800 12 1
720 801 1330681189831 720 800 12 1
720 801 1330681189861 720 800 12 1
720 801 1330681189891 720 800 12 1
720 801 1330681189921 720 800 12 1
720 801 1330681189951 720 800 12 1
720 801 1330681189981 720 800 12 1
720 801 1330681190011 720 800 12 1
720 801 1330681190041 720 800 12 1
719 802 1330681190071 720 800 12 1
719 802 1330681190101 720 800 12 1
719 802 1330681190131 720 800 12 1
719 802 1330681190161 720 800 12 1
719 802 1330681190191 720 800 12 1
719 802 1330681190221 720 800 12 1
719 802 1330681190251 720 800 12 1
719 802 1330681190281 720 800 12 1
719 802 1330681190311 720 800 12 1
719 802 1330681190341 720 800 12 1
719 802 1330681190371 720 800 12 1
719 802 1330681190401 1120 800 12 0
719 802 1330681190431 1120 800 12 0
719 802 1330681190461 1120 800 12 0
719 802 1330681190491 1120 800 12 0
719 802 1330681190521 1120 800 12 0
719 802 1330681190551 1120 800 12 0
721 802 1330681190581 1120 800 12 0
731 800 1330681190611 1120 800 12 0
773 797 1330681190641 1120 800 12 0
815 794 1330681190671 1120 800 12 0
901 791 1330681190701 1120 800 12 0
950 792 1330681190731 1120 800 12 0
1002 797 1330681190761 1120 800 12 0
1012 799 1330681190791 1120 800 12 0
1010 799 1330681190821 1120 800 12 0
1008 800 1330681190851 1120 800 12 0
1008 799 1330681190881 1120 800 12 0
1011 796 1330681190911 1120 800 12 0
1030 793 1330681190941 1120 800 12 0
1045 793 1330681190971 1120 800 12 0
1055 795 1330681191001 1120 800 12 0
1058 798 1330681191031 1120 800 12 0
1078 803 1330681191061 1120 800 12 0
1099 804 1330681191091 1120 800 12 0
1107 803 1330681191121 1120 800 12 0
1107 801 1330681191151 1120 800 12 0
1106 801 1330681191181 1120 800 12 0
1106 801 1330681191211 1120 800 12 0
1113 799 1330681191241 1120 800 12 0
1121 797 1330681191271 1120 800 12 0
1125 797 1330681191301 1120 800 12 0
1125 798 1330681191331 1120 800 12 0
1125 799 1330681191361 1120 800 12 0
1125 799 1330681191391 1120 800 12 0
1125 799 1330681191421 1120 800 12 0
1124 799 1330681191451 1120 800 12 0
1122 800 1330681191481 1120 800 12 1
1120 801 1330681191511 1120 800 12 1
1120 801 1330681191541 1120 800 12 1
1120 801 1330681191571 1120 800 12 1
1120 800 1330681191601 1120 800 12 1
1120 800 1330681191631 1120 800 12 1
1120 800 1330681191661 1120 800 12 1
1120 800 1330681191691 1120 800 12 1
1120 799 1330681191721 1120 800 12 1
1120 799 1330681191751 1120 800 12 1
1120 799 1330681191781 1120 800 12 1
1120 799 1330681191811 1120 800 12 1
1120 799 1330681191841 1120 800 12 1
1120 799 1330681191871 1120 800 12 1
1120 799 1330681191901 1120 800 12 1
1120 799 1330681191931 1120 800 12 1
1120 799 1330681191961 1120 800 12 1
1120 799 1330681191991 1120 800 12 1
1120 799 1330681192021 1120 800 12 1
1120 799 1330681192051 1120 800 12 1
1120 799 1330681192081 1120 800 12 1
1120 799 1330681192111 1120 800 12 1
1120 799 1330681192141 1120 800 12 1
1120 799 1330681192171 1120 800 12 1
1120 799 1330681192201 1120 800 12 1
1120 799 1330681192231 1120 800 12 1
1120 799 1330681192261 1120 800 12 1
1120 799 1330681192291 1120 800 12 1
1120 799 1330681192321 1120 800 12 1
1120 799 1330681192351 1120 800 12 1
1120 799 1330681192381 1120 800 12 1
1120 799 1330681192411 1120 800 12 1
1121 799 1330681192441 1120 800 12 1
1121 799 1330681192471 1120 800 12 1
1121 799 1330681192501 720 800 12 0
1121 799 1330681192531 720 800 12 0
1121 799 1330681192561 720 800 12 0
1121 799 1330681192591 720 800 12 0
1120 799 1330681192621 720 800 12 0
1115 798 1330681192651 720 800 12 0
1095 796 1330681192681 720 800 12 0
1037 794 1330681192711 720 800 12 0
950 793 1330681192741 720 800 12 0
864 794 1330681192771 720 800 12 0
810 792 1330681192801 720 800 12 0
796 785 1330681192831 720 800 12 0
800 782 1330681192861 720 800 12 0
800 786 1330681192891 720 800 12 0
790 789 1330681192921 720 800 12 0
782 789 1330681192951 720 800 12 0
766 786 1330681192981 720 800 12 0
754 786 1330681193011 720 800 12 0
742 791 1330681193041 720 800 12 0
740 794 1330681193071 720 800 12 0
739 795 1330681193101 720 800 12 0
737 797 1330681193131 720 800 12 0
736 800 1330681193161 720 800 12 0
735 803 1330681193191 720 800 12 0
734 805 1330681193221 720 800 12 0
732 803 1330681193251 720 800 12 0
724 799 1330681193281 720 800 12 0
722 798 1330681193311 720 800 12 0
722 798 1330681193341 720 800 12 0
724 798 1330681193371 720 800 12 0
724 798 1330681193401 720 800 12 0
724 798 1330681193431 720 800 12 0
725 799 1330681193461 720 800 12 0
726 799 1330681193491 720 800 12 0
726 800 1330681193521 720 800 12 0
726 801 1330681193551 720 800 12 0
726 802 1330681193581 720 800 12 0
725 802 1330681193611 720 800 12 0
723 802 1330681193641 720 800 12 0
722 802 1330681193671 720 800 12 0
722 802 1330681193701 720 800 12 0
722 802 1330681193731 720 800 12 0
722 802 1330681193761 720 800 12 0
722 802 1330681193791 720 800 12 0
722 802 1330681193821 720 800 12 0
722 802 1330681193851 720 800 12 0
722 802 1330681193881 720 800 12 0
721 802 1330681193911 720 800 12 1
721 802 1330681193941 720 800 12 1
721 802 1330681193971 720 800 12 1
721 802 1330681194001 720 800 12 1
721 802 1330681194031 720 800 12 1
721 802 1330681194061 720 800 12 1
721 802 1330681194091 720 800 12 1
721 801 1330681194121 720 800 12 1
721 801 1330681194151 720 800 12 1
721 801 1330681194181 720 800 12 1
721 801 1330681194211 720 800 12 1
721 801 1330681194241 720 800 12 1
721 801 1330681194271 720 800 12 1
721 801 1330681194301 720 800 12 1
721 801 1330681194331 720 800 12 1
721 801 1330681194361 720 800 12 1
721 801 1330681194391 720 800 12 1
721 801 1330681194421 720 800 12 1
721 801 1330681194451 720 800 12 1
721 801 1330681194481 720 800 12 1
721 801 1330681194511 720 800 12 1
721 801 1330681194541 720 800 12 1
721 801 1330681194571 720 800 12 1
721 801 1330681194601 720 800 12 1
721 801 1330681194631 720 800 12 1
721 801 1330681194661 720 800 12 1
721 801 1330681194691 720 800 12 1
721 802 1330681194721 720 800 12 1
721 802 1330681194751 720 800 12 1
721 802 1330681194781 720 800 12 1
721 802 1330681194811 720 800 12 1
721 802 1330681194841 720 800 12 1
721 802 1330681194871 720 800 12 1
