#2012.03.02 n. Chr. at 10:15:44 CET
# player.x player.y time target.x target.y target.r insideTarget?
836 189 1330679744106 720 800 20 0
867 164 1330679744138 720 800 20 0
905 124 1330679744166 720 800 20 0
944 73 1330679744198 720 800 20 0
981 22 1330679744226 720 800 20 0
1017 1 1330679744258 720 800 20 0
1042 5 1330679744287 720 800 20 0
1050 4 1330679744319 720 800 20 0
1050 4 1330679744347 720 800 20 0
1050 4 1330679744379 720 800 20 0
1050 4 1330679744407 720 800 20 0
1071 1 1330679744436 720 800 20 0
1068 3 1330679744468 720 800 20 0
1060 57 1330679744496 720 800 20 0
1049 157 1330679744528 720 800 20 0
1034 272 1330679744556 720 800 20 0
1022 407 1330679744589 720 800 20 0
1013 554 1330679744617 720 800 20 0
1009 703 1330679744649 720 800 20 0
1011 806 1330679744677 720 800 20 0
1016 879 1330679744706 720 800 20 0
1016 879 1330679744738 720 800 20 0
1016 879 1330679744766 720 800 20 0
1016 879 1330679744798 720 800 20 0
1016 879 1330679744826 720 800 20 0
1016 879 1330679744858 720 800 20 0
1016 879 1330679744887 720 800 20 0
1016 879 1330679744919 720 800 20 0
1016 879 1330679744947 720 800 20 0
1016 879 1330679744979 720 800 20 0
1016 879 1330679745007 720 800 20 0
1064 833 1330679745036 720 800 20 0
1068 749 1330679745068 720 800 20 0
1076 647 1330679745097 720 800 20 0
1088 500 1330679745129 720 800 20 0
1098 415 1330679745157 720 800 20 0
1122 289 1330679745189 720 800 20 0
1135 231 1330679745217 720 800 20 0
1152 176 1330679745246 720 800 20 0
1169 151 1330679745278 720 800 20 0
1183 152 1330679745306 720 800 20 0
1204 167 1330679745338 720 800 20 0
1235 189 1330679745366 720 800 20 0
1274 211 1330679745398 720 800 20 0
1320 230 1330679745426 720 800 20 0
1386 250 1330679745472 720 800 20 0
1405 256 1330679745486 720 800 20 0
1426 268 1330679745516 720 800 20 0
1427 273 1330679745546 720 800 20 0
1427 275 1330679745576 720 800 20 0
1427 273 1330679745606 720 800 20 0
1427 267 1330679745636 720 800 20 0
1427 259 1330679745666 720 800 20 0
1427 250 1330679745696 720 800 20 0
1427 241 1330679745726 720 800 20 0
1414 232 1330679745756 720 800 20 0
1341 225 1330679745786 720 800 20 0
1261 224 1330679745816 720 800 20 0
1165 225 1330679745846 720 800 20 0
1059 227 1330679745876 720 800 20 0
947 229 1330679745906 720 800 20 0
831 230 1330679745936 720 800 20 0
712 233 1330679745966 720 800 20 0
592 237 1330679745996 720 800 20 0
475 241 1330679746026 720 800 20 0
361 248 1330679746056 720 800 20 0
251 255 1330679746086 720 800 20 0
153 265 1330679746116 720 800 20 0
68 278 1330679746146 720 800 20 0
0 292 1330679746176 720 800 20 0
4 296 1330679746206 720 800 20 0
4 296 1330679746236 720 800 20 0
4 296 1330679746266 720 800 20 0
4 296 1330679746296 720 800 20 0
4 296 1330679746326 720 800 20 0
4 296 1330679746356 720 800 20 0
4 296 1330679746386 720 800 20 0
4 296 1330679746416 720 800 20 0
4 296 1330679746446 720 800 20 0
4 296 1330679746476 720 800 20 0
4 296 1330679746506 720 800 20 0
128 291 1330679746536 720 800 20 0
223 291 1330679746566 720 800 20 0
353 288 1330679746596 720 800 20 0
445 285 1330679746626 720 800 20 0
607 280 1330679746656 720 800 20 0
706 275 1330679746686 720 800 20 0
870 270 1330679746716 720 800 20 0
965 269 1330679746746 720 800 20 0
1113 269 1330679746776 720 800 20 0
1194 275 1330679746806 720 800 20 0
1310 286 1330679746836 720 800 20 0
1368 294 1330679746866 720 800 20 0
1419 310 1330679746896 720 800 20 0
1418 320 1330679746926 720 800 20 0
1421 334 1330679746956 720 800 20 0
1427 339 1330679746986 720 800 20 0
1427 339 1330679747016 720 800 20 0
1427 332 1330679747046 720 800 20 0
1405 315 1330679747076 720 800 20 0
1362 304 1330679747106 720 800 20 0
1284 286 1330679747136 720 800 20 0
1244 275 1330679747166 720 800 20 0
1191 256 1330679747196 720 800 20 0
1138 240 1330679747226 720 800 20 0
1088 229 1330679747256 720 800 20 0
1040 219 1330679747286 720 800 20 0
993 217 1330679747316 720 800 20 0
951 216 1330679747346 720 800 20 0
913 216 1330679747376 720 800 20 0
882 217 1330679747406 720 800 20 0
858 220 1330679747436 720 800 20 0
841 229 1330679747466 720 800 20 0
834 237 1330679747496 720 800 20 0
832 244 1330679747526 720 800 20 0
833 254 1330679747556 720 800 20 0
832 267 1330679747586 720 800 20 0
836 279 1330679747616 720 800 20 0
840 292 1330679747646 720 800 20 0
841 302 1330679747676 720 800 20 0
841 308 1330679747706 720 800 20 0
840 312 1330679747736 720 800 20 0
837 314 1330679747766 720 800 20 0
834 315 1330679747796 720 800 20 0
830 315 1330679747826 720 800 20 0
827 316 1330679747856 720 800 20 0
822 317 1330679747886 720 800 20 0
819 319 1330679747916 720 800 20 0
815 320 1330679747946 720 800 20 0
813 322 1330679747976 720 800 20 0
810 325 1330679748006 720 800 20 0
806 325 1330679748036 720 800 20 0
800 326 1330679748066 720 800 20 0
793 326 1330679748096 720 800 20 0
787 326 1330679748126 720 800 20 0
784 326 1330679748156 720 800 20 0
784 330 1330679748186 720 800 20 0
784 337 1330679748216 720 800 20 0
788 339 1330679748246 720 800 20 0
790 340 1330679748276 720 800 20 0
790 344 1330679748306 720 800 20 0
791 347 1330679748336 720 800 20 0
792 349 1330679748366 720 800 20 0
794 352 1330679748396 720 800 20 0
794 353 1330679748426 720 800 20 0
795 354 1330679748456 720 800 20 0
796 354 1330679748486 720 800 20 0
797 355 1330679748516 720 800 20 0
798 356 1330679748546 720 800 20 0
798 356 1330679748576 720 800 20 0
798 357 1330679748606 720 800 20 0
798 357 1330679748636 720 800 20 0
798 358 1330679748666 720 800 20 0
798 359 1330679748696 720 800 20 0
799 360 1330679748726 720 800 20 0
799 360 1330679748756 720 800 20 0
799 360 1330679748786 720 800 20 0
799 360 1330679748816 720 800 20 0
799 360 1330679748846 720 800 20 0
799 360 1330679748876 720 800 20 0
799 360 1330679748906 720 800 20 0
799 360 1330679748936 720 800 20 0
799 360 1330679748966 720 800 20 0
800 359 1330679748996 720 800 20 0
800 359 1330679749026 720 800 20 0
800 359 1330679749056 720 800 20 0
800 359 1330679749086 720 800 20 0
800 359 1330679749116 720 800 20 0
800 359 1330679749146 720 800 20 0
800 359 1330679749176 720 800 20 0
800 359 1330679749206 720 800 20 0
800 359 1330679749236 720 800 20 0
800 359 1330679749266 720 800 20 0
800 359 1330679749296 720 800 20 0
800 359 1330679749326 720 800 20 0
800 359 1330679749356 720 800 20 0
800 359 1330679749386 720 800 20 0
800 359 1330679749416 720 800 20 0
800 359 1330679749446 720 800 20 0
800 359 1330679749476 720 800 20 0
800 359 1330679749506 720 800 20 0
800 359 1330679749536 720 800 20 0
800 359 1330679749566 720 800 20 0
800 359 1330679749596 720 800 20 0
800 359 1330679749626 720 800 20 0
800 359 1330679749656 720 800 20 0
800 359 1330679749686 720 800 20 0
800 359 1330679749716 720 800 20 0
800 359 1330679749746 720 800 20 0
800 359 1330679749776 720 800 20 0
800 359 1330679749806 720 800 20 0
800 359 1330679749836 720 800 20 0
800 359 1330679749866 720 800 20 0
800 359 1330679749896 720 800 20 0
800 359 1330679749926 720 800 20 0
800 359 1330679749956 720 800 20 0
798 360 1330679749986 720 800 20 0
798 360 1330679750016 720 800 20 0
798 360 1330679750046 720 800 20 0
797 360 1330679750076 720 800 20 0
797 360 1330679750106 720 800 20 0
797 360 1330679750136 720 800 20 0
797 360 1330679750166 720 800 20 0
797 360 1330679750196 720 800 20 0
797 360 1330679750226 720 800 20 0
797 360 1330679750256 720 800 20 0
797 360 1330679750286 720 800 20 0
797 360 1330679750316 720 800 20 0
797 360 1330679750346 720 800 20 0
797 360 1330679750376 720 800 20 0
797 360 1330679750406 720 800 20 0
797 360 1330679750436 720 800 20 0
797 360 1330679750466 720 800 20 0
797 360 1330679750496 720 800 20 0
797 360 1330679750526 720 800 20 0
797 360 1330679750556 720 800 20 0
797 360 1330679750586 720 800 20 0
797 360 1330679750616 720 800 20 0
797 360 1330679750646 720 800 20 0
797 360 1330679750676 720 800 20 0
797 360 1330679750706 720 800 20 0
797 360 1330679750736 720 800 20 0
797 360 1330679750766 720 800 20 0
797 360 1330679750796 720 800 20 0
798 361 1330679750826 720 800 20 0
798 361 1330679750856 720 800 20 0
798 361 1330679750886 720 800 20 0
798 361 1330679750916 720 800 20 0
798 361 1330679750946 720 800 20 0
798 361 1330679750976 720 800 20 0
798 361 1330679751006 720 800 20 0
798 361 1330679751036 720 800 20 0
798 361 1330679751066 720 800 20 0
798 361 1330679751096 720 800 20 0
798 361 1330679751126 720 800 20 0
798 361 1330679751156 720 800 20 0
798 362 1330679751186 720 800 20 0
798 362 1330679751216 720 800 20 0
798 362 1330679751246 720 800 20 0
798 362 1330679751276 720 800 20 0
798 362 1330679751306 720 800 20 0
798 362 1330679751336 720 800 20 0
798 362 1330679751366 720 800 20 0
798 362 1330679751396 720 800 20 0
798 362 1330679751426 720 800 20 0
798 362 1330679751456 720 800 20 0
798 362 1330679751486 720 800 20 0
798 362 1330679751516 720 800 20 0
798 362 1330679751546 720 800 20 0
798 362 1330679751576 720 800 20 0
798 362 1330679751606 720 800 20 0
798 362 1330679751636 720 800 20 0
798 362 1330679751666 720 800 20 0
798 362 1330679751696 720 800 20 0
798 362 1330679751726 720 800 20 0
798 362 1330679751756 720 800 20 0
798 362 1330679751786 720 800 20 0
798 362 1330679751816 720 800 20 0
798 362 1330679751846 720 800 20 0
798 362 1330679751876 720 800 20 0
798 362 1330679751906 720 800 20 0
798 362 1330679751936 720 800 20 0
798 362 1330679751967 720 800 20 0
799 362 1330679751996 720 800 20 0
799 362 1330679752026 720 800 20 0
799 362 1330679752056 720 800 20 0
799 362 1330679752086 720 800 20 0
799 362 1330679752116 720 800 20 0
800 361 1330679752146 720 800 20 0
799 360 1330679752176 720 800 20 0
799 359 1330679752206 720 800 20 0
799 357 1330679752236 720 800 20 0
799 354 1330679752266 720 800 20 0
799 352 1330679752296 720 800 20 0
799 349 1330679752326 720 800 20 0
798 347 1330679752356 720 800 20 0
798 347 1330679752386 720 800 20 0
797 344 1330679752416 720 800 20 0
797 342 1330679752446 720 800 20 0
797 339 1330679752476 720 800 20 0
797 337 1330679752506 720 800 20 0
797 335 1330679752536 720 800 20 0
797 335 1330679752566 720 800 20 0
797 335 1330679752596 720 800 20 0
797 335 1330679752626 720 800 20 0
797 335 1330679752656 720 800 20 0
797 335 1330679752686 720 800 20 0
797 335 1330679752716 720 800 20 0
797 335 1330679752746 720 800 20 0
797 335 1330679752776 720 800 20 0
797 335 1330679752806 720 800 20 0
797 335 1330679752836 720 800 20 0
797 335 1330679752866 720 800 20 0
797 335 1330679752896 720 800 20 0
797 335 1330679752926 720 800 20 0
797 335 1330679752956 720 800 20 0
797 335 1330679752986 720 800 20 0
797 335 1330679753016 720 800 20 0
797 335 1330679753046 720 800 20 0
797 335 1330679753076 720 800 20 0
797 335 1330679753106 720 800 20 0
797 335 1330679753136 720 800 20 0
797 335 1330679753166 720 800 20 0
797 335 1330679753196 720 800 20 0
797 335 1330679753226 720 800 20 0
797 335 1330679753256 720 800 20 0
797 335 1330679753286 720 800 20 0
797 335 1330679753316 720 800 20 0
797 335 1330679753346 720 800 20 0
797 335 1330679753376 720 800 20 0
797 335 1330679753406 720 800 20 0
797 335 1330679753436 720 800 20 0
797 335 1330679753466 720 800 20 0
797 335 1330679753496 720 800 20 0
797 335 1330679753526 720 800 20 0
797 335 1330679753556 720 800 20 0
797 335 1330679753586 720 800 20 0
797 335 1330679753616 720 800 20 0
797 335 1330679753646 720 800 20 0
797 335 1330679753676 720 800 20 0
797 335 1330679753706 720 800 20 0
797 335 1330679753736 720 800 20 0
797 335 1330679753766 720 800 20 0
797 335 1330679753796 720 800 20 0
797 335 1330679753826 720 800 20 0
797 335 1330679753856 720 800 20 0
797 335 1330679753886 720 800 20 0
797 335 1330679753916 720 800 20 0
797 335 1330679753946 720 800 20 0
797 335 1330679753976 720 800 20 0
797 335 1330679754006 720 800 20 0
797 335 1330679754036 720 800 20 0
797 335 1330679754066 720 800 20 0
797 335 1330679754096 720 800 20 0
797 335 1330679754126 720 800 20 0
797 335 1330679754156 720 800 20 0
797 335 1330679754186 720 800 20 0
797 335 1330679754216 720 800 20 0
797 335 1330679754246 720 800 20 0
797 335 1330679754276 720 800 20 0
797 335 1330679754306 720 800 20 0
797 335 1330679754336 720 800 20 0
797 335 1330679754366 720 800 20 0
797 335 1330679754396 720 800 20 0
797 335 1330679754426 720 800 20 0
797 335 1330679754456 720 800 20 0
797 335 1330679754486 720 800 20 0
797 335 1330679754516 720 800 20 0
797 335 1330679754546 720 800 20 0
797 335 1330679754576 720 800 20 0
797 335 1330679754606 720 800 20 0
797 335 1330679754636 720 800 20 0
797 335 1330679754666 720 800 20 0
797 335 1330679754696 720 800 20 0
797 335 1330679754726 720 800 20 0
797 335 1330679754756 720 800 20 0
797 335 1330679754786 720 800 20 0
797 335 1330679754816 720 800 20 0
797 335 1330679754846 720 800 20 0
797 335 1330679754876 720 800 20 0
797 335 1330679754906 720 800 20 0
797 335 1330679754936 720 800 20 0
797 335 1330679754966 720 800 20 0
797 335 1330679754996 720 800 20 0
797 335 1330679755026 720 800 20 0
797 335 1330679755056 720 800 20 0
797 335 1330679755086 720 800 20 0
797 335 1330679755116 720 800 20 0
797 335 1330679755146 720 800 20 0
797 335 1330679755176 720 800 20 0
797 335 1330679755206 720 800 20 0
797 335 1330679755236 720 800 20 0
797 335 1330679755266 720 800 20 0
797 335 1330679755296 720 800 20 0
797 335 1330679755326 720 800 20 0
797 335 1330679755356 720 800 20 0
797 335 1330679755386 720 800 20 0
797 335 1330679755416 720 800 20 0
797 335 1330679755446 720 800 20 0
797 335 1330679755476 720 800 20 0
797 335 1330679755506 720 800 20 0
797 335 1330679755536 720 800 20 0
797 335 1330679755566 720 800 20 0
797 335 1330679755596 720 800 20 0
797 335 1330679755626 720 800 20 0
797 335 1330679755656 720 800 20 0
797 335 1330679755686 720 800 20 0
797 335 1330679755716 720 800 20 0
797 335 1330679755746 720 800 20 0
797 335 1330679755776 720 800 20 0
797 335 1330679755806 720 800 20 0
797 335 1330679755836 720 800 20 0
797 335 1330679755866 720 800 20 0
797 335 1330679755896 720 800 20 0
797 335 1330679755926 720 800 20 0
797 335 1330679755956 720 800 20 0
797 335 1330679755986 720 800 20 0
797 335 1330679756016 720 800 20 0
797 335 1330679756046 720 800 20 0
797 335 1330679756076 720 800 20 0
797 335 1330679756106 720 800 20 0
797 335 1330679756136 720 800 20 0
797 335 1330679756166 720 800 20 0
797 335 1330679756196 720 800 20 0
797 335 1330679756226 720 800 20 0
788 281 1330679756256 720 800 20 0
788 281 1330679756286 720 800 20 0
789 281 1330679756316 720 800 20 0
792 281 1330679756346 720 800 20 0
793 282 1330679756376 720 800 20 0
793 282 1330679756406 720 800 20 0
794 283 1330679756436 720 800 20 0
794 284 1330679756466 720 800 20 0
795 286 1330679756496 720 800 20 0
795 286 1330679756526 720 800 20 0
795 286 1330679756556 720 800 20 0
796 286 1330679756586 720 800 20 0
799 286 1330679756616 720 800 20 0
801 287 1330679756646 720 800 20 0
803 287 1330679756676 720 800 20 0
803 287 1330679756706 720 800 20 0
797 289 1330679756736 720 800 20 0
792 292 1330679756766 720 800 20 0
776 293 1330679756796 720 800 20 0
762 294 1330679756826 720 800 20 0
734 296 1330679756856 720 800 20 0
696 297 1330679756886 720 800 20 0
653 299 1330679756916 720 800 20 0
601 302 1330679756946 720 800 20 0
536 308 1330679756976 720 800 20 0
471 316 1330679757006 720 800 20 0
411 322 1330679757036 720 800 20 0
347 330 1330679757066 720 800 20 0
284 340 1330679757096 720 800 20 0
229 350 1330679757126 720 800 20 0
191 357 1330679757156 720 800 20 0
179 358 1330679757186 720 800 20 0
186 352 1330679757216 720 800 20 0
205 348 1330679757246 720 800 20 0
245 341 1330679757276 720 800 20 0
300 329 1330679757306 720 800 20 0
362 318 1330679757336 720 800 20 0
432 309 1330679757366 720 800 20 0
512 300 1330679757396 720 800 20 0
596 294 1330679757426 720 800 20 0
682 293 1330679757456 720 800 20 0
770 292 1330679757486 720 800 20 0
858 295 1330679757516 720 800 20 0
934 304 1330679757546 720 800 20 0
993 312 1330679757576 720 800 20 0
1033 319 1330679757606 720 800 20 0
1055 322 1330679757636 720 800 20 0
1059 321 1330679757666 720 800 20 0
1055 321 1330679757696 720 800 20 0
1049 322 1330679757726 720 800 20 0
1044 320 1330679757756 720 800 20 0
1041 316 1330679757786 720 800 20 0
1038 316 1330679757816 720 800 20 0
1037 315 1330679757846 720 800 20 0
1039 314 1330679757876 720 800 20 0
1039 314 1330679757906 720 800 20 0
1037 313 1330679757936 720 800 20 0
1036 313 1330679757966 720 800 20 0
1036 313 1330679757996 720 800 20 0
1036 313 1330679758026 720 800 20 0
1036 312 1330679758056 720 800 20 0
1037 311 1330679758086 720 800 20 0
1037 311 1330679758116 720 800 20 0
1037 311 1330679758146 720 800 20 0
1037 311 1330679758176 720 800 20 0
1037 311 1330679758206 720 800 20 0
1037 311 1330679758236 720 800 20 0
1037 311 1330679758266 720 800 20 0
1037 311 1330679758296 720 800 20 0
1037 311 1330679758326 720 800 20 0
1037 311 1330679758356 720 800 20 0
1023 320 1330679758386 720 800 20 0
1023 321 1330679758416 720 800 20 0
1024 325 1330679758446 720 800 20 0
1025 326 1330679758476 720 800 20 0
1029 325 1330679758506 720 800 20 0
1036 321 1330679758536 720 800 20 0
1040 319 1330679758566 720 800 20 0
1041 317 1330679758596 720 800 20 0
1044 315 1330679758626 720 800 20 0
1043 313 1330679758656 720 800 20 0
1036 316 1330679758686 720 800 20 0
1033 316 1330679758716 720 800 20 0
1030 316 1330679758746 720 800 20 0
1029 317 1330679758776 720 800 20 0
1027 319 1330679758806 720 800 20 0
1025 322 1330679758836 720 800 20 0
1023 325 1330679758866 720 800 20 0
1023 325 1330679758896 720 800 20 0
1023 325 1330679758926 720 800 20 0
1023 325 1330679758956 720 800 20 0
1022 326 1330679758986 720 800 20 0
1022 327 1330679759016 720 800 20 0
1022 331 1330679759046 720 800 20 0
1022 331 1330679759076 720 800 20 0
1021 331 1330679759106 720 800 20 0
1020 332 1330679759136 720 800 20 0
1020 332 1330679759166 720 800 20 0
1020 332 1330679759196 720 800 20 0
1022 330 1330679759226 720 800 20 0
1023 329 1330679759256 720 800 20 0
1023 329 1330679759286 720 800 20 0
1023 329 1330679759316 720 800 20 0
1027 329 1330679759346 720 800 20 0
1027 329 1330679759376 720 800 20 0
1027 329 1330679759406 720 800 20 0
1027 326 1330679759436 720 800 20 0
1026 321 1330679759466 720 800 20 0
1026 321 1330679759496 720 800 20 0
1026 321 1330679759526 720 800 20 0
1025 321 1330679759556 720 800 20 0
1025 321 1330679759586 720 800 20 0
1025 321 1330679759616 720 800 20 0
1025 321 1330679759646 720 800 20 0
1025 320 1330679759676 720 800 20 0
1025 319 1330679759706 720 800 20 0
1025 319 1330679759736 720 800 20 0
1024 319 1330679759766 720 800 20 0
1024 319 1330679759796 720 800 20 0
1024 319 1330679759826 720 800 20 0
1024 319 1330679759856 720 800 20 0
1027 317 1330679759886 720 800 20 0
1030 317 1330679759916 720 800 20 0
1033 316 1330679759946 720 800 20 0
1035 316 1330679759976 720 800 20 0
1028 316 1330679760006 720 800 20 0
1014 317 1330679760036 720 800 20 0
990 318 1330679760066 720 800 20 0
948 317 1330679760096 720 800 20 0
892 316 1330679760126 720 800 20 0
825 315 1330679760156 720 800 20 0
749 315 1330679760186 720 800 20 0
665 320 1330679760216 720 800 20 0
602 330 1330679760246 720 800 20 0
514 344 1330679760276 720 800 20 0
479 349 1330679760306 720 800 20 0
454 353 1330679760336 720 800 20 0
457 353 1330679760366 720 800 20 0
483 350 1330679760396 720 800 20 0
511 348 1330679760426 720 800 20 0
572 340 1330679760456 720 800 20 0
584 339 1330679760486 720 800 20 0
584 339 1330679760516 720 800 20 0
584 339 1330679760546 720 800 20 0
584 339 1330679760576 720 800 20 0
584 339 1330679760606 720 800 20 0
584 339 1330679760636 720 800 20 0
584 339 1330679760666 720 800 20 0
584 339 1330679760696 720 800 20 0
584 339 1330679760726 720 800 20 0
742 328 1330679760756 720 800 20 0
742 328 1330679760786 720 800 20 0
743 329 1330679760816 720 800 20 0
750 329 1330679760846 720 800 20 0
753 330 1330679760876 720 800 20 0
756 326 1330679760906 720 800 20 0
757 322 1330679760936 720 800 20 0
756 321 1330679760966 720 800 20 0
756 321 1330679760996 720 800 20 0
756 321 1330679761026 720 800 20 0
760 320 1330679761056 720 800 20 0
766 320 1330679761086 720 800 20 0
772 322 1330679761116 720 800 20 0
776 324 1330679761146 720 800 20 0
778 327 1330679761176 720 800 20 0
775 328 1330679761206 720 800 20 0
773 327 1330679761236 720 800 20 0
773 324 1330679761266 720 800 20 0
771 322 1330679761296 720 800 20 0
769 322 1330679761326 720 800 20 0
768 322 1330679761356 720 800 20 0
768 322 1330679761386 720 800 20 0
770 321 1330679761416 720 800 20 0
772 322 1330679761446 720 800 20 0
772 322 1330679761476 720 800 20 0
773 323 1330679761506 720 800 20 0
774 324 1330679761536 720 800 20 0
774 324 1330679761566 720 800 20 0
773 322 1330679761596 720 800 20 0
773 322 1330679761626 720 800 20 0
772 321 1330679761656 720 800 20 0
771 320 1330679761686 720 800 20 0
771 321 1330679761716 720 800 20 0
771 322 1330679761746 720 800 20 0
771 322 1330679761776 720 800 20 0
771 323 1330679761806 720 800 20 0
771 323 1330679761836 720 800 20 0
771 323 1330679761866 720 800 20 0
770 322 1330679761896 720 800 20 0
770 322 1330679761926 720 800 20 0
770 322 1330679761956 720 800 20 0
770 322 1330679761986 720 800 20 0
771 323 1330679762016 720 800 20 0
771 323 1330679762046 720 800 20 0
772 324 1330679762076 720 800 20 0
772 324 1330679762106 720 800 20 0
772 324 1330679762136 720 800 20 0
772 324 1330679762166 720 800 20 0
772 324 1330679762196 720 800 20 0
772 324 1330679762226 720 800 20 0
772 324 1330679762256 720 800 20 0
773 325 1330679762286 720 800 20 0
773 325 1330679762316 720 800 20 0
773 325 1330679762346 720 800 20 0
773 325 1330679762376 720 800 20 0
773 326 1330679762406 720 800 20 0
773 326 1330679762436 720 800 20 0
773 326 1330679762466 720 800 20 0
773 324 1330679762496 720 800 20 0
773 323 1330679762526 720 800 20 0
773 320 1330679762556 720 800 20 0
773 320 1330679762586 720 800 20 0
772 332 1330679762616 720 800 20 0
762 357 1330679762646 720 800 20 0
747 395 1330679762676 720 800 20 0
728 443 1330679762706 720 800 20 0
711 498 1330679762736 720 800 20 0
696 552 1330679762766 720 800 20 0
684 600 1330679762796 720 800 20 0
677 641 1330679762826 720 800 20 0
673 675 1330679762856 720 800 20 0
674 700 1330679762886 720 800 20 0
683 714 1330679762916 720 800 20 0
695 723 1330679762946 720 800 20 0
706 729 1330679762976 720 800 20 0
713 731 1330679763006 720 800 20 0
714 734 1330679763036 720 800 20 0
711 740 1330679763066 720 800 20 0
709 744 1330679763096 720 800 20 0
709 746 1330679763126 720 800 20 0
709 754 1330679763156 720 800 20 0
710 765 1330679763186 720 800 20 0
714 774 1330679763216 720 800 20 0
720 781 1330679763246 720 800 20 0
726 787 1330679763276 720 800 20 0
732 793 1330679763306 720 800 20 0
735 796 1330679763336 720 800 20 0
736 798 1330679763366 720 800 20 0
736 799 1330679763396 720 800 20 0
732 799 1330679763426 720 800 20 0
729 800 1330679763456 720 800 20 1
727 800 1330679763486 720 800 20 1
727 800 1330679763516 720 800 20 1
726 799 1330679763546 720 800 20 1
723 800 1330679763576 720 800 20 1
723 800 1330679763606 720 800 20 1
723 800 1330679763636 720 800 20 1
723 801 1330679763666 720 800 20 1
723 801 1330679763696 720 800 20 1
723 801 1330679763726 720 800 20 1
723 801 1330679763756 720 800 20 1
723 801 1330679763786 720 800 20 1
723 801 1330679763816 720 800 20 1
723 801 1330679763846 720 800 20 1
723 801 1330679763876 720 800 20 1
723 801 1330679763906 720 800 20 1
723 801 1330679763936 720 800 20 1
723 801 1330679763966 720 800 20 1
723 801 1330679763996 720 800 20 1
723 801 1330679764026 720 800 20 1
723 801 1330679764056 720 800 20 1
723 801 1330679764086 720 800 20 1
723 801 1330679764116 720 800 20 1
723 801 1330679764146 720 800 20 1
723 801 1330679764176 720 800 20 1
723 801 1330679764206 720 800 20 1
723 801 1330679764236 720 800 20 1
723 801 1330679764266 720 800 20 1
723 801 1330679764296 720 800 20 1
723 801 1330679764326 720 800 20 1
723 801 1330679764356 720 800 20 1
723 801 1330679764386 720 800 20 1
723 801 1330679764416 720 800 20 1
723 801 1330679764446 720 800 20 1
723 801 1330679764476 20 800 52 0
723 801 1330679764506 20 800 52 0
723 801 1330679764536 20 800 52 0
723 801 1330679764566 20 800 52 0
723 801 1330679764596 20 800 52 0
723 801 1330679764626 20 800 52 0
723 801 1330679764656 20 800 52 0
723 801 1330679764686 20 800 52 0
723 801 1330679764716 20 800 52 0
721 801 1330679764746 20 800 52 0
705 801 1330679764776 20 800 52 0
684 803 1330679764806 20 800 52 0
646 803 1330679764836 20 800 52 0
604 799 1330679764866 20 800 52 0
560 795 1330679764896 20 800 52 0
514 793 1330679764926 20 800 52 0
472 794 1330679764956 20 800 52 0
439 796 1330679764986 20 800 52 0
412 799 1330679765016 20 800 52 0
386 805 1330679765046 20 800 52 0
357 814 1330679765076 20 800 52 0
327 824 1330679765106 20 800 52 0
302 830 1330679765136 20 800 52 0
283 830 1330679765166 20 800 52 0
261 829 1330679765196 20 800 52 0
236 829 1330679765226 20 800 52 0
215 827 1330679765256 20 800 52 0
197 819 1330679765286 20 800 52 0
179 814 1330679765316 20 800 52 0
156 813 1330679765346 20 800 52 0
130 813 1330679765376 20 800 52 0
104 813 1330679765406 20 800 52 0
77 813 1330679765436 20 800 52 0
49 814 1330679765466 20 800 52 1
28 811 1330679765496 20 800 52 1
15 805 1330679765526 20 800 52 1
9 801 1330679765556 20 800 52 1
8 801 1330679765586 20 800 52 1
8 801 1330679765616 20 800 52 1
8 801 1330679765646 20 800 52 1
10 801 1330679765676 20 800 52 1
23 797 1330679765706 20 800 52 1
37 790 1330679765736 20 800 52 1
41 788 1330679765766 20 800 52 1
41 791 1330679765796 20 800 52 1
40 792 1330679765826 20 800 52 1
38 794 1330679765856 20 800 52 1
33 797 1330679765886 20 800 52 1
31 798 1330679765916 20 800 52 1
31 798 1330679765946 20 800 52 1
31 798 1330679765976 20 800 52 1
31 798 1330679766006 20 800 52 1
31 798 1330679766036 20 800 52 1
31 798 1330679766066 20 800 52 1
31 798 1330679766096 20 800 52 1
31 798 1330679766126 20 800 52 1
31 798 1330679766156 20 800 52 1
31 798 1330679766186 20 800 52 1
31 798 1330679766216 20 800 52 1
31 798 1330679766246 20 800 52 1
31 798 1330679766276 20 800 52 1
31 798 1330679766306 20 800 52 1
31 798 1330679766336 20 800 52 1
31 798 1330679766366 20 800 52 1
30 799 1330679766396 20 800 52 1
30 799 1330679766426 20 800 52 1
30 799 1330679766456 20 800 52 1
30 799 1330679766486 720 800 56 0
30 799 1330679766516 720 800 56 0
30 799 1330679766546 720 800 56 0
30 799 1330679766576 720 800 56 0
30 799 1330679766606 720 800 56 0
30 799 1330679766636 720 800 56 0
30 799 1330679766666 720 800 56 0
30 799 1330679766696 720 800 56 0
31 799 1330679766726 720 800 56 0
47 797 1330679766756 720 800 56 0
73 791 1330679766786 720 800 56 0
144 767 1330679766816 720 800 56 0
201 747 1330679766846 720 800 56 0
308 723 1330679766876 720 800 56 0
374 712 1330679766906 720 800 56 0
478 701 1330679766936 720 800 56 0
530 700 1330679766966 720 800 56 0
598 703 1330679766996 720 800 56 0
629 707 1330679767026 720 800 56 0
653 714 1330679767056 720 800 56 0
652 721 1330679767086 720 800 56 0
641 735 1330679767116 720 800 56 0
632 744 1330679767146 720 800 56 0
622 757 1330679767176 720 800 56 0
617 771 1330679767206 720 800 56 0
619 780 1330679767236 720 800 56 0
628 785 1330679767266 720 800 56 0
642 789 1330679767296 720 800 56 0
662 791 1330679767326 720 800 56 0
686 793 1330679767356 720 800 56 1
712 794 1330679767386 720 800 56 1
734 794 1330679767416 720 800 56 1
741 794 1330679767446 720 800 56 1
739 796 1330679767476 720 800 56 1
733 796 1330679767506 720 800 56 1
729 797 1330679767536 720 800 56 1
728 797 1330679767566 720 800 56 1
727 796 1330679767596 720 800 56 1
726 796 1330679767626 720 800 56 1
726 796 1330679767656 720 800 56 1
726 796 1330679767686 720 800 56 1
725 797 1330679767716 720 800 56 1
725 797 1330679767746 720 800 56 1
725 797 1330679767776 720 800 56 1
725 797 1330679767806 720 800 56 1
725 797 1330679767836 720 800 56 1
725 797 1330679767866 720 800 56 1
725 797 1330679767896 720 800 56 1
725 797 1330679767926 720 800 56 1
725 797 1330679767956 720 800 56 1
725 797 1330679767986 720 800 56 1
725 797 1330679768016 720 800 56 1
725 797 1330679768046 720 800 56 1
725 797 1330679768076 720 800 56 1
725 797 1330679768106 720 800 56 1
725 797 1330679768136 720 800 56 1
725 797 1330679768166 720 800 56 1
725 797 1330679768196 720 800 56 1
725 797 1330679768226 720 800 56 1
725 797 1330679768256 720 800 56 1
725 797 1330679768286 720 800 56 1
725 797 1330679768316 720 800 56 1
725 797 1330679768346 720 800 56 1
725 797 1330679768376 225 305 48 0
725 797 1330679768406 225 305 48 0
725 797 1330679768436 225 305 48 0
725 797 1330679768466 225 305 48 0
725 797 1330679768496 225 305 48 0
725 797 1330679768526 225 305 48 0
725 797 1330679768556 225 305 48 0
725 797 1330679768586 225 305 48 0
725 797 1330679768616 225 305 48 0
724 791 1330679768646 225 305 48 0
713 779 1330679768676 225 305 48 0
693 760 1330679768706 225 305 48 0
666 733 1330679768736 225 305 48 0
632 700 1330679768766 225 305 48 0
595 665 1330679768796 225 305 48 0
566 638 1330679768826 225 305 48 0
523 592 1330679768856 225 305 48 0
502 565 1330679768886 225 305 48 0
471 526 1330679768916 225 305 48 0
452 506 1330679768946 225 305 48 0
422 473 1330679768976 225 305 48 0
402 454 1330679769006 225 305 48 0
362 430 1330679769036 225 305 48 0
336 420 1330679769066 225 305 48 0
296 405 1330679769096 225 305 48 0
278 397 1330679769126 225 305 48 0
254 386 1330679769156 225 305 48 0
243 379 1330679769186 225 305 48 0
232 369 1330679769216 225 305 48 0
230 364 1330679769246 225 305 48 0
231 355 1330679769276 225 305 48 0
233 348 1330679769306 225 305 48 0
231 335 1330679769336 225 305 48 1
228 328 1330679769366 225 305 48 1
223 319 1330679769396 225 305 48 1
221 314 1330679769426 225 305 48 1
218 309 1330679769456 225 305 48 1
218 307 1330679769486 225 305 48 1
218 307 1330679769516 225 305 48 1
218 307 1330679769546 225 305 48 1
218 307 1330679769576 225 305 48 1
218 307 1330679769606 225 305 48 1
221 308 1330679769636 225 305 48 1
224 308 1330679769666 225 305 48 1
224 308 1330679769696 225 305 48 1
224 307 1330679769726 225 305 48 1
224 307 1330679769756 225 305 48 1
224 307 1330679769786 225 305 48 1
224 307 1330679769816 225 305 48 1
224 307 1330679769846 225 305 48 1
224 307 1330679769876 225 305 48 1
224 307 1330679769906 225 305 48 1
224 307 1330679769936 225 305 48 1
224 307 1330679769966 225 305 48 1
224 307 1330679769996 225 305 48 1
224 307 1330679770026 225 305 48 1
224 307 1330679770056 225 305 48 1
224 307 1330679770086 225 305 48 1
224 307 1330679770116 225 305 48 1
224 307 1330679770146 225 305 48 1
224 307 1330679770176 225 305 48 1
224 307 1330679770206 225 305 48 1
224 307 1330679770236 225 305 48 1
224 307 1330679770266 225 305 48 1
224 307 1330679770296 225 305 48 1
224 307 1330679770326 225 305 48 1
224 307 1330679770356 720 800 57 0
224 307 1330679770386 720 800 57 0
224 307 1330679770416 720 800 57 0
224 307 1330679770446 720 800 57 0
224 307 1330679770476 720 800 57 0
224 307 1330679770506 720 800 57 0
224 307 1330679770536 720 800 57 0
224 307 1330679770566 720 800 57 0
229 312 1330679770596 720 800 57 0
242 323 1330679770626 720 800 57 0
265 341 1330679770656 720 800 57 0
295 367 1330679770686 720 800 57 0
331 401 1330679770716 720 800 57 0
371 440 1330679770746 720 800 57 0
415 481 1330679770776 720 800 57 0
459 522 1330679770806 720 800 57 0
491 553 1330679770836 720 800 57 0
538 604 1330679770866 720 800 57 0
570 641 1330679770896 720 800 57 0
594 676 1330679770926 720 800 57 0
611 709 1330679770956 720 800 57 0
622 735 1330679770986 720 800 57 0
628 760 1330679771016 720 800 57 0
633 784 1330679771046 720 800 57 0
638 798 1330679771076 720 800 57 0
655 813 1330679771106 720 800 57 0
669 818 1330679771136 720 800 57 0
678 818 1330679771166 720 800 57 1
687 816 1330679771196 720 800 57 1
688 814 1330679771226 720 800 57 1
689 810 1330679771256 720 800 57 1
689 809 1330679771286 720 800 57 1
689 809 1330679771316 720 800 57 1
693 809 1330679771346 720 800 57 1
699 808 1330679771376 720 800 57 1
706 808 1330679771406 720 800 57 1
717 810 1330679771436 720 800 57 1
723 811 1330679771466 720 800 57 1
724 811 1330679771496 720 800 57 1
724 811 1330679771526 720 800 57 1
724 811 1330679771556 720 800 57 1
724 811 1330679771586 720 800 57 1
724 811 1330679771616 720 800 57 1
724 811 1330679771646 720 800 57 1
724 811 1330679771676 720 800 57 1
724 811 1330679771706 720 800 57 1
724 811 1330679771736 720 800 57 1
724 811 1330679771766 720 800 57 1
724 811 1330679771796 720 800 57 1
724 811 1330679771826 720 800 57 1
724 811 1330679771856 720 800 57 1
724 811 1330679771886 720 800 57 1
724 811 1330679771916 720 800 57 1
724 811 1330679771946 720 800 57 1
724 811 1330679771976 720 800 57 1
724 811 1330679772006 720 800 57 1
724 811 1330679772036 720 800 57 1
724 811 1330679772066 720 800 57 1
724 811 1330679772096 720 800 57 1
724 811 1330679772126 720 800 57 1
724 811 1330679772156 720 800 57 1
724 811 1330679772186 720 800 57 1
724 811 1330679772216 720 100 49 0
724 811 1330679772246 720 100 49 0
724 811 1330679772276 720 100 49 0
724 811 1330679772306 720 100 49 0
724 811 1330679772336 720 100 49 0
724 811 1330679772366 720 100 49 0
724 811 1330679772396 720 100 49 0
724 811 1330679772426 720 100 49 0
724 811 1330679772456 720 100 49 0
724 807 1330679772486 720 100 49 0
728 794 1330679772516 720 100 49 0
733 771 1330679772546 720 100 49 0
739 735 1330679772576 720 100 49 0
747 688 1330679772606 720 100 49 0
757 633 1330679772636 720 100 49 0
769 571 1330679772666 720 100 49 0
782 506 1330679772696 720 100 49 0
794 442 1330679772726 720 100 49 0
799 384 1330679772756 720 100 49 0
799 332 1330679772786 720 100 49 0
795 286 1330679772816 720 100 49 0
789 247 1330679772846 720 100 49 0
784 222 1330679772876 720 100 49 0
776 187 1330679772906 720 100 49 0
771 172 1330679772936 720 100 49 0
763 153 1330679772966 720 100 49 0
759 143 1330679772996 720 100 49 0
757 134 1330679773026 720 100 49 0
753 127 1330679773056 720 100 49 0
748 122 1330679773086 720 100 49 1
744 115 1330679773116 720 100 49 1
741 107 1330679773146 720 100 49 1
737 100 1330679773176 720 100 49 1
734 94 1330679773206 720 100 49 1
732 92 1330679773236 720 100 49 1
732 92 1330679773266 720 100 49 1
732 92 1330679773296 720 100 49 1
732 92 1330679773326 720 100 49 1
732 92 1330679773356 720 100 49 1
732 92 1330679773386 720 100 49 1
732 92 1330679773416 720 100 49 1
732 93 1330679773446 720 100 49 1
732 93 1330679773476 720 100 49 1
732 93 1330679773506 720 100 49 1
732 93 1330679773536 720 100 49 1
732 94 1330679773566 720 100 49 1
728 100 1330679773596 720 100 49 1
726 103 1330679773626 720 100 49 1
725 104 1330679773656 720 100 49 1
725 104 1330679773686 720 100 49 1
725 104 1330679773716 720 100 49 1
725 104 1330679773746 720 100 49 1
725 104 1330679773776 720 100 49 1
725 104 1330679773806 720 100 49 1
725 104 1330679773836 720 100 49 1
725 104 1330679773866 720 100 49 1
725 104 1330679773896 720 100 49 1
725 104 1330679773926 720 100 49 1
725 104 1330679773956 720 100 49 1
725 104 1330679773986 720 100 49 1
725 104 1330679774016 720 100 49 1
725 104 1330679774046 720 100 49 1
724 103 1330679774076 720 100 49 1
724 103 1330679774106 720 800 56 0
724 103 1330679774136 720 800 56 0
724 103 1330679774166 720 800 56 0
724 103 1330679774196 720 800 56 0
724 103 1330679774226 720 800 56 0
724 103 1330679774256 720 800 56 0
724 103 1330679774286 720 800 56 0
724 103 1330679774316 720 800 56 0
724 103 1330679774346 720 800 56 0
724 109 1330679774376 720 800 56 0
722 128 1330679774406 720 800 56 0
718 160 1330679774436 720 800 56 0
714 206 1330679774466 720 800 56 0
711 263 1330679774496 720 800 56 0
709 329 1330679774526 720 800 56 0
708 398 1330679774556 720 800 56 0
710 466 1330679774586 720 800 56 0
713 532 1330679774616 720 800 56 0
713 596 1330679774646 720 800 56 0
713 654 1330679774676 720 800 56 0
714 702 1330679774706 720 800 56 0
716 741 1330679774736 720 800 56 0
714 772 1330679774766 720 800 56 1
710 793 1330679774796 720 800 56 1
705 808 1330679774826 720 800 56 1
704 813 1330679774856 720 800 56 1
704 813 1330679774886 720 800 56 1
704 810 1330679774916 720 800 56 1
707 804 1330679774946 720 800 56 1
712 796 1330679774976 720 800 56 1
714 791 1330679775006 720 800 56 1
714 791 1330679775036 720 800 56 1
714 791 1330679775066 720 800 56 1
714 791 1330679775096 720 800 56 1
714 791 1330679775126 720 800 56 1
714 791 1330679775156 720 800 56 1
714 791 1330679775186 720 800 56 1
714 791 1330679775216 720 800 56 1
714 791 1330679775246 720 800 56 1
714 791 1330679775276 720 800 56 1
714 791 1330679775306 720 800 56 1
714 791 1330679775336 720 800 56 1
714 791 1330679775366 720 800 56 1
714 791 1330679775396 720 800 56 1
714 791 1330679775426 720 800 56 1
714 791 1330679775456 720 800 56 1
714 791 1330679775486 720 800 56 1
714 791 1330679775516 720 800 56 1
714 791 1330679775546 720 800 56 1
714 791 1330679775576 720 800 56 1
714 791 1330679775606 720 800 56 1
714 791 1330679775636 720 800 56 1
714 791 1330679775666 720 800 56 1
714 791 1330679775696 720 800 56 1
714 791 1330679775726 720 800 56 1
714 791 1330679775756 720 800 56 1
714 791 1330679775786 1215 305 53 0
714 791 1330679775816 1215 305 53 0
714 791 1330679775846 1215 305 53 0
714 791 1330679775876 1215 305 53 0
714 791 1330679775906 1215 305 53 0
714 791 1330679775936 1215 305 53 0
714 791 1330679775966 1215 305 53 0
714 791 1330679775996 1215 305 53 0
717 791 1330679776026 1215 305 53 0
730 784 1330679776056 1215 305 53 0
748 775 1330679776086 1215 305 53 0
787 754 1330679776116 1215 305 53 0
830 726 1330679776146 1215 305 53 0
885 682 1330679776176 1215 305 53 0
919 651 1330679776206 1215 305 53 0
967 599 1330679776236 1215 305 53 0
994 568 1330679776266 1215 305 53 0
1038 518 1330679776296 1215 305 53 0
1061 490 1330679776326 1215 305 53 0
1096 450 1330679776356 1215 305 53 0
1119 429 1330679776386 1215 305 53 0
1149 405 1330679776416 1215 305 53 0
1170 385 1330679776446 1215 305 53 0
1183 371 1330679776476 1215 305 53 0
1190 359 1330679776506 1215 305 53 0
1194 350 1330679776536 1215 305 53 0
1198 341 1330679776566 1215 305 53 1
1206 331 1330679776596 1215 305 53 1
1214 321 1330679776626 1215 305 53 1
1220 312 1330679776656 1215 305 53 1
1227 303 1330679776686 1215 305 53 1
1239 295 1330679776716 1215 305 53 1
1248 288 1330679776746 1215 305 53 1
1250 285 1330679776776 1215 305 53 1
1250 285 1330679776806 1215 305 53 1
1250 285 1330679776836 1215 305 53 1
1245 289 1330679776866 1215 305 53 1
1237 295 1330679776896 1215 305 53 1
1228 300 1330679776926 1215 305 53 1
1220 305 1330679776956 1215 305 53 1
1219 305 1330679776986 1215 305 53 1
1219 305 1330679777016 1215 305 53 1
1219 304 1330679777046 1215 305 53 1
1219 304 1330679777076 1215 305 53 1
1219 304 1330679777106 1215 305 53 1
1219 304 1330679777136 1215 305 53 1
1219 304 1330679777166 1215 305 53 1
1219 304 1330679777196 1215 305 53 1
1219 304 1330679777226 1215 305 53 1
1219 304 1330679777256 1215 305 53 1
1219 304 1330679777286 1215 305 53 1
1219 304 1330679777316 1215 305 53 1
1219 304 1330679777346 1215 305 53 1
1219 304 1330679777376 1215 305 53 1
1219 304 1330679777406 1215 305 53 1
1219 304 1330679777436 1215 305 53 1
1219 304 1330679777466 1215 305 53 1
1219 304 1330679777496 1215 305 53 1
1219 304 1330679777526 1215 305 53 1
1219 304 1330679777556 1215 305 53 1
1219 304 1330679777586 720 800 53 0
1219 304 1330679777616 720 800 53 0
1219 304 1330679777646 720 800 53 0
1219 304 1330679777676 720 800 53 0
1219 304 1330679777706 720 800 53 0
1219 304 1330679777736 720 800 53 0
1219 304 1330679777766 720 800 53 0
1219 304 1330679777796 720 800 53 0
1209 314 1330679777826 720 800 53 0
1184 329 1330679777856 720 800 53 0
1145 354 1330679777886 720 800 53 0
1098 389 1330679777916 720 800 53 0
1043 435 1330679777946 720 800 53 0
984 488 1330679777976 720 800 53 0
923 546 1330679778006 720 800 53 0
882 588 1330679778036 720 800 53 0
833 642 1330679778066 720 800 53 0
786 700 1330679778096 720 800 53 0
770 726 1330679778126 720 800 53 0
768 750 1330679778156 720 800 53 0
775 756 1330679778186 720 800 53 0
782 760 1330679778216 720 800 53 0
782 762 1330679778246 720 800 53 0
777 769 1330679778276 720 800 53 0
770 774 1330679778306 720 800 53 0
749 786 1330679778336 720 800 53 1
739 790 1330679778366 720 800 53 1
734 791 1330679778396 720 800 53 1
734 791 1330679778426 720 800 53 1
736 794 1330679778456 720 800 53 1
737 794 1330679778486 720 800 53 1
737 794 1330679778516 720 800 53 1
737 794 1330679778546 720 800 53 1
737 794 1330679778576 720 800 53 1
737 794 1330679778606 720 800 53 1
736 794 1330679778636 720 800 53 1
735 795 1330679778666 720 800 53 1
733 796 1330679778696 720 800 53 1
729 798 1330679778726 720 800 53 1
727 799 1330679778756 720 800 53 1
724 800 1330679778786 720 800 53 1
721 802 1330679778816 720 800 53 1
719 803 1330679778846 720 800 53 1
719 803 1330679778876 720 800 53 1
719 803 1330679778906 720 800 53 1
719 803 1330679778936 720 800 53 1
719 803 1330679778966 720 800 53 1
719 803 1330679778996 720 800 53 1
719 803 1330679779026 720 800 53 1
719 803 1330679779056 720 800 53 1
719 803 1330679779086 720 800 53 1
719 803 1330679779116 720 800 53 1
719 803 1330679779146 720 800 53 1
719 803 1330679779176 720 800 53 1
719 803 1330679779206 720 800 53 1
719 803 1330679779236 720 800 53 1
719 803 1330679779266 720 800 53 1
719 803 1330679779296 720 800 53 1
719 803 1330679779326 720 800 53 1
719 803 1330679779356 1420 800 56 0
719 803 1330679779386 1420 800 56 0
719 803 1330679779416 1420 800 56 0
719 803 1330679779446 1420 800 56 0
719 803 1330679779476 1420 800 56 0
719 803 1330679779506 1420 800 56 0
719 803 1330679779536 1420 800 56 0
722 802 1330679779566 1420 800 56 0
729 799 1330679779596 1420 800 56 0
748 794 1330679779626 1420 800 56 0
780 788 1330679779656 1420 800 56 0
829 783 1330679779686 1420 800 56 0
888 781 1330679779716 1420 800 56 0
947 783 1330679779746 1420 800 56 0
1005 790 1330679779776 1420 800 56 0
1059 800 1330679779806 1420 800 56 0
1105 812 1330679779836 1420 800 56 0
1143 824 1330679779866 1420 800 56 0
1177 836 1330679779896 1420 800 56 0
1205 845 1330679779926 1420 800 56 0
1227 852 1330679779956 1420 800 56 0
1250 854 1330679779986 1420 800 56 0
1266 854 1330679780016 1420 800 56 0
1289 849 1330679780046 1420 800 56 0
1308 841 1330679780076 1420 800 56 0
1328 832 1330679780106 1420 800 56 0
1349 823 1330679780136 1420 800 56 0
1368 814 1330679780166 1420 800 56 0
1386 806 1330679780196 1420 800 56 1
1397 800 1330679780226 1420 800 56 1
1406 796 1330679780256 1420 800 56 1
1416 795 1330679780286 1420 800 56 1
1421 794 1330679780316 1420 800 56 1
1422 794 1330679780346 1420 800 56 1
1422 794 1330679780376 1420 800 56 1
1422 794 1330679780406 1420 800 56 1
1422 794 1330679780436 1420 800 56 1
1422 795 1330679780466 1420 800 56 1
1422 795 1330679780496 1420 800 56 1
1422 795 1330679780526 1420 800 56 1
1422 795 1330679780556 1420 800 56 1
1422 795 1330679780586 1420 800 56 1
1422 795 1330679780616 1420 800 56 1
1422 795 1330679780646 1420 800 56 1
1422 795 1330679780676 1420 800 56 1
1422 795 1330679780706 1420 800 56 1
1422 795 1330679780736 1420 800 56 1
1422 795 1330679780766 1420 800 56 1
1422 795 1330679780796 1420 800 56 1
1422 795 1330679780826 1420 800 56 1
1422 795 1330679780856 1420 800 56 1
1422 795 1330679780886 1420 800 56 1
1422 795 1330679780916 1420 800 56 1
1422 795 1330679780946 1420 800 56 1
1422 795 1330679780976 1420 800 56 1
1422 795 1330679781006 1420 800 56 1
1422 795 1330679781036 1420 800 56 1
1422 795 1330679781066 1420 800 56 1
1422 795 1330679781096 1420 800 56 1
1422 795 1330679781126 1420 800 56 1
1422 795 1330679781156 1420 800 56 1
1422 795 1330679781186 1420 800 56 1
1422 795 1330679781216 720 800 49 0
1422 795 1330679781246 720 800 49 0
1422 795 1330679781276 720 800 49 0
1422 795 1330679781306 720 800 49 0
1422 795 1330679781336 720 800 49 0
1422 795 1330679781366 720 800 49 0
1422 795 1330679781396 720 800 49 0
1421 795 1330679781426 720 800 49 0
1416 795 1330679781456 720 800 49 0
1405 794 1330679781486 720 800 49 0
1394 795 1330679781516 720 800 49 0
1350 794 1330679781546 720 800 49 0
1287 785 1330679781576 720 800 49 0
1240 775 1330679781606 720 800 49 0
1184 763 1330679781636 720 800 49 0
1126 752 1330679781666 720 800 49 0
1068 742 1330679781696 720 800 49 0
1007 733 1330679781726 720 800 49 0
941 727 1330679781756 720 800 49 0
879 725 1330679781786 720 800 49 0
831 724 1330679781816 720 800 49 0
803 724 1330679781846 720 800 49 0
794 723 1330679781876 720 800 49 0
796 723 1330679781906 720 800 49 0
802 727 1330679781936 720 800 49 0
807 735 1330679781966 720 800 49 0
808 747 1330679781996 720 800 49 0
801 759 1330679782026 720 800 49 0
793 768 1330679782056 720 800 49 0
777 780 1330679782086 720 800 49 0
765 786 1330679782116 720 800 49 0
754 788 1330679782146 720 800 49 1
747 788 1330679782176 720 800 49 1
743 787 1330679782206 720 800 49 1
743 787 1330679782236 720 800 49 1
742 786 1330679782266 720 800 49 1
741 787 1330679782296 720 800 49 1
738 789 1330679782326 720 800 49 1
735 791 1330679782356 720 800 49 1
724 801 1330679782386 720 800 49 1
712 810 1330679782416 720 800 49 1
706 814 1330679782446 720 800 49 1
705 815 1330679782476 720 800 49 1
706 816 1330679782506 720 800 49 1
709 816 1330679782536 720 800 49 1
713 814 1330679782566 720 800 49 1
716 811 1330679782596 720 800 49 1
717 808 1330679782626 720 800 49 1
718 806 1330679782656 720 800 49 1
718 805 1330679782686 720 800 49 1
718 804 1330679782716 720 800 49 1
718 804 1330679782746 720 800 49 1
718 804 1330679782776 720 800 49 1
718 804 1330679782806 720 800 49 1
718 804 1330679782836 720 800 49 1
718 804 1330679782866 720 800 49 1
718 804 1330679782896 720 800 49 1
718 804 1330679782926 720 800 49 1
718 804 1330679782956 720 800 49 1
718 805 1330679782986 720 800 49 1
718 805 1330679783016 720 800 49 1
718 805 1330679783046 720 800 49 1
718 805 1330679783076 720 800 49 1
718 805 1330679783106 720 800 49 1
718 805 1330679783136 720 800 49 1
718 805 1330679783166 20 800 23 0
718 805 1330679783196 20 800 23 0
718 805 1330679783226 20 800 23 0
718 805 1330679783256 20 800 23 0
718 805 1330679783286 20 800 23 0
718 805 1330679783316 20 800 23 0
718 805 1330679783346 20 800 23 0
718 805 1330679783376 20 800 23 0
718 805 1330679783406 20 800 23 0
714 805 1330679783436 20 800 23 0
698 808 1330679783466 20 800 23 0
662 811 1330679783496 20 800 23 0
614 814 1330679783526 20 800 23 0
556 818 1330679783556 20 800 23 0
492 826 1330679783586 20 800 23 0
434 836 1330679783616 20 800 23 0
387 843 1330679783646 20 800 23 0
351 847 1330679783676 20 800 23 0
323 848 1330679783706 20 800 23 0
299 849 1330679783736 20 800 23 0
276 851 1330679783766 20 800 23 0
253 854 1330679783796 20 800 23 0
229 854 1330679783826 20 800 23 0
205 852 1330679783856 20 800 23 0
181 848 1330679783886 20 800 23 0
159 843 1330679783916 20 800 23 0
139 838 1330679783946 20 800 23 0
120 832 1330679783976 20 800 23 0
103 827 1330679784006 20 800 23 0
89 822 1330679784036 20 800 23 0
76 818 1330679784066 20 800 23 0
65 814 1330679784096 20 800 23 0
54 811 1330679784126 20 800 23 0
46 809 1330679784156 20 800 23 0
38 806 1330679784186 20 800 23 0
29 805 1330679784216 20 800 23 1
21 805 1330679784246 20 800 23 1
17 805 1330679784276 20 800 23 1
17 805 1330679784306 20 800 23 1
17 805 1330679784336 20 800 23 1
17 805 1330679784366 20 800 23 1
17 805 1330679784396 20 800 23 1
17 805 1330679784426 20 800 23 1
17 805 1330679784456 20 800 23 1
17 805 1330679784486 20 800 23 1
17 805 1330679784516 20 800 23 1
17 805 1330679784546 20 800 23 1
17 805 1330679784576 20 800 23 1
17 805 1330679784606 20 800 23 1
17 805 1330679784636 20 800 23 1
17 805 1330679784666 20 800 23 1
17 805 1330679784696 20 800 23 1
17 805 1330679784726 20 800 23 1
17 805 1330679784756 20 800 23 1
17 805 1330679784786 20 800 23 1
17 805 1330679784816 20 800 23 1
17 805 1330679784846 20 800 23 1
17 805 1330679784876 20 800 23 1
17 805 1330679784906 20 800 23 1
17 805 1330679784936 20 800 23 1
17 805 1330679784966 20 800 23 1
17 805 1330679784996 20 800 23 1
17 805 1330679785026 20 800 23 1
17 805 1330679785056 20 800 23 1
17 805 1330679785086 20 800 23 1
17 805 1330679785116 20 800 23 1
17 805 1330679785146 20 800 23 1
17 805 1330679785176 20 800 23 1
17 805 1330679785206 20 800 23 1
17 805 1330679785236 720 800 25 0
17 805 1330679785266 720 800 25 0
17 805 1330679785296 720 800 25 0
18 803 1330679785326 720 800 25 0
19 800 1330679785356 720 800 25 0
19 800 1330679785386 720 800 25 0
19 800 1330679785416 720 800 25 0
19 800 1330679785446 720 800 25 0
21 799 1330679785476 720 800 25 0
24 797 1330679785506 720 800 25 0
39 791 1330679785536 720 800 25 0
57 782 1330679785566 720 800 25 0
95 765 1330679785596 720 800 25 0
148 749 1330679785626 720 800 25 0
208 736 1330679785656 720 800 25 0
270 731 1330679785686 720 800 25 0
332 730 1330679785716 720 800 25 0
391 730 1330679785746 720 800 25 0
448 732 1330679785776 720 800 25 0
502 733 1330679785806 720 800 25 0
548 737 1330679785836 720 800 25 0
583 744 1330679785866 720 800 25 0
612 754 1330679785896 720 800 25 0
636 763 1330679785926 720 800 25 0
653 773 1330679785956 720 800 25 0
665 782 1330679785986 720 800 25 0
672 790 1330679786016 720 800 25 0
674 795 1330679786046 720 800 25 0
675 797 1330679786076 720 800 25 0
677 799 1330679786106 720 800 25 0
682 800 1330679786136 720 800 25 0
687 800 1330679786166 720 800 25 0
695 800 1330679786196 720 800 25 0
703 801 1330679786226 720 800 25 0
707 801 1330679786256 720 800 25 1
707 801 1330679786286 720 800 25 1
708 802 1330679786316 720 800 25 1
708 803 1330679786346 720 800 25 1
708 803 1330679786376 720 800 25 1
708 803 1330679786406 720 800 25 1
708 803 1330679786436 720 800 25 1
712 803 1330679786466 720 800 25 1
714 802 1330679786496 720 800 25 1
714 802 1330679786526 720 800 25 1
715 801 1330679786556 720 800 25 1
718 800 1330679786586 720 800 25 1
718 800 1330679786616 720 800 25 1
718 800 1330679786646 720 800 25 1
718 800 1330679786676 720 800 25 1
718 800 1330679786706 720 800 25 1
718 800 1330679786736 720 800 25 1
718 800 1330679786766 720 800 25 1
718 800 1330679786796 720 800 25 1
718 800 1330679786826 720 800 25 1
718 800 1330679786856 720 800 25 1
718 800 1330679786886 720 800 25 1
718 800 1330679786916 720 800 25 1
719 800 1330679786946 720 800 25 1
719 800 1330679786976 720 800 25 1
719 800 1330679787006 720 800 25 1
719 800 1330679787036 720 800 25 1
719 800 1330679787066 720 800 25 1
719 800 1330679787096 720 800 25 1
719 800 1330679787126 720 800 25 1
719 800 1330679787156 720 800 25 1
719 800 1330679787186 720 800 25 1
719 800 1330679787216 720 800 25 1
719 800 1330679787246 720 800 25 1
719 800 1330679787276 720 800 25 1
719 800 1330679787306 225 305 24 0
719 800 1330679787336 225 305 24 0
719 800 1330679787366 225 305 24 0
719 800 1330679787396 225 305 24 0
719 800 1330679787426 225 305 24 0
719 800 1330679787456 225 305 24 0
719 800 1330679787486 225 305 24 0
719 800 1330679787516 225 305 24 0
717 798 1330679787546 225 305 24 0
711 791 1330679787576 225 305 24 0
699 775 1330679787606 225 305 24 0
671 744 1330679787636 225 305 24 0
648 720 1330679787666 225 305 24 0
604 673 1330679787696 225 305 24 0
575 643 1330679787726 225 305 24 0
537 601 1330679787756 225 305 24 0
502 559 1330679787786 225 305 24 0
474 517 1330679787816 225 305 24 0
447 480 1330679787846 225 305 24 0
419 439 1330679787876 225 305 24 0
403 418 1330679787906 225 305 24 0
382 395 1330679787936 225 305 24 0
362 378 1330679787966 225 305 24 0
343 366 1330679787996 225 305 24 0
325 361 1330679788026 225 305 24 0
310 359 1330679788056 225 305 24 0
297 358 1330679788086 225 305 24 0
287 355 1330679788116 225 305 24 0
280 352 1330679788146 225 305 24 0
275 347 1330679788176 225 305 24 0
269 340 1330679788206 225 305 24 0
263 334 1330679788236 225 305 24 0
256 327 1330679788266 225 305 24 0
250 320 1330679788296 225 305 24 0
245 315 1330679788326 225 305 24 0
239 312 1330679788356 225 305 24 0
233 310 1330679788386 225 305 24 1
229 310 1330679788416 225 305 24 1
229 310 1330679788446 225 305 24 1
228 309 1330679788476 225 305 24 1
228 309 1330679788506 225 305 24 1
228 309 1330679788536 225 305 24 1
228 309 1330679788566 225 305 24 1
228 309 1330679788596 225 305 24 1
228 309 1330679788626 225 305 24 1
228 309 1330679788656 225 305 24 1
228 309 1330679788686 225 305 24 1
228 309 1330679788716 225 305 24 1
227 308 1330679788746 225 305 24 1
225 306 1330679788776 225 305 24 1
225 306 1330679788806 225 305 24 1
225 306 1330679788836 225 305 24 1
225 306 1330679788866 225 305 24 1
225 306 1330679788896 225 305 24 1
224 305 1330679788926 225 305 24 1
224 305 1330679788956 225 305 24 1
224 305 1330679788986 225 305 24 1
224 305 1330679789016 225 305 24 1
224 305 1330679789046 225 305 24 1
224 305 1330679789076 225 305 24 1
224 305 1330679789106 225 305 24 1
224 305 1330679789136 225 305 24 1
224 305 1330679789166 225 305 24 1
224 305 1330679789196 225 305 24 1
224 305 1330679789226 225 305 24 1
224 305 1330679789256 225 305 24 1
224 305 1330679789286 225 305 24 1
224 305 1330679789316 225 305 24 1
224 305 1330679789346 225 305 24 1
224 305 1330679789376 225 305 24 1
224 305 1330679789406 720 800 25 0
224 305 1330679789436 720 800 25 0
224 305 1330679789466 720 800 25 0
224 305 1330679789496 720 800 25 0
224 305 1330679789526 720 800 25 0
224 305 1330679789556 720 800 25 0
226 307 1330679789586 720 800 25 0
233 315 1330679789616 720 800 25 0
243 326 1330679789646 720 800 25 0
266 346 1330679789676 720 800 25 0
297 373 1330679789706 720 800 25 0
333 408 1330679789736 720 800 25 0
373 448 1330679789766 720 800 25 0
421 504 1330679789796 720 800 25 0
449 538 1330679789826 720 800 25 0
494 591 1330679789856 720 800 25 0
521 621 1330679789886 720 800 25 0
563 665 1330679789916 720 800 25 0
586 688 1330679789946 720 800 25 0
617 720 1330679789976 720 800 25 0
631 735 1330679790006 720 800 25 0
645 751 1330679790036 720 800 25 0
658 762 1330679790066 720 800 25 0
671 770 1330679790096 720 800 25 0
677 773 1330679790126 720 800 25 0
688 778 1330679790156 720 800 25 0
694 781 1330679790186 720 800 25 0
700 784 1330679790216 720 800 25 0
703 786 1330679790246 720 800 25 0
707 792 1330679790276 720 800 25 1
710 795 1330679790306 720 800 25 1
713 798 1330679790336 720 800 25 1
715 801 1330679790366 720 800 25 1
717 804 1330679790396 720 800 25 1
717 804 1330679790426 720 800 25 1
717 804 1330679790456 720 800 25 1
717 804 1330679790486 720 800 25 1
718 803 1330679790516 720 800 25 1
719 802 1330679790546 720 800 25 1
719 802 1330679790576 720 800 25 1
719 802 1330679790606 720 800 25 1
719 802 1330679790636 720 800 25 1
719 802 1330679790666 720 800 25 1
719 802 1330679790696 720 800 25 1
719 802 1330679790726 720 800 25 1
719 802 1330679790756 720 800 25 1
719 802 1330679790786 720 800 25 1
719 802 1330679790816 720 800 25 1
719 802 1330679790846 720 800 25 1
719 802 1330679790876 720 800 25 1
719 802 1330679790906 720 800 25 1
719 802 1330679790936 720 800 25 1
719 802 1330679790966 720 800 25 1
719 802 1330679790996 720 800 25 1
719 802 1330679791026 720 800 25 1
719 802 1330679791056 720 800 25 1
719 802 1330679791086 720 800 25 1
719 802 1330679791116 720 800 25 1
719 802 1330679791146 720 800 25 1
719 802 1330679791176 720 800 25 1
719 802 1330679791206 720 800 25 1
719 802 1330679791236 720 800 25 1
719 802 1330679791266 720 800 25 1
719 802 1330679791296 720 800 25 1
719 802 1330679791326 720 100 24 0
719 802 1330679791356 720 100 24 0
719 802 1330679791386 720 100 24 0
719 802 1330679791416 720 100 24 0
719 802 1330679791446 720 100 24 0
719 802 1330679791476 720 100 24 0
719 802 1330679791506 720 100 24 0
719 802 1330679791536 720 100 24 0
719 800 1330679791566 720 100 24 0
720 794 1330679791596 720 100 24 0
723 780 1330679791626 720 100 24 0
727 754 1330679791656 720 100 24 0
732 716 1330679791686 720 100 24 0
735 680 1330679791716 720 100 24 0
738 609 1330679791746 720 100 24 0
740 561 1330679791776 720 100 24 0
742 479 1330679791806 720 100 24 0
742 418 1330679791836 720 100 24 0
740 361 1330679791866 720 100 24 0
736 311 1330679791896 720 100 24 0
730 279 1330679791926 720 100 24 0
722 234 1330679791956 720 100 24 0
717 212 1330679791986 720 100 24 0
711 181 1330679792016 720 100 24 0
708 167 1330679792046 720 100 24 0
704 155 1330679792076 720 100 24 0
702 147 1330679792106 720 100 24 0
702 142 1330679792136 720 100 24 0
706 138 1330679792166 720 100 24 0
712 129 1330679792196 720 100 24 0
715 122 1330679792226 720 100 24 0
718 113 1330679792256 720 100 24 1
718 108 1330679792286 720 100 24 1
718 102 1330679792316 720 100 24 1
717 99 1330679792346 720 100 24 1
717 98 1330679792376 720 100 24 1
717 98 1330679792406 720 100 24 1
717 98 1330679792436 720 100 24 1
717 98 1330679792466 720 100 24 1
717 98 1330679792496 720 100 24 1
717 98 1330679792526 720 100 24 1
717 98 1330679792556 720 100 24 1
717 98 1330679792586 720 100 24 1
717 98 1330679792616 720 100 24 1
717 98 1330679792646 720 100 24 1
718 99 1330679792676 720 100 24 1
718 99 1330679792706 720 100 24 1
719 100 1330679792736 720 100 24 1
719 100 1330679792766 720 100 24 1
719 100 1330679792796 720 100 24 1
719 100 1330679792826 720 100 24 1
719 100 1330679792856 720 100 24 1
719 100 1330679792886 720 100 24 1
719 100 1330679792916 720 100 24 1
719 100 1330679792946 720 100 24 1
719 100 1330679792976 720 100 24 1
719 100 1330679793006 720 100 24 1
719 100 1330679793036 720 100 24 1
719 100 1330679793066 720 100 24 1
719 100 1330679793096 720 100 24 1
719 100 1330679793126 720 100 24 1
719 100 1330679793156 720 100 24 1
719 100 1330679793186 720 100 24 1
719 100 1330679793216 720 100 24 1
719 100 1330679793246 720 100 24 1
719 100 1330679793276 720 800 25 0
719 100 1330679793306 720 800 25 0
719 100 1330679793336 720 800 25 0
719 100 1330679793366 720 800 25 0
719 100 1330679793396 720 800 25 0
719 100 1330679793426 720 800 25 0
719 100 1330679793456 720 800 25 0
719 100 1330679793486 720 800 25 0
719 100 1330679793516 720 800 25 0
719 105 1330679793546 720 800 25 0
719 123 1330679793576 720 800 25 0
716 158 1330679793606 720 800 25 0
712 213 1330679793636 720 800 25 0
703 286 1330679793666 720 800 25 0
691 351 1330679793696 720 800 25 0
676 470 1330679793726 720 800 25 0
669 564 1330679793756 720 800 25 0
671 648 1330679793786 720 800 25 0
684 716 1330679793816 720 800 25 0
703 764 1330679793846 720 800 25 0
716 788 1330679793876 720 800 25 1
732 807 1330679793906 720 800 25 1
734 809 1330679793936 720 800 25 0
734 808 1330679793966 720 800 25 0
733 807 1330679793996 720 800 25 1
732 804 1330679794026 720 800 25 1
732 804 1330679794056 720 800 25 1
732 804 1330679794086 720 800 25 1
731 804 1330679794116 720 800 25 1
730 804 1330679794146 720 800 25 1
727 803 1330679794176 720 800 25 1
727 803 1330679794206 720 800 25 1
726 803 1330679794236 720 800 25 1
726 803 1330679794266 720 800 25 1
726 803 1330679794296 720 800 25 1
725 804 1330679794326 720 800 25 1
724 804 1330679794356 720 800 25 1
724 804 1330679794386 720 800 25 1
724 804 1330679794416 720 800 25 1
724 804 1330679794446 720 800 25 1
724 804 1330679794476 720 800 25 1
724 804 1330679794506 720 800 25 1
724 804 1330679794536 720 800 25 1
724 804 1330679794566 720 800 25 1
724 804 1330679794596 720 800 25 1
724 804 1330679794626 720 800 25 1
724 804 1330679794656 720 800 25 1
724 804 1330679794686 720 800 25 1
724 804 1330679794716 720 800 25 1
724 804 1330679794746 720 800 25 1
724 804 1330679794776 720 800 25 1
724 804 1330679794806 720 800 25 1
724 804 1330679794836 720 800 25 1
724 804 1330679794866 720 800 25 1
724 804 1330679794896 720 800 25 1
724 804 1330679794926 720 800 25 1
724 804 1330679794956 720 800 25 1
724 804 1330679794986 720 800 25 1
724 804 1330679795016 720 800 25 1
724 804 1330679795046 1215 305 24 0
724 804 1330679795076 1215 305 24 0
724 804 1330679795106 1215 305 24 0
724 804 1330679795136 1215 305 24 0
724 804 1330679795166 1215 305 24 0
724 804 1330679795196 1215 305 24 0
724 804 1330679795226 1215 305 24 0
724 804 1330679795256 1215 305 24 0
728 802 1330679795286 1215 305 24 0
746 793 1330679795316 1215 305 24 0
787 772 1330679795346 1215 305 24 0
845 737 1330679795376 1215 305 24 0
907 692 1330679795406 1215 305 24 0
969 637 1330679795436 1215 305 24 0
1034 576 1330679795466 1215 305 24 0
1094 517 1330679795496 1215 305 24 0
1144 465 1330679795526 1215 305 24 0
1180 425 1330679795556 1215 305 24 0
1198 396 1330679795586 1215 305 24 0
1205 377 1330679795616 1215 305 24 0
1208 364 1330679795646 1215 305 24 0
1210 356 1330679795676 1215 305 24 0
1211 352 1330679795706 1215 305 24 0
1212 348 1330679795736 1215 305 24 0
1214 345 1330679795766 1215 305 24 0
1215 343 1330679795796 1215 305 24 0
1215 343 1330679795826 1215 305 24 0
1216 341 1330679795856 1215 305 24 0
1218 336 1330679795886 1215 305 24 0
1219 332 1330679795916 1215 305 24 0
1220 323 1330679795946 1215 305 24 0
1220 314 1330679795976 1215 305 24 1
1219 307 1330679796006 1215 305 24 1
1219 303 1330679796036 1215 305 24 1
1219 303 1330679796066 1215 305 24 1
1219 303 1330679796096 1215 305 24 1
1219 303 1330679796126 1215 305 24 1
1219 303 1330679796156 1215 305 24 1
1219 303 1330679796186 1215 305 24 1
1219 303 1330679796216 1215 305 24 1
1219 303 1330679796246 1215 305 24 1
1219 303 1330679796276 1215 305 24 1
1219 303 1330679796306 1215 305 24 1
1219 303 1330679796336 1215 305 24 1
1219 303 1330679796366 1215 305 24 1
1219 303 1330679796396 1215 305 24 1
1219 303 1330679796426 1215 305 24 1
1219 303 1330679796456 1215 305 24 1
1219 303 1330679796486 1215 305 24 1
1219 303 1330679796516 1215 305 24 1
1219 303 1330679796546 1215 305 24 1
1219 303 1330679796576 1215 305 24 1
1219 303 1330679796606 1215 305 24 1
1219 303 1330679796636 1215 305 24 1
1219 303 1330679796666 1215 305 24 1
1219 303 1330679796696 1215 305 24 1
1219 303 1330679796726 1215 305 24 1
1219 303 1330679796756 1215 305 24 1
1219 303 1330679796786 1215 305 24 1
1219 303 1330679796816 1215 305 24 1
1219 303 1330679796846 1215 305 24 1
1219 303 1330679796876 1215 305 24 1
1219 303 1330679796906 1215 305 24 1
1219 303 1330679796936 1215 305 24 1
1219 303 1330679796966 1215 305 24 1
1219 303 1330679796996 720 800 24 0
1219 303 1330679797026 720 800 24 0
1219 303 1330679797056 720 800 24 0
1219 303 1330679797086 720 800 24 0
1219 303 1330679797116 720 800 24 0
1219 303 1330679797146 720 800 24 0
1219 303 1330679797176 720 800 24 0
1219 303 1330679797206 720 800 24 0
1218 305 1330679797236 720 800 24 0
1203 315 1330679797266 720 800 24 0
1165 339 1330679797296 720 800 24 0
1103 380 1330679797326 720 800 24 0
1029 436 1330679797356 720 800 24 0
950 505 1330679797386 720 800 24 0
869 576 1330679797416 720 800 24 0
800 642 1330679797446 720 800 24 0
750 694 1330679797476 720 800 24 0
724 729 1330679797506 720 800 24 0
717 749 1330679797536 720 800 24 0
724 754 1330679797566 720 800 24 0
736 751 1330679797596 720 800 24 0
737 751 1330679797626 720 800 24 0
731 756 1330679797656 720 800 24 0
726 761 1330679797686 720 800 24 0
723 766 1330679797716 720 800 24 0
718 771 1330679797746 720 800 24 0
713 776 1330679797776 720 800 24 0
712 777 1330679797806 720 800 24 0
712 778 1330679797836 720 800 24 0
712 778 1330679797866 720 800 24 0
716 778 1330679797896 720 800 24 0
722 780 1330679797926 720 800 24 0
724 783 1330679797956 720 800 24 0
724 789 1330679797986 720 800 24 1
722 795 1330679798016 720 800 24 1
720 799 1330679798046 720 800 24 1
720 801 1330679798076 720 800 24 1
720 801 1330679798106 720 800 24 1
720 800 1330679798136 720 800 24 1
720 800 1330679798166 720 800 24 1
720 800 1330679798196 720 800 24 1
720 800 1330679798226 720 800 24 1
720 800 1330679798256 720 800 24 1
720 800 1330679798286 720 800 24 1
720 800 1330679798316 720 800 24 1
720 800 1330679798346 720 800 24 1
720 800 1330679798376 720 800 24 1
720 800 1330679798406 720 800 24 1
720 800 1330679798436 720 800 24 1
720 800 1330679798466 720 800 24 1
720 800 1330679798496 720 800 24 1
720 800 1330679798526 720 800 24 1
720 800 1330679798556 720 800 24 1
720 800 1330679798586 720 800 24 1
720 800 1330679798616 720 800 24 1
720 800 1330679798646 720 800 24 1
720 800 1330679798676 720 800 24 1
720 800 1330679798706 720 800 24 1
720 800 1330679798736 720 800 24 1
720 800 1330679798766 720 800 24 1
720 800 1330679798796 720 800 24 1
720 800 1330679798826 720 800 24 1
720 800 1330679798856 720 800 24 1
720 800 1330679798886 720 800 24 1
720 800 1330679798916 720 800 24 1
720 800 1330679798946 720 800 24 1
720 800 1330679798976 720 800 24 1
720 800 1330679799006 1420 800 25 0
720 800 1330679799036 1420 800 25 0
720 800 1330679799066 1420 800 25 0
720 800 1330679799096 1420 800 25 0
720 800 1330679799126 1420 800 25 0
720 800 1330679799156 1420 800 25 0
720 800 1330679799186 1420 800 25 0
720 800 1330679799216 1420 800 25 0
726 798 1330679799246 1420 800 25 0
767 791 1330679799276 1420 800 25 0
814 784 1330679799306 1420 800 25 0
908 776 1330679799336 1420 800 25 0
967 774 1330679799366 1420 800 25 0
1049 775 1330679799396 1420 800 25 0
1125 780 1330679799426 1420 800 25 0
1183 785 1330679799456 1420 800 25 0
1228 788 1330679799486 1420 800 25 0
1264 789 1330679799516 1420 800 25 0
1290 788 1330679799546 1420 800 25 0
1313 786 1330679799576 1420 800 25 0
1341 785 1330679799606 1420 800 25 0
1359 783 1330679799636 1420 800 25 0
1363 781 1330679799666 1420 800 25 0
1369 780 1330679799696 1420 800 25 0
1373 781 1330679799726 1420 800 25 0
1373 781 1330679799756 1420 800 25 0
1374 785 1330679799786 1420 800 25 0
1378 790 1330679799816 1420 800 25 0
1383 794 1330679799846 1420 800 25 0
1392 800 1330679799876 1420 800 25 0
1408 807 1330679799906 1420 800 25 1
1418 810 1330679799936 1420 800 25 1
1418 810 1330679799966 1420 800 25 1
1418 810 1330679799996 1420 800 25 1
1418 810 1330679800026 1420 800 25 1
1418 810 1330679800056 1420 800 25 1
1418 810 1330679800086 1420 800 25 1
1419 809 1330679800116 1420 800 25 1
1419 809 1330679800146 1420 800 25 1
1419 808 1330679800176 1420 800 25 1
1420 807 1330679800206 1420 800 25 1
1426 802 1330679800236 1420 800 25 1
1427 796 1330679800266 1420 800 25 1
1427 791 1330679800296 1420 800 25 1
1427 790 1330679800326 1420 800 25 1
1427 789 1330679800356 1420 800 25 1
1427 789 1330679800386 1420 800 25 1
1427 790 1330679800416 1420 800 25 1
1427 792 1330679800446 1420 800 25 1
1424 794 1330679800476 1420 800 25 1
1423 797 1330679800506 1420 800 25 1
1423 797 1330679800536 1420 800 25 1
1423 797 1330679800566 1420 800 25 1
1423 797 1330679800596 1420 800 25 1
1423 797 1330679800626 1420 800 25 1
1423 797 1330679800656 1420 800 25 1
1423 797 1330679800686 1420 800 25 1
1423 797 1330679800716 1420 800 25 1
1423 797 1330679800746 1420 800 25 1
1423 797 1330679800776 1420 800 25 1
1423 797 1330679800806 1420 800 25 1
1423 797 1330679800836 1420 800 25 1
1423 797 1330679800866 1420 800 25 1
1423 797 1330679800896 1420 800 25 1
1423 797 1330679800926 720 800 24 0
1423 797 1330679800956 720 800 24 0
1423 797 1330679800986 720 800 24 0
1423 797 1330679801016 720 800 24 0
1423 797 1330679801046 720 800 24 0
1423 797 1330679801076 720 800 24 0
1423 797 1330679801106 720 800 24 0
1419 796 1330679801136 720 800 24 0
1407 794 1330679801166 720 800 24 0
1387 793 1330679801196 720 800 24 0
1309 783 1330679801226 720 800 24 0
1239 775 1330679801256 720 800 24 0
1165 767 1330679801286 720 800 24 0
1067 757 1330679801316 720 800 24 0
1011 754 1330679801346 720 800 24 0
906 754 1330679801376 720 800 24 0
841 757 1330679801406 720 800 24 0
752 765 1330679801436 720 800 24 0
714 771 1330679801466 720 800 24 0
686 773 1330679801496 720 800 24 0
688 771 1330679801526 720 800 24 0
702 768 1330679801556 720 800 24 0
724 766 1330679801586 720 800 24 0
747 768 1330679801616 720 800 24 0
749 774 1330679801646 720 800 24 0
745 785 1330679801676 720 800 24 0
741 791 1330679801706 720 800 24 0
728 798 1330679801736 720 800 24 1
720 801 1330679801766 720 800 24 1
719 802 1330679801796 720 800 24 1
719 802 1330679801826 720 800 24 1
720 799 1330679801856 720 800 24 1
722 798 1330679801886 720 800 24 1
722 798 1330679801916 720 800 24 1
722 798 1330679801946 720 800 24 1
722 798 1330679801976 720 800 24 1
722 798 1330679802006 720 800 24 1
722 798 1330679802036 720 800 24 1
722 799 1330679802066 720 800 24 1
722 799 1330679802096 720 800 24 1
722 799 1330679802126 720 800 24 1
722 799 1330679802156 720 800 24 1
722 799 1330679802186 720 800 24 1
722 799 1330679802216 720 800 24 1
722 799 1330679802246 720 800 24 1
722 799 1330679802276 720 800 24 1
722 799 1330679802306 720 800 24 1
722 799 1330679802336 720 800 24 1
722 799 1330679802366 720 800 24 1
722 799 1330679802396 720 800 24 1
722 799 1330679802426 720 800 24 1
722 799 1330679802456 720 800 24 1
722 799 1330679802486 720 800 24 1
722 799 1330679802516 720 800 24 1
722 799 1330679802546 720 800 24 1
722 799 1330679802576 720 800 24 1
722 799 1330679802606 720 800 24 1
722 799 1330679802636 720 800 24 1
722 799 1330679802666 720 800 24 1
722 799 1330679802696 720 800 24 1
722 799 1330679802726 720 800 24 1
722 799 1330679802756 720 800 24 1
722 799 1330679802786 20 800 14 0
722 799 1330679802816 20 800 14 0
722 799 1330679802846 20 800 14 0
722 799 1330679802876 20 800 14 0
722 799 1330679802906 20 800 14 0
722 799 1330679802936 20 800 14 0
722 799 1330679802966 20 800 14 0
722 799 1330679802996 20 800 14 0
722 799 1330679803026 20 800 14 0
709 801 1330679803056 20 800 14 0
665 812 1330679803086 20 800 14 0
616 822 1330679803116 20 800 14 0
523 839 1330679803146 20 800 14 0
461 850 1330679803176 20 800 14 0
362 870 1330679803206 20 800 14 0
311 881 1330679803236 20 800 14 0
248 893 1330679803266 20 800 14 0
218 896 1330679803296 20 800 14 0
199 896 1330679803326 20 800 14 0
183 896 1330679803356 20 800 14 0
167 892 1330679803386 20 800 14 0
156 880 1330679803416 20 800 14 0
148 860 1330679803446 20 800 14 0
143 844 1330679803476 20 800 14 0
132 827 1330679803506 20 800 14 0
117 818 1330679803536 20 800 14 0
102 813 1330679803566 20 800 14 0
88 813 1330679803596 20 800 14 0
81 816 1330679803626 20 800 14 0
70 824 1330679803656 20 800 14 0
64 826 1330679803686 20 800 14 0
59 826 1330679803716 20 800 14 0
54 824 1330679803746 20 800 14 0
49 818 1330679803776 20 800 14 0
42 811 1330679803806 20 800 14 0
34 806 1330679803836 20 800 14 0
25 804 1330679803866 20 800 14 0
17 804 1330679803896 20 800 14 0
15 804 1330679803926 20 800 14 0
13 804 1330679803956 20 800 14 0
13 804 1330679803986 20 800 14 0
20 804 1330679804016 20 800 14 1
26 801 1330679804046 20 800 14 0
28 800 1330679804076 20 800 14 0
29 799 1330679804106 20 800 14 0
29 799 1330679804136 20 800 14 0
28 798 1330679804166 20 800 14 0
28 798 1330679804196 20 800 14 0
27 798 1330679804226 20 800 14 0
26 798 1330679804256 20 800 14 0
23 800 1330679804286 20 800 14 1
22 801 1330679804316 20 800 14 1
22 801 1330679804346 20 800 14 1
22 801 1330679804376 20 800 14 1
22 801 1330679804406 20 800 14 1
22 801 1330679804436 20 800 14 1
22 801 1330679804466 20 800 14 1
22 801 1330679804496 20 800 14 1
21 801 1330679804526 20 800 14 1
21 801 1330679804556 20 800 14 1
21 801 1330679804586 20 800 14 1
21 801 1330679804616 20 800 14 1
21 801 1330679804646 20 800 14 1
21 801 1330679804677 20 800 14 1
21 801 1330679804706 20 800 14 1
21 801 1330679804736 20 800 14 1
21 801 1330679804766 20 800 14 1
21 801 1330679804796 20 800 14 1
21 801 1330679804826 20 800 14 1
21 801 1330679804856 20 800 14 1
21 801 1330679804886 20 800 14 1
21 801 1330679804916 20 800 14 1
21 801 1330679804946 20 800 14 1
21 801 1330679804976 20 800 14 1
21 801 1330679805006 20 800 14 1
21 801 1330679805036 20 800 14 1
21 801 1330679805066 20 800 14 1
21 801 1330679805096 20 800 14 1
21 801 1330679805126 20 800 14 1
21 801 1330679805156 20 800 14 1
21 801 1330679805186 20 800 14 1
21 801 1330679805216 20 800 14 1
21 801 1330679805246 20 800 14 1
21 801 1330679805276 20 800 14 1
21 801 1330679805306 20 800 14 1
21 801 1330679805336 720 800 15 0
21 801 1330679805366 720 800 15 0
21 801 1330679805396 720 800 15 0
21 801 1330679805426 720 800 15 0
21 801 1330679805456 720 800 15 0
21 801 1330679805486 720 800 15 0
21 801 1330679805516 720 800 15 0
21 801 1330679805546 720 800 15 0
21 801 1330679805576 720 800 15 0
31 800 1330679805606 720 800 15 0
61 792 1330679805636 720 800 15 0
119 771 1330679805666 720 800 15 0
206 744 1330679805696 720 800 15 0
314 719 1330679805726 720 800 15 0
435 701 1330679805756 720 800 15 0
526 695 1330679805786 720 800 15 0
641 694 1330679805816 720 800 15 0
729 702 1330679805846 720 800 15 0
778 718 1330679805876 720 800 15 0
796 734 1330679805906 720 800 15 0
791 753 1330679805936 720 800 15 0
780 765 1330679805966 720 800 15 0
758 780 1330679805996 720 800 15 0
753 786 1330679806026 720 800 15 0
752 791 1330679806056 720 800 15 0
752 791 1330679806086 720 800 15 0
750 789 1330679806116 720 800 15 0
743 787 1330679806146 720 800 15 0
728 786 1330679806176 720 800 15 0
714 785 1330679806206 720 800 15 0
705 786 1330679806236 720 800 15 0
705 786 1330679806266 720 800 15 0
709 788 1330679806296 720 800 15 0
715 791 1330679806326 720 800 15 0
719 797 1330679806356 720 800 15 1
720 801 1330679806386 720 800 15 1
721 802 1330679806416 720 800 15 1
721 802 1330679806446 720 800 15 1
721 802 1330679806476 720 800 15 1
721 802 1330679806506 720 800 15 1
718 802 1330679806536 720 800 15 1
718 802 1330679806566 720 800 15 1
718 802 1330679806596 720 800 15 1
718 802 1330679806626 720 800 15 1
718 802 1330679806656 720 800 15 1
718 802 1330679806686 720 800 15 1
718 802 1330679806716 720 800 15 1
718 802 1330679806746 720 800 15 1
720 801 1330679806776 720 800 15 1
720 801 1330679806806 720 800 15 1
720 801 1330679806836 720 800 15 1
720 801 1330679806866 720 800 15 1
720 801 1330679806896 720 800 15 1
720 801 1330679806926 720 800 15 1
720 801 1330679806956 720 800 15 1
720 801 1330679806986 720 800 15 1
720 801 1330679807016 720 800 15 1
720 801 1330679807046 720 800 15 1
720 801 1330679807076 720 800 15 1
720 801 1330679807106 720 800 15 1
720 801 1330679807136 720 800 15 1
720 801 1330679807166 720 800 15 1
720 801 1330679807196 720 800 15 1
720 801 1330679807226 720 800 15 1
720 801 1330679807256 720 800 15 1
720 801 1330679807286 720 800 15 1
720 801 1330679807316 720 800 15 1
720 801 1330679807346 720 800 15 1
720 801 1330679807376 225 305 14 0
720 801 1330679807406 225 305 14 0
720 801 1330679807436 225 305 14 0
720 801 1330679807466 225 305 14 0
720 801 1330679807496 225 305 14 0
720 801 1330679807526 225 305 14 0
720 801 1330679807556 225 305 14 0
720 801 1330679807586 225 305 14 0
720 801 1330679807616 225 305 14 0
716 796 1330679807646 225 305 14 0
706 786 1330679807676 225 305 14 0
672 755 1330679807706 225 305 14 0
634 712 1330679807736 225 305 14 0
588 656 1330679807766 225 305 14 0
550 610 1330679807796 225 305 14 0
483 536 1330679807826 225 305 14 0
448 495 1330679807856 225 305 14 0
400 436 1330679807886 225 305 14 0
379 407 1330679807916 225 305 14 0
349 376 1330679807946 225 305 14 0
334 368 1330679807976 225 305 14 0
318 368 1330679808006 225 305 14 0
313 373 1330679808036 225 305 14 0
308 382 1330679808066 225 305 14 0
303 385 1330679808096 225 305 14 0
297 385 1330679808126 225 305 14 0
282 380 1330679808156 225 305 14 0
273 372 1330679808186 225 305 14 0
261 359 1330679808216 225 305 14 0
251 347 1330679808246 225 305 14 0
244 335 1330679808276 225 305 14 0
238 328 1330679808306 225 305 14 0
233 323 1330679808336 225 305 14 0
230 321 1330679808366 225 305 14 0
228 319 1330679808396 225 305 14 0
227 317 1330679808426 225 305 14 0
223 314 1330679808456 225 305 14 0
222 314 1330679808486 225 305 14 0
222 314 1330679808516 225 305 14 0
222 314 1330679808546 225 305 14 0
222 314 1330679808576 225 305 14 0
222 314 1330679808606 225 305 14 0
224 312 1330679808636 225 305 14 0
225 311 1330679808666 225 305 14 0
225 310 1330679808696 225 305 14 0
225 307 1330679808726 225 305 14 1
225 306 1330679808756 225 305 14 1
225 306 1330679808786 225 305 14 1
225 306 1330679808816 225 305 14 1
225 306 1330679808846 225 305 14 1
225 306 1330679808876 225 305 14 1
225 306 1330679808906 225 305 14 1
225 306 1330679808936 225 305 14 1
225 306 1330679808966 225 305 14 1
225 306 1330679808996 225 305 14 1
225 306 1330679809026 225 305 14 1
225 306 1330679809056 225 305 14 1
225 306 1330679809086 225 305 14 1
225 306 1330679809116 225 305 14 1
225 306 1330679809146 225 305 14 1
225 306 1330679809176 225 305 14 1
225 306 1330679809206 225 305 14 1
225 306 1330679809236 225 305 14 1
225 306 1330679809266 225 305 14 1
225 306 1330679809296 225 305 14 1
225 306 1330679809326 225 305 14 1
225 306 1330679809356 225 305 14 1
225 306 1330679809386 225 305 14 1
225 306 1330679809416 225 305 14 1
225 306 1330679809446 225 305 14 1
225 306 1330679809476 225 305 14 1
225 306 1330679809506 225 305 14 1
225 306 1330679809536 225 305 14 1
225 306 1330679809566 225 305 14 1
225 306 1330679809596 225 305 14 1
225 306 1330679809626 225 305 14 1
225 306 1330679809656 225 305 14 1
225 306 1330679809686 225 305 14 1
225 306 1330679809716 225 305 14 1
225 306 1330679809746 720 800 15 0
225 306 1330679809776 720 800 15 0
225 306 1330679809806 720 800 15 0
225 306 1330679809836 720 800 15 0
225 306 1330679809866 720 800 15 0
225 306 1330679809896 720 800 15 0
225 306 1330679809926 720 800 15 0
225 307 1330679809956 720 800 15 0
236 318 1330679809986 720 800 15 0
263 337 1330679810016 720 800 15 0
304 369 1330679810046 720 800 15 0
356 416 1330679810076 720 800 15 0
415 476 1330679810106 720 800 15 0
460 526 1330679810136 720 800 15 0
528 612 1330679810166 720 800 15 0
561 663 1330679810196 720 800 15 0
601 739 1330679810226 720 800 15 0
618 778 1330679810256 720 800 15 0
634 827 1330679810286 720 800 15 0
641 851 1330679810316 720 800 15 0
652 861 1330679810346 720 800 15 0
670 861 1330679810376 720 800 15 0
684 856 1330679810406 720 800 15 0
702 845 1330679810436 720 800 15 0
712 835 1330679810466 720 800 15 0
715 828 1330679810496 720 800 15 0
713 824 1330679810526 720 800 15 0
711 821 1330679810556 720 800 15 0
711 821 1330679810586 720 800 15 0
711 821 1330679810616 720 800 15 0
711 821 1330679810646 720 800 15 0
716 814 1330679810676 720 800 15 0
720 809 1330679810706 720 800 15 0
722 807 1330679810736 720 800 15 0
722 807 1330679810766 720 800 15 0
722 807 1330679810796 720 800 15 0
722 807 1330679810826 720 800 15 0
722 807 1330679810856 720 800 15 0
722 807 1330679810886 720 800 15 0
722 807 1330679810916 720 800 15 0
722 804 1330679810946 720 800 15 1
721 800 1330679810976 720 800 15 1
721 798 1330679811006 720 800 15 1
721 798 1330679811036 720 800 15 1
721 798 1330679811066 720 800 15 1
721 798 1330679811096 720 800 15 1
721 798 1330679811126 720 800 15 1
721 798 1330679811156 720 800 15 1
721 798 1330679811186 720 800 15 1
721 798 1330679811216 720 800 15 1
721 798 1330679811246 720 800 15 1
721 798 1330679811276 720 800 15 1
721 798 1330679811306 720 800 15 1
721 798 1330679811336 720 800 15 1
721 798 1330679811366 720 800 15 1
721 798 1330679811396 720 800 15 1
721 798 1330679811426 720 800 15 1
721 798 1330679811456 720 800 15 1
721 798 1330679811486 720 800 15 1
721 798 1330679811516 720 800 15 1
721 798 1330679811546 720 800 15 1
721 798 1330679811576 720 800 15 1
721 798 1330679811606 720 800 15 1
721 798 1330679811636 720 800 15 1
721 798 1330679811666 720 800 15 1
721 798 1330679811696 720 800 15 1
721 798 1330679811726 720 800 15 1
721 798 1330679811756 720 800 15 1
721 798 1330679811786 720 800 15 1
721 798 1330679811816 720 800 15 1
721 798 1330679811846 720 800 15 1
721 798 1330679811876 720 800 15 1
721 798 1330679811906 720 800 15 1
721 798 1330679811936 720 800 15 1
721 798 1330679811966 720 800 15 1
721 798 1330679811996 720 100 14 0
721 798 1330679812026 720 100 14 0
721 798 1330679812056 720 100 14 0
721 798 1330679812086 720 100 14 0
721 798 1330679812116 720 100 14 0
721 798 1330679812146 720 100 14 0
721 798 1330679812176 720 100 14 0
721 798 1330679812206 720 100 14 0
721 793 1330679812236 720 100 14 0
724 775 1330679812266 720 100 14 0
731 739 1330679812296 720 100 14 0
740 683 1330679812326 720 100 14 0
745 629 1330679812356 720 100 14 0
753 520 1330679812386 720 100 14 0
758 446 1330679812416 720 100 14 0
763 322 1330679812446 720 100 14 0
763 257 1330679812476 720 100 14 0
754 166 1330679812506 720 100 14 0
740 123 1330679812536 720 100 14 0
715 71 1330679812566 720 100 14 0
704 49 1330679812596 720 100 14 0
689 25 1330679812626 720 100 14 0
683 18 1330679812656 720 100 14 0
682 17 1330679812686 720 100 14 0
682 18 1330679812716 720 100 14 0
688 26 1330679812746 720 100 14 0
698 42 1330679812776 720 100 14 0
704 52 1330679812806 720 100 14 0
711 65 1330679812836 720 100 14 0
712 76 1330679812866 720 100 14 0
710 81 1330679812896 720 100 14 0
710 81 1330679812926 720 100 14 0
709 80 1330679812956 720 100 14 0
709 80 1330679812986 720 100 14 0
711 85 1330679813016 720 100 14 0
712 88 1330679813046 720 100 14 0
713 92 1330679813076 720 100 14 0
715 96 1330679813106 720 100 14 0
716 100 1330679813136 720 100 14 1
716 100 1330679813166 720 100 14 1
716 100 1330679813196 720 100 14 1
716 100 1330679813226 720 100 14 1
716 100 1330679813256 720 100 14 1
716 99 1330679813286 720 100 14 1
716 99 1330679813316 720 100 14 1
716 99 1330679813346 720 100 14 1
716 99 1330679813376 720 100 14 1
717 98 1330679813406 720 100 14 1
721 97 1330679813436 720 100 14 1
722 97 1330679813466 720 100 14 1
722 97 1330679813496 720 100 14 1
722 97 1330679813526 720 100 14 1
722 97 1330679813556 720 100 14 1
722 97 1330679813586 720 100 14 1
722 97 1330679813616 720 100 14 1
722 97 1330679813646 720 100 14 1
722 99 1330679813676 720 100 14 1
722 100 1330679813706 720 100 14 1
722 100 1330679813736 720 100 14 1
722 101 1330679813766 720 100 14 1
722 101 1330679813796 720 100 14 1
722 101 1330679813826 720 100 14 1
722 101 1330679813856 720 100 14 1
722 101 1330679813886 720 100 14 1
722 101 1330679813916 720 100 14 1
722 101 1330679813946 720 100 14 1
722 101 1330679813976 720 100 14 1
722 101 1330679814006 720 100 14 1
722 101 1330679814036 720 100 14 1
722 101 1330679814066 720 100 14 1
722 101 1330679814096 720 100 14 1
722 101 1330679814126 720 100 14 1
722 101 1330679814156 720 800 15 0
722 101 1330679814186 720 800 15 0
722 101 1330679814216 720 800 15 0
722 101 1330679814246 720 800 15 0
721 100 1330679814276 720 800 15 0
721 100 1330679814306 720 800 15 0
721 100 1330679814336 720 800 15 0
720 105 1330679814366 720 800 15 0
716 118 1330679814396 720 800 15 0
707 166 1330679814426 720 800 15 0
701 209 1330679814456 720 800 15 0
693 283 1330679814486 720 800 15 0
683 372 1330679814516 720 800 15 0
672 489 1330679814546 720 800 15 0
672 578 1330679814576 720 800 15 0
679 657 1330679814606 720 800 15 0
694 720 1330679814636 720 800 15 0
709 766 1330679814666 720 800 15 0
717 797 1330679814696 720 800 15 1
719 817 1330679814726 720 800 15 0
717 826 1330679814756 720 800 15 0
714 832 1330679814786 720 800 15 0
714 832 1330679814816 720 800 15 0
714 832 1330679814846 720 800 15 0
714 829 1330679814876 720 800 15 0
714 823 1330679814906 720 800 15 0
717 815 1330679814936 720 800 15 0
721 809 1330679814966 720 800 15 0
722 807 1330679814996 720 800 15 0
722 807 1330679815026 720 800 15 0
722 807 1330679815056 720 800 15 0
722 807 1330679815086 720 800 15 0
722 806 1330679815116 720 800 15 0
722 806 1330679815146 720 800 15 0
722 804 1330679815176 720 800 15 1
722 801 1330679815206 720 800 15 1
722 801 1330679815236 720 800 15 1
722 801 1330679815266 720 800 15 1
722 801 1330679815296 720 800 15 1
722 801 1330679815326 720 800 15 1
722 801 1330679815356 720 800 15 1
722 801 1330679815386 720 800 15 1
722 801 1330679815416 720 800 15 1
722 801 1330679815446 720 800 15 1
722 801 1330679815476 720 800 15 1
722 801 1330679815506 720 800 15 1
722 801 1330679815536 720 800 15 1
722 801 1330679815566 720 800 15 1
722 801 1330679815596 720 800 15 1
722 801 1330679815626 720 800 15 1
722 801 1330679815656 720 800 15 1
722 801 1330679815686 720 800 15 1
722 801 1330679815716 720 800 15 1
722 801 1330679815746 720 800 15 1
722 801 1330679815776 720 800 15 1
722 801 1330679815806 720 800 15 1
722 801 1330679815836 720 800 15 1
722 801 1330679815866 720 800 15 1
722 801 1330679815896 720 800 15 1
722 801 1330679815926 720 800 15 1
722 801 1330679815956 720 800 15 1
722 801 1330679815986 720 800 15 1
722 801 1330679816016 720 800 15 1
722 801 1330679816046 720 800 15 1
722 801 1330679816076 720 800 15 1
722 801 1330679816106 720 800 15 1
722 801 1330679816136 720 800 15 1
722 801 1330679816166 720 800 15 1
722 801 1330679816196 1215 305 14 0
722 801 1330679816226 1215 305 14 0
722 801 1330679816256 1215 305 14 0
722 801 1330679816286 1215 305 14 0
722 801 1330679816316 1215 305 14 0
722 801 1330679816346 1215 305 14 0
722 801 1330679816376 1215 305 14 0
722 801 1330679816406 1215 305 14 0
722 801 1330679816436 1215 305 14 0
724 799 1330679816466 1215 305 14 0
736 792 1330679816496 1215 305 14 0
769 774 1330679816526 1215 305 14 0
820 746 1330679816556 1215 305 14 0
878 708 1330679816586 1215 305 14 0
942 663 1330679816616 1215 305 14 0
1008 617 1330679816646 1215 305 14 0
1060 574 1330679816676 1215 305 14 0
1099 538 1330679816706 1215 305 14 0
1117 517 1330679816736 1215 305 14 0
1132 489 1330679816766 1215 305 14 0
1135 472 1330679816796 1215 305 14 0
1137 456 1330679816826 1215 305 14 0
1143 442 1330679816856 1215 305 14 0
1150 429 1330679816886 1215 305 14 0
1155 420 1330679816916 1215 305 14 0
1170 402 1330679816946 1215 305 14 0
1179 390 1330679816976 1215 305 14 0
1189 371 1330679817006 1215 305 14 0
1194 359 1330679817036 1215 305 14 0
1203 339 1330679817066 1215 305 14 0
1207 328 1330679817096 1215 305 14 0
1212 312 1330679817126 1215 305 14 0
1216 301 1330679817156 1215 305 14 1
1218 294 1330679817186 1215 305 14 0
1218 292 1330679817216 1215 305 14 0
1218 292 1330679817246 1215 305 14 0
1218 292 1330679817276 1215 305 14 0
1218 292 1330679817306 1215 305 14 0
1217 295 1330679817336 1215 305 14 0
1215 298 1330679817366 1215 305 14 0
1213 304 1330679817396 1215 305 14 1
1212 307 1330679817426 1215 305 14 1
1212 309 1330679817456 1215 305 14 0
1212 309 1330679817486 1215 305 14 0
1212 309 1330679817516 1215 305 14 0
1212 309 1330679817546 1215 305 14 0
1212 309 1330679817576 1215 305 14 0
1212 308 1330679817606 1215 305 14 1
1213 307 1330679817636 1215 305 14 1
1214 306 1330679817666 1215 305 14 1
1214 306 1330679817696 1215 305 14 1
1214 306 1330679817726 1215 305 14 1
1214 306 1330679817756 1215 305 14 1
1214 306 1330679817786 1215 305 14 1
1214 306 1330679817816 1215 305 14 1
1215 305 1330679817846 1215 305 14 1
1215 305 1330679817876 1215 305 14 1
1215 305 1330679817906 1215 305 14 1
1215 305 1330679817936 1215 305 14 1
1215 305 1330679817966 1215 305 14 1
1215 305 1330679817996 1215 305 14 1
1215 305 1330679818026 1215 305 14 1
1215 305 1330679818056 1215 305 14 1
1215 305 1330679818086 1215 305 14 1
1215 305 1330679818116 1215 305 14 1
1215 305 1330679818146 1215 305 14 1
1215 305 1330679818176 1215 305 14 1
1215 305 1330679818206 1215 305 14 1
1215 305 1330679818236 1215 305 14 1
1215 305 1330679818266 1215 305 14 1
1215 305 1330679818296 1215 305 14 1
1215 305 1330679818326 1215 305 14 1
1215 305 1330679818356 1215 305 14 1
1215 305 1330679818386 1215 305 14 1
1215 305 1330679818416 1215 305 14 1
1215 305 1330679818446 1215 305 14 1
1215 305 1330679818476 1215 305 14 1
1215 305 1330679818506 1215 305 14 1
1215 305 1330679818536 1215 305 14 1
1215 305 1330679818566 1215 305 14 1
1215 305 1330679818596 1215 305 14 1
1215 305 1330679818626 1215 305 14 1
1215 305 1330679818656 720 800 14 0
1215 305 1330679818686 720 800 14 0
1215 305 1330679818716 720 800 14 0
1215 305 1330679818746 720 800 14 0
1215 305 1330679818776 720 800 14 0
1215 305 1330679818806 720 800 14 0
1215 305 1330679818836 720 800 14 0
1215 305 1330679818866 720 800 14 0
1215 305 1330679818896 720 800 14 0
1212 307 1330679818926 720 800 14 0
1198 319 1330679818956 720 800 14 0
1166 339 1330679818986 720 800 14 0
1123 367 1330679819016 720 800 14 0
1073 405 1330679819046 720 800 14 0
1016 451 1330679819076 720 800 14 0
952 503 1330679819106 720 800 14 0
905 545 1330679819136 720 800 14 0
827 616 1330679819166 720 800 14 0
786 656 1330679819196 720 800 14 0
736 712 1330679819226 720 800 14 0
721 735 1330679819256 720 800 14 0
717 758 1330679819286 720 800 14 0
720 766 1330679819316 720 800 14 0
720 779 1330679819346 720 800 14 0
719 786 1330679819376 720 800 14 0
717 792 1330679819406 720 800 14 0
716 793 1330679819436 720 800 14 0
716 793 1330679819466 720 800 14 0
716 793 1330679819496 720 800 14 0
715 791 1330679819526 720 800 14 0
715 791 1330679819556 720 800 14 0
715 791 1330679819586 720 800 14 0
715 791 1330679819616 720 800 14 0
715 792 1330679819646 720 800 14 0
717 793 1330679819676 720 800 14 0
720 795 1330679819706 720 800 14 0
721 798 1330679819736 720 800 14 1
721 801 1330679819766 720 800 14 1
721 801 1330679819796 720 800 14 1
721 801 1330679819826 720 800 14 1
721 801 1330679819856 720 800 14 1
721 801 1330679819886 720 800 14 1
721 801 1330679819916 720 800 14 1
721 801 1330679819946 720 800 14 1
721 801 1330679819976 720 800 14 1
721 801 1330679820006 720 800 14 1
721 801 1330679820036 720 800 14 1
721 801 1330679820066 720 800 14 1
721 801 1330679820096 720 800 14 1
721 801 1330679820126 720 800 14 1
721 801 1330679820156 720 800 14 1
721 801 1330679820186 720 800 14 1
721 801 1330679820216 720 800 14 1
721 801 1330679820246 720 800 14 1
721 801 1330679820276 720 800 14 1
721 801 1330679820306 720 800 14 1
721 801 1330679820336 720 800 14 1
721 801 1330679820366 720 800 14 1
721 801 1330679820396 720 800 14 1
721 801 1330679820426 720 800 14 1
721 801 1330679820456 720 800 14 1
721 800 1330679820486 720 800 14 1
721 800 1330679820516 720 800 14 1
721 800 1330679820546 720 800 14 1
721 800 1330679820576 720 800 14 1
721 800 1330679820606 720 800 14 1
721 800 1330679820636 720 800 14 1
721 800 1330679820666 720 800 14 1
721 800 1330679820696 720 800 14 1
721 800 1330679820726 720 800 14 1
721 800 1330679820756 1420 800 15 0
721 800 1330679820786 1420 800 15 0
721 800 1330679820816 1420 800 15 0
721 800 1330679820846 1420 800 15 0
721 800 1330679820876 1420 800 15 0
721 800 1330679820906 1420 800 15 0
721 800 1330679820936 1420 800 15 0
721 800 1330679820966 1420 800 15 0
721 800 1330679820996 1420 800 15 0
725 799 1330679821026 1420 800 15 0
745 798 1330679821056 1420 800 15 0
790 799 1330679821086 1420 800 15 0
859 802 1330679821116 1420 800 15 0
948 811 1330679821146 1420 800 15 0
1044 825 1330679821176 1420 800 15 0
1109 835 1330679821206 1420 800 15 0
1193 847 1330679821236 1420 800 15 0
1236 849 1330679821266 1420 800 15 0
1259 847 1330679821296 1420 800 15 0
1292 840 1330679821326 1420 800 15 0
1314 833 1330679821356 1420 800 15 0
1334 825 1330679821386 1420 800 15 0
1352 821 1330679821416 1420 800 15 0
1377 814 1330679821446 1420 800 15 0
1385 812 1330679821476 1420 800 15 0
1390 811 1330679821506 1420 800 15 0
1394 811 1330679821536 1420 800 15 0
1397 811 1330679821566 1420 800 15 0
1397 811 1330679821596 1420 800 15 0
1401 812 1330679821626 1420 800 15 0
1409 812 1330679821656 1420 800 15 0
1417 812 1330679821686 1420 800 15 0
1418 811 1330679821716 1420 800 15 0
1418 810 1330679821746 1420 800 15 0
1418 810 1330679821776 1420 800 15 0
1418 810 1330679821806 1420 800 15 0
1418 809 1330679821836 1420 800 15 0
1417 808 1330679821866 1420 800 15 0
1417 807 1330679821896 1420 800 15 0
1418 806 1330679821926 1420 800 15 0
1419 805 1330679821956 1420 800 15 0
1420 803 1330679821986 1420 800 15 1
1421 802 1330679822016 1420 800 15 1
1421 802 1330679822046 1420 800 15 1
1421 802 1330679822076 1420 800 15 1
1422 802 1330679822106 1420 800 15 1
1422 802 1330679822136 1420 800 15 1
1422 802 1330679822166 1420 800 15 1
1422 802 1330679822196 1420 800 15 1
1422 802 1330679822226 1420 800 15 1
1422 802 1330679822256 1420 800 15 1
1422 802 1330679822286 1420 800 15 1
1422 802 1330679822316 1420 800 15 1
1422 802 1330679822346 1420 800 15 1
1422 802 1330679822376 1420 800 15 1
1422 802 1330679822406 1420 800 15 1
1422 802 1330679822436 1420 800 15 1
1422 802 1330679822466 1420 800 15 1
1422 802 1330679822496 1420 800 15 1
1422 802 1330679822526 1420 800 15 1
1422 802 1330679822556 1420 800 15 1
1422 802 1330679822586 1420 800 15 1
1422 802 1330679822616 1420 800 15 1
1422 802 1330679822646 1420 800 15 1
1422 802 1330679822676 1420 800 15 1
1422 802 1330679822706 1420 800 15 1
1422 802 1330679822736 1420 800 15 1
1422 802 1330679822766 1420 800 15 1
1422 802 1330679822796 1420 800 15 1
1422 802 1330679822826 1420 800 15 1
1422 802 1330679822856 1420 800 15 1
1422 802 1330679822886 1420 800 15 1
1422 802 1330679822916 1420 800 15 1
1422 802 1330679822946 1420 800 15 1
1422 802 1330679822976 1420 800 15 1
1422 802 1330679823006 720 800 14 0
1422 802 1330679823036 720 800 14 0
1422 802 1330679823066 720 800 14 0
1422 802 1330679823096 720 800 14 0
1422 802 1330679823126 720 800 14 0
1422 802 1330679823156 720 800 14 0
1422 802 1330679823186 720 800 14 0
1420 802 1330679823216 720 800 14 0
1410 802 1330679823246 720 800 14 0
1380 797 1330679823276 720 800 14 0
1329 789 1330679823306 720 800 14 0
1262 781 1330679823336 720 800 14 0
1182 775 1330679823366 720 800 14 0
1096 771 1330679823396 720 800 14 0
1007 771 1330679823426 720 800 14 0
922 776 1330679823456 720 800 14 0
850 783 1330679823486 720 800 14 0
794 790 1330679823516 720 800 14 0
761 793 1330679823546 720 800 14 0
756 792 1330679823576 720 800 14 0
766 788 1330679823606 720 800 14 0
783 785 1330679823636 720 800 14 0
793 783 1330679823666 720 800 14 0
792 783 1330679823696 720 800 14 0
783 785 1330679823726 720 800 14 0
774 787 1330679823756 720 800 14 0
760 790 1330679823786 720 800 14 0
758 791 1330679823816 720 800 14 0
753 793 1330679823846 720 800 14 0
750 794 1330679823876 720 800 14 0
750 794 1330679823906 720 800 14 0
748 795 1330679823936 720 800 14 0
740 797 1330679823966 720 800 14 0
739 798 1330679823996 720 800 14 0
739 798 1330679824026 720 800 14 0
739 798 1330679824056 720 800 14 0
738 797 1330679824086 720 800 14 0
738 797 1330679824116 720 800 14 0
733 798 1330679824146 720 800 14 0
732 799 1330679824176 720 800 14 0
731 799 1330679824206 720 800 14 0
731 799 1330679824236 720 800 14 0
725 801 1330679824266 720 800 14 0
720 803 1330679824296 720 800 14 1
720 803 1330679824326 720 800 14 1
720 803 1330679824356 720 800 14 1
720 803 1330679824386 720 800 14 1
720 803 1330679824416 720 800 14 1
720 803 1330679824446 720 800 14 1
720 803 1330679824476 720 800 14 1
720 803 1330679824506 720 800 14 1
720 803 1330679824536 720 800 14 1
720 801 1330679824566 720 800 14 1
720 801 1330679824596 720 800 14 1
721 800 1330679824626 720 800 14 1
721 800 1330679824656 720 800 14 1
721 800 1330679824686 720 800 14 1
721 800 1330679824716 720 800 14 1
721 800 1330679824746 720 800 14 1
721 800 1330679824776 720 800 14 1
721 800 1330679824806 720 800 14 1
721 800 1330679824836 720 800 14 1
721 800 1330679824866 720 800 14 1
721 800 1330679824896 720 800 14 1
721 800 1330679824926 720 800 14 1
721 800 1330679824956 720 800 14 1
721 800 1330679824986 720 800 14 1
721 800 1330679825016 720 800 14 1
721 800 1330679825046 720 800 14 1
721 800 1330679825076 720 800 14 1
721 800 1330679825106 720 800 14 1
721 800 1330679825136 720 800 14 1
721 800 1330679825166 720 800 14 1
721 800 1330679825196 720 800 14 1
721 800 1330679825226 720 800 14 1
721 800 1330679825256 720 800 14 1
721 800 1330679825286 720 800 14 1
721 800 1330679825316 170 800 42 0
721 800 1330679825346 170 800 42 0
721 800 1330679825376 170 800 42 0
721 800 1330679825406 170 800 42 0
721 800 1330679825436 170 800 42 0
721 800 1330679825466 170 800 42 0
721 800 1330679825496 170 800 42 0
721 800 1330679825526 170 800 42 0
721 800 1330679825556 170 800 42 0
713 803 1330679825586 170 800 42 0
688 809 1330679825616 170 800 42 0
641 817 1330679825646 170 800 42 0
582 824 1330679825676 170 800 42 0
518 828 1330679825706 170 800 42 0
453 830 1330679825736 170 800 42 0
395 830 1330679825766 170 800 42 0
347 830 1330679825796 170 800 42 0
313 827 1330679825826 170 800 42 0
296 820 1330679825856 170 800 42 0
293 812 1330679825886 170 800 42 0
294 806 1330679825916 170 800 42 0
296 798 1330679825946 170 800 42 0
290 797 1330679825976 170 800 42 0
266 806 1330679826006 170 800 42 0
249 814 1330679826036 170 800 42 0
229 820 1330679826066 170 800 42 0
221 820 1330679826096 170 800 42 0
211 815 1330679826126 170 800 42 0
206 811 1330679826156 170 800 42 0
202 807 1330679826186 170 800 42 1
200 802 1330679826216 170 800 42 1
194 798 1330679826246 170 800 42 1
190 798 1330679826276 170 800 42 1
185 799 1330679826306 170 800 42 1
181 801 1330679826336 170 800 42 1
176 806 1330679826366 170 800 42 1
176 806 1330679826396 170 800 42 1
176 806 1330679826426 170 800 42 1
176 806 1330679826456 170 800 42 1
176 806 1330679826486 170 800 42 1
176 806 1330679826516 170 800 42 1
176 806 1330679826546 170 800 42 1
176 806 1330679826576 170 800 42 1
176 806 1330679826606 170 800 42 1
176 806 1330679826636 170 800 42 1
176 806 1330679826666 170 800 42 1
176 806 1330679826696 170 800 42 1
176 806 1330679826726 170 800 42 1
176 806 1330679826756 170 800 42 1
176 806 1330679826786 170 800 42 1
176 806 1330679826816 170 800 42 1
176 806 1330679826846 170 800 42 1
176 806 1330679826876 170 800 42 1
176 806 1330679826906 170 800 42 1
176 806 1330679826936 170 800 42 1
176 806 1330679826966 170 800 42 1
176 806 1330679826996 170 800 42 1
176 806 1330679827026 170 800 42 1
176 806 1330679827056 170 800 42 1
176 806 1330679827086 170 800 42 1
176 806 1330679827116 170 800 42 1
176 806 1330679827146 170 800 42 1
176 806 1330679827176 170 800 42 1
176 806 1330679827206 170 800 42 1
176 806 1330679827236 720 800 46 0
176 806 1330679827266 720 800 46 0
176 806 1330679827296 720 800 46 0
176 806 1330679827326 720 800 46 0
176 806 1330679827356 720 800 46 0
176 806 1330679827386 720 800 46 0
176 806 1330679827416 720 800 46 0
180 803 1330679827446 720 800 46 0
197 794 1330679827476 720 800 46 0
237 777 1330679827506 720 800 46 0
301 754 1330679827536 720 800 46 0
378 736 1330679827566 720 800 46 0
458 729 1330679827596 720 800 46 0
535 732 1330679827626 720 800 46 0
602 743 1330679827656 720 800 46 0
652 759 1330679827686 720 800 46 0
678 773 1330679827716 720 800 46 0
681 784 1330679827746 720 800 46 0
673 789 1330679827776 720 800 46 0
659 792 1330679827806 720 800 46 0
649 795 1330679827836 720 800 46 0
653 795 1330679827866 720 800 46 0
667 792 1330679827896 720 800 46 0
684 787 1330679827926 720 800 46 0
698 785 1330679827956 720 800 46 1
710 784 1330679827986 720 800 46 1
716 784 1330679828016 720 800 46 1
717 784 1330679828046 720 800 46 1
717 784 1330679828076 720 800 46 1
717 784 1330679828106 720 800 46 1
715 785 1330679828136 720 800 46 1
715 785 1330679828166 720 800 46 1
715 785 1330679828196 720 800 46 1
716 788 1330679828226 720 800 46 1
716 789 1330679828256 720 800 46 1
717 790 1330679828286 720 800 46 1
717 791 1330679828316 720 800 46 1
717 792 1330679828346 720 800 46 1
717 792 1330679828376 720 800 46 1
717 792 1330679828406 720 800 46 1
717 792 1330679828436 720 800 46 1
717 792 1330679828466 720 800 46 1
717 792 1330679828496 720 800 46 1
717 792 1330679828526 720 800 46 1
717 792 1330679828556 720 800 46 1
717 792 1330679828586 720 800 46 1
717 792 1330679828616 720 800 46 1
717 792 1330679828646 720 800 46 1
717 792 1330679828676 720 800 46 1
717 792 1330679828706 720 800 46 1
717 792 1330679828736 720 800 46 1
717 792 1330679828766 720 800 46 1
717 792 1330679828796 720 800 46 1
717 792 1330679828826 720 800 46 1
717 792 1330679828856 720 800 46 1
717 792 1330679828886 720 800 46 1
717 792 1330679828916 720 800 46 1
717 792 1330679828946 720 800 46 1
717 792 1330679828976 720 800 46 1
717 792 1330679829006 331 467 37 0
717 792 1330679829036 331 467 37 0
717 792 1330679829066 331 467 37 0
717 792 1330679829096 331 467 37 0
717 792 1330679829126 331 467 37 0
717 792 1330679829156 331 467 37 0
717 792 1330679829186 331 467 37 0
715 790 1330679829216 331 467 37 0
707 782 1330679829246 331 467 37 0
689 765 1330679829276 331 467 37 0
661 738 1330679829306 331 467 37 0
625 703 1330679829336 331 467 37 0
586 664 1330679829366 331 467 37 0
550 625 1330679829396 331 467 37 0
522 587 1330679829426 331 467 37 0
502 555 1330679829456 331 467 37 0
486 529 1330679829486 331 467 37 0
471 513 1330679829516 331 467 37 0
454 508 1330679829546 331 467 37 0
432 510 1330679829576 331 467 37 0
408 514 1330679829606 331 467 37 0
385 516 1330679829636 331 467 37 0
365 515 1330679829666 331 467 37 0
352 510 1330679829696 331 467 37 0
346 499 1330679829726 331 467 37 0
344 489 1330679829756 331 467 37 1
342 480 1330679829786 331 467 37 1
340 474 1330679829816 331 467 37 1
336 471 1330679829846 331 467 37 1
330 470 1330679829876 331 467 37 1
328 470 1330679829906 331 467 37 1
328 470 1330679829936 331 467 37 1
328 470 1330679829966 331 467 37 1
328 470 1330679829996 331 467 37 1
328 470 1330679830026 331 467 37 1
328 470 1330679830056 331 467 37 1
328 470 1330679830086 331 467 37 1
328 470 1330679830116 331 467 37 1
328 470 1330679830146 331 467 37 1
328 470 1330679830176 331 467 37 1
328 470 1330679830206 331 467 37 1
328 470 1330679830236 331 467 37 1
328 470 1330679830266 331 467 37 1
328 470 1330679830296 331 467 37 1
328 470 1330679830326 331 467 37 1
328 470 1330679830356 331 467 37 1
328 470 1330679830386 331 467 37 1
328 470 1330679830416 331 467 37 1
328 470 1330679830446 331 467 37 1
327 469 1330679830476 331 467 37 1
327 469 1330679830506 331 467 37 1
327 469 1330679830536 331 467 37 1
327 469 1330679830566 331 467 37 1
326 468 1330679830596 331 467 37 1
326 468 1330679830626 331 467 37 1
326 468 1330679830656 331 467 37 1
326 468 1330679830686 331 467 37 1
326 468 1330679830716 331 467 37 1
326 468 1330679830746 331 467 37 1
326 468 1330679830776 331 467 37 1
326 468 1330679830806 720 800 44 0
326 468 1330679830836 720 800 44 0
327 469 1330679830866 720 800 44 0
327 469 1330679830896 720 800 44 0
327 469 1330679830926 720 800 44 0
327 469 1330679830956 720 800 44 0
327 469 1330679830986 720 800 44 0
329 471 1330679831016 720 800 44 0
339 481 1330679831046 720 800 44 0
350 493 1330679831076 720 800 44 0
381 523 1330679831106 720 800 44 0
405 546 1330679831136 720 800 44 0
443 582 1330679831166 720 800 44 0
484 624 1330679831196 720 800 44 0
527 669 1330679831226 720 800 44 0
568 712 1330679831256 720 800 44 0
605 750 1330679831286 720 800 44 0
637 778 1330679831316 720 800 44 0
664 797 1330679831346 720 800 44 0
686 810 1330679831376 720 800 44 0
702 814 1330679831406 720 800 44 1
707 814 1330679831436 720 800 44 1
707 811 1330679831466 720 800 44 1
706 803 1330679831496 720 800 44 1
708 796 1330679831526 720 800 44 1
712 790 1330679831556 720 800 44 1
714 788 1330679831586 720 800 44 1
714 788 1330679831616 720 800 44 1
714 788 1330679831646 720 800 44 1
714 788 1330679831676 720 800 44 1
714 788 1330679831706 720 800 44 1
714 788 1330679831736 720 800 44 1
714 788 1330679831766 720 800 44 1
714 788 1330679831796 720 800 44 1
714 788 1330679831826 720 800 44 1
714 788 1330679831856 720 800 44 1
714 788 1330679831886 720 800 44 1
714 788 1330679831916 720 800 44 1
714 788 1330679831946 720 800 44 1
714 788 1330679831976 720 800 44 1
714 788 1330679832006 720 800 44 1
714 787 1330679832036 720 800 44 1
714 787 1330679832066 720 800 44 1
714 787 1330679832096 720 800 44 1
714 787 1330679832126 720 800 44 1
714 787 1330679832156 720 800 44 1
714 787 1330679832186 720 800 44 1
714 787 1330679832216 720 800 44 1
714 787 1330679832246 720 800 44 1
714 787 1330679832276 720 800 44 1
714 787 1330679832306 720 800 44 1
714 787 1330679832336 720 800 44 1
714 787 1330679832366 720 800 44 1
714 787 1330679832396 720 800 44 1
714 787 1330679832426 720 250 41 0
714 787 1330679832456 720 250 41 0
714 787 1330679832486 720 250 41 0
714 787 1330679832516 720 250 41 0
714 787 1330679832546 720 250 41 0
714 787 1330679832576 720 250 41 0
714 787 1330679832606 720 250 41 0
714 787 1330679832636 720 250 41 0
714 784 1330679832666 720 250 41 0
716 776 1330679832696 720 250 41 0
721 756 1330679832726 720 250 41 0
727 720 1330679832756 720 250 41 0
732 667 1330679832786 720 250 41 0
734 600 1330679832816 720 250 41 0
734 520 1330679832846 720 250 41 0
735 458 1330679832876 720 250 41 0
734 364 1330679832906 720 250 41 0
732 320 1330679832936 720 250 41 0
728 266 1330679832966 720 250 41 1
726 244 1330679832996 720 250 41 1
725 225 1330679833026 720 250 41 1
724 221 1330679833056 720 250 41 1
722 214 1330679833086 720 250 41 0
721 211 1330679833116 720 250 41 0
721 211 1330679833146 720 250 41 0
721 211 1330679833176 720 250 41 0
721 214 1330679833206 720 250 41 0
721 220 1330679833236 720 250 41 1
719 232 1330679833266 720 250 41 1
719 235 1330679833296 720 250 41 1
719 238 1330679833326 720 250 41 1
719 242 1330679833356 720 250 41 1
719 247 1330679833386 720 250 41 1
719 247 1330679833416 720 250 41 1
719 247 1330679833446 720 250 41 1
719 247 1330679833476 720 250 41 1
719 247 1330679833506 720 250 41 1
719 246 1330679833536 720 250 41 1
719 246 1330679833566 720 250 41 1
719 246 1330679833596 720 250 41 1
719 246 1330679833626 720 250 41 1
719 246 1330679833656 720 250 41 1
719 246 1330679833686 720 250 41 1
719 246 1330679833716 720 250 41 1
719 246 1330679833746 720 250 41 1
719 246 1330679833776 720 250 41 1
719 246 1330679833806 720 250 41 1
719 246 1330679833836 720 250 41 1
719 246 1330679833866 720 250 41 1
719 246 1330679833896 720 250 41 1
719 246 1330679833926 720 250 41 1
719 246 1330679833956 720 250 41 1
719 246 1330679833986 720 250 41 1
719 246 1330679834016 720 250 41 1
719 246 1330679834046 720 250 41 1
719 246 1330679834076 720 250 41 1
719 246 1330679834106 720 250 41 1
719 246 1330679834136 720 250 41 1
719 246 1330679834166 720 250 41 1
719 246 1330679834196 720 250 41 1
719 246 1330679834226 720 250 41 1
719 246 1330679834256 720 250 41 1
719 246 1330679834286 720 800 46 0
719 246 1330679834316 720 800 46 0
719 246 1330679834346 720 800 46 0
719 246 1330679834376 720 800 46 0
719 246 1330679834406 720 800 46 0
719 246 1330679834436 720 800 46 0
719 246 1330679834466 720 800 46 0
718 248 1330679834496 720 800 46 0
719 262 1330679834526 720 800 46 0
721 292 1330679834556 720 800 46 0
724 338 1330679834586 720 800 46 0
728 401 1330679834616 720 800 46 0
725 478 1330679834646 720 800 46 0
715 563 1330679834676 720 800 46 0
707 644 1330679834706 720 800 46 0
706 709 1330679834736 720 800 46 0
711 753 1330679834766 720 800 46 0
720 779 1330679834796 720 800 46 1
727 788 1330679834826 720 800 46 1
730 790 1330679834856 720 800 46 1
732 795 1330679834886 720 800 46 1
731 802 1330679834916 720 800 46 1
730 805 1330679834946 720 800 46 1
730 805 1330679834976 720 800 46 1
729 803 1330679835006 720 800 46 1
728 801 1330679835036 720 800 46 1
728 801 1330679835066 720 800 46 1
728 801 1330679835096 720 800 46 1
728 801 1330679835126 720 800 46 1
728 801 1330679835156 720 800 46 1
728 801 1330679835186 720 800 46 1
728 801 1330679835216 720 800 46 1
728 801 1330679835246 720 800 46 1
728 801 1330679835276 720 800 46 1
728 801 1330679835306 720 800 46 1
728 801 1330679835336 720 800 46 1
728 801 1330679835366 720 800 46 1
728 801 1330679835396 720 800 46 1
728 801 1330679835426 720 800 46 1
728 801 1330679835456 720 800 46 1
728 801 1330679835486 720 800 46 1
728 801 1330679835516 720 800 46 1
728 801 1330679835546 720 800 46 1
728 801 1330679835576 720 800 46 1
728 801 1330679835606 720 800 46 1
728 801 1330679835636 720 800 46 1
728 801 1330679835666 720 800 46 1
728 801 1330679835696 720 800 46 1
728 801 1330679835726 720 800 46 1
728 801 1330679835756 720 800 46 1
728 801 1330679835786 720 800 46 1
728 801 1330679835816 1109 467 42 0
728 801 1330679835846 1109 467 42 0
728 801 1330679835876 1109 467 42 0
728 801 1330679835906 1109 467 42 0
728 801 1330679835936 1109 467 42 0
728 801 1330679835966 1109 467 42 0
728 801 1330679835996 1109 467 42 0
728 801 1330679836026 1109 467 42 0
737 795 1330679836056 1109 467 42 0
760 779 1330679836086 1109 467 42 0
810 748 1330679836116 1109 467 42 0
880 703 1330679836146 1109 467 42 0
957 647 1330679836176 1109 467 42 0
1029 585 1330679836206 1109 467 42 0
1090 530 1330679836236 1109 467 42 0
1125 493 1330679836266 1109 467 42 1
1135 473 1330679836296 1109 467 42 1
1136 466 1330679836326 1109 467 42 1
1136 465 1330679836356 1109 467 42 1
1136 467 1330679836386 1109 467 42 1
1136 467 1330679836416 1109 467 42 1
1136 467 1330679836446 1109 467 42 1
1136 467 1330679836476 1109 467 42 1
1136 467 1330679836506 1109 467 42 1
1135 468 1330679836536 1109 467 42 1
1130 470 1330679836566 1109 467 42 1
1124 472 1330679836596 1109 467 42 1
1121 472 1330679836626 1109 467 42 1
1119 472 1330679836656 1109 467 42 1
1119 472 1330679836686 1109 467 42 1
1119 472 1330679836716 1109 467 42 1
1119 472 1330679836746 1109 467 42 1
1119 471 1330679836776 1109 467 42 1
1119 471 1330679836806 1109 467 42 1
1119 471 1330679836836 1109 467 42 1
1119 471 1330679836866 1109 467 42 1
1119 471 1330679836896 1109 467 42 1
1119 471 1330679836926 1109 467 42 1
1119 471 1330679836956 1109 467 42 1
1119 471 1330679836986 1109 467 42 1
1119 471 1330679837016 1109 467 42 1
1119 471 1330679837046 1109 467 42 1
1119 471 1330679837076 1109 467 42 1
1119 471 1330679837106 1109 467 42 1
1119 471 1330679837136 1109 467 42 1
1119 471 1330679837166 1109 467 42 1
1119 471 1330679837196 1109 467 42 1
1119 471 1330679837226 1109 467 42 1
1119 471 1330679837256 1109 467 42 1
1119 471 1330679837286 720 800 41 0
1119 471 1330679837316 720 800 41 0
1119 471 1330679837346 720 800 41 0
1119 471 1330679837376 720 800 41 0
1119 471 1330679837406 720 800 41 0
1119 471 1330679837436 720 800 41 0
1117 474 1330679837466 720 800 41 0
1102 485 1330679837496 720 800 41 0
1030 528 1330679837526 720 800 41 0
979 563 1330679837556 720 800 41 0
897 627 1330679837586 720 800 41 0
851 667 1330679837616 720 800 41 0
795 723 1330679837646 720 800 41 0
779 745 1330679837676 720 800 41 0
775 762 1330679837706 720 800 41 0
776 766 1330679837736 720 800 41 0
775 772 1330679837766 720 800 41 0
774 774 1330679837796 720 800 41 0
765 778 1330679837826 720 800 41 0
737 792 1330679837856 720 800 41 1
713 804 1330679837886 720 800 41 1
709 805 1330679837916 720 800 41 1
713 803 1330679837946 720 800 41 1
717 801 1330679837976 720 800 41 1
726 796 1330679838006 720 800 41 1
728 794 1330679838036 720 800 41 1
728 794 1330679838066 720 800 41 1
728 793 1330679838096 720 800 41 1
728 793 1330679838126 720 800 41 1
728 793 1330679838156 720 800 41 1
728 793 1330679838186 720 800 41 1
728 793 1330679838216 720 800 41 1
728 793 1330679838246 720 800 41 1
728 793 1330679838276 720 800 41 1
728 793 1330679838306 720 800 41 1
728 793 1330679838336 720 800 41 1
728 793 1330679838366 720 800 41 1
728 793 1330679838396 720 800 41 1
728 793 1330679838426 720 800 41 1
728 793 1330679838456 720 800 41 1
728 793 1330679838486 720 800 41 1
728 793 1330679838516 720 800 41 1
728 793 1330679838546 720 800 41 1
728 793 1330679838576 720 800 41 1
728 793 1330679838606 720 800 41 1
728 793 1330679838636 720 800 41 1
728 793 1330679838666 720 800 41 1
728 793 1330679838696 720 800 41 1
728 793 1330679838726 720 800 41 1
728 793 1330679838756 720 800 41 1
728 793 1330679838786 720 800 41 1
728 794 1330679838816 720 800 41 1
728 794 1330679838846 720 800 41 1
728 794 1330679838876 720 800 41 1
728 794 1330679838906 1270 800 46 0
728 794 1330679838936 1270 800 46 0
728 794 1330679838966 1270 800 46 0
728 794 1330679838996 1270 800 46 0
728 794 1330679839026 1270 800 46 0
728 794 1330679839056 1270 800 46 0
728 794 1330679839086 1270 800 46 0
728 794 1330679839116 1270 800 46 0
733 794 1330679839146 1270 800 46 0
758 791 1330679839176 1270 800 46 0
819 785 1330679839206 1270 800 46 0
905 782 1330679839236 1270 800 46 0
991 787 1330679839266 1270 800 46 0
1060 799 1330679839296 1270 800 46 0
1108 812 1330679839326 1270 800 46 0
1132 822 1330679839356 1270 800 46 0
1142 829 1330679839386 1270 800 46 0
1153 835 1330679839416 1270 800 46 0
1164 836 1330679839446 1270 800 46 0
1171 835 1330679839476 1270 800 46 0
1180 831 1330679839506 1270 800 46 0
1193 826 1330679839536 1270 800 46 0
1210 819 1330679839566 1270 800 46 0
1232 811 1330679839596 1270 800 46 0
1256 805 1330679839626 1270 800 46 1
1268 799 1330679839656 1270 800 46 1
1269 798 1330679839686 1270 800 46 1
1269 796 1330679839716 1270 800 46 1
1269 796 1330679839746 1270 800 46 1
1269 798 1330679839776 1270 800 46 1
1269 798 1330679839806 1270 800 46 1
1269 798 1330679839836 1270 800 46 1
1269 798 1330679839866 1270 800 46 1
1269 798 1330679839896 1270 800 46 1
1268 799 1330679839926 1270 800 46 1
1268 799 1330679839956 1270 800 46 1
1268 799 1330679839986 1270 800 46 1
1268 799 1330679840016 1270 800 46 1
1268 799 1330679840046 1270 800 46 1
1268 799 1330679840076 1270 800 46 1
1268 799 1330679840106 1270 800 46 1
1268 799 1330679840136 1270 800 46 1
1268 799 1330679840166 1270 800 46 1
1268 799 1330679840196 1270 800 46 1
1268 799 1330679840226 1270 800 46 1
1268 799 1330679840256 1270 800 46 1
1268 799 1330679840286 1270 800 46 1
1268 799 1330679840316 1270 800 46 1
1268 799 1330679840346 1270 800 46 1
1268 799 1330679840376 1270 800 46 1
1268 799 1330679840406 1270 800 46 1
1268 799 1330679840436 1270 800 46 1
1268 799 1330679840466 1270 800 46 1
1268 799 1330679840496 1270 800 46 1
1268 799 1330679840526 1270 800 46 1
1268 799 1330679840556 1270 800 46 1
1268 799 1330679840586 1270 800 46 1
1268 799 1330679840616 1270 800 46 1
1268 799 1330679840646 720 800 41 0
1268 799 1330679840676 720 800 41 0
1268 799 1330679840706 720 800 41 0
1268 799 1330679840736 720 800 41 0
1268 799 1330679840766 720 800 41 0
1268 799 1330679840796 720 800 41 0
1268 799 1330679840826 720 800 41 0
1268 799 1330679840856 720 800 41 0
1266 799 1330679840886 720 800 41 0
1245 800 1330679840916 720 800 41 0
1187 796 1330679840946 720 800 41 0
1103 791 1330679840976 720 800 41 0
1008 789 1330679841006 720 800 41 0
906 792 1330679841036 720 800 41 0
816 800 1330679841066 720 800 41 0
749 807 1330679841096 720 800 41 1
710 811 1330679841126 720 800 41 1
695 811 1330679841156 720 800 41 1
694 810 1330679841186 720 800 41 1
694 810 1330679841216 720 800 41 1
696 810 1330679841246 720 800 41 1
697 809 1330679841276 720 800 41 1
697 809 1330679841306 720 800 41 1
697 809 1330679841336 720 800 41 1
704 807 1330679841366 720 800 41 1
707 806 1330679841396 720 800 41 1
708 805 1330679841426 720 800 41 1
708 805 1330679841456 720 800 41 1
708 805 1330679841486 720 800 41 1
708 805 1330679841516 720 800 41 1
708 805 1330679841546 720 800 41 1
708 805 1330679841576 720 800 41 1
708 805 1330679841606 720 800 41 1
708 805 1330679841636 720 800 41 1
708 805 1330679841666 720 800 41 1
708 805 1330679841696 720 800 41 1
708 805 1330679841726 720 800 41 1
708 805 1330679841756 720 800 41 1
708 805 1330679841786 720 800 41 1
710 805 1330679841816 720 800 41 1
712 804 1330679841846 720 800 41 1
713 804 1330679841876 720 800 41 1
713 804 1330679841906 720 800 41 1
713 804 1330679841936 720 800 41 1
713 804 1330679841966 720 800 41 1
713 804 1330679841996 720 800 41 1
713 804 1330679842026 720 800 41 1
713 804 1330679842056 720 800 41 1
713 804 1330679842086 720 800 41 1
713 804 1330679842116 170 800 20 0
713 804 1330679842146 170 800 20 0
713 804 1330679842176 170 800 20 0
713 804 1330679842206 170 800 20 0
713 804 1330679842236 170 800 20 0
713 804 1330679842266 170 800 20 0
713 804 1330679842296 170 800 20 0
713 804 1330679842326 170 800 20 0
713 804 1330679842356 170 800 20 0
708 806 1330679842386 170 800 20 0
688 813 1330679842416 170 800 20 0
604 835 1330679842446 170 800 20 0
540 850 1330679842476 170 800 20 0
446 865 1330679842506 170 800 20 0
405 869 1330679842536 170 800 20 0
370 867 1330679842566 170 800 20 0
362 863 1330679842596 170 800 20 0
358 860 1330679842626 170 800 20 0
353 857 1330679842656 170 800 20 0
340 848 1330679842686 170 800 20 0
331 841 1330679842716 170 800 20 0
311 835 1330679842746 170 800 20 0
282 834 1330679842776 170 800 20 0
255 835 1330679842806 170 800 20 0
238 832 1330679842836 170 800 20 0
230 829 1330679842866 170 800 20 0
227 827 1330679842896 170 800 20 0
225 823 1330679842926 170 800 20 0
221 818 1330679842956 170 800 20 0
216 812 1330679842986 170 800 20 0
209 806 1330679843016 170 800 20 0
200 803 1330679843046 170 800 20 0
191 803 1330679843076 170 800 20 0
183 803 1330679843106 170 800 20 0
182 803 1330679843136 170 800 20 0
182 803 1330679843166 170 800 20 0
182 803 1330679843196 170 800 20 0
182 803 1330679843226 170 800 20 0
182 803 1330679843256 170 800 20 0
182 803 1330679843286 170 800 20 0
182 803 1330679843316 170 800 20 0
182 803 1330679843346 170 800 20 0
181 804 1330679843376 170 800 20 0
181 804 1330679843406 170 800 20 0
179 803 1330679843436 170 800 20 1
176 804 1330679843466 170 800 20 1
175 804 1330679843496 170 800 20 1
174 805 1330679843526 170 800 20 1
171 805 1330679843556 170 800 20 1
171 805 1330679843586 170 800 20 1
171 805 1330679843616 170 800 20 1
171 805 1330679843646 170 800 20 1
171 805 1330679843676 170 800 20 1
171 805 1330679843706 170 800 20 1
171 805 1330679843736 170 800 20 1
171 805 1330679843766 170 800 20 1
171 805 1330679843796 170 800 20 1
171 805 1330679843826 170 800 20 1
171 805 1330679843856 170 800 20 1
171 805 1330679843886 170 800 20 1
171 805 1330679843916 170 800 20 1
171 805 1330679843946 170 800 20 1
171 805 1330679843976 170 800 20 1
171 805 1330679844006 170 800 20 1
171 805 1330679844036 170 800 20 1
171 805 1330679844066 170 800 20 1
171 805 1330679844096 170 800 20 1
171 805 1330679844126 170 800 20 1
171 805 1330679844156 170 800 20 1
171 805 1330679844186 170 800 20 1
171 805 1330679844216 170 800 20 1
171 805 1330679844246 170 800 20 1
171 805 1330679844276 170 800 20 1
171 805 1330679844306 170 800 20 1
171 805 1330679844336 170 800 20 1
171 805 1330679844366 170 800 20 1
171 805 1330679844396 170 800 20 1
171 805 1330679844426 720 800 22 0
171 805 1330679844456 720 800 22 0
171 805 1330679844486 720 800 22 0
171 805 1330679844516 720 800 22 0
171 805 1330679844546 720 800 22 0
171 805 1330679844576 720 800 22 0
171 805 1330679844606 720 800 22 0
171 805 1330679844636 720 800 22 0
171 805 1330679844666 720 800 22 0
176 803 1330679844696 720 800 22 0
206 799 1330679844726 720 800 22 0
237 797 1330679844756 720 800 22 0
308 791 1330679844786 720 800 22 0
365 786 1330679844816 720 800 22 0
472 778 1330679844846 720 800 22 0
534 772 1330679844876 720 800 22 0
610 766 1330679844906 720 800 22 0
633 766 1330679844936 720 800 22 0
655 768 1330679844966 720 800 22 0
664 770 1330679844996 720 800 22 0
675 773 1330679845026 720 800 22 0
692 780 1330679845056 720 800 22 0
717 784 1330679845086 720 800 22 0
732 788 1330679845116 720 800 22 0
733 794 1330679845146 720 800 22 0
724 801 1330679845176 720 800 22 1
715 805 1330679845206 720 800 22 1
713 807 1330679845236 720 800 22 1
713 809 1330679845266 720 800 22 1
716 808 1330679845296 720 800 22 1
718 804 1330679845326 720 800 22 1
719 801 1330679845356 720 800 22 1
722 798 1330679845386 720 800 22 1
725 795 1330679845416 720 800 22 1
727 794 1330679845446 720 800 22 1
727 794 1330679845476 720 800 22 1
727 794 1330679845506 720 800 22 1
727 794 1330679845536 720 800 22 1
727 794 1330679845566 720 800 22 1
726 795 1330679845596 720 800 22 1
726 796 1330679845626 720 800 22 1
725 799 1330679845656 720 800 22 1
725 799 1330679845686 720 800 22 1
725 799 1330679845716 720 800 22 1
725 799 1330679845746 720 800 22 1
725 799 1330679845776 720 800 22 1
724 797 1330679845806 720 800 22 1
724 797 1330679845836 720 800 22 1
724 797 1330679845866 720 800 22 1
724 797 1330679845896 720 800 22 1
724 797 1330679845926 720 800 22 1
724 797 1330679845956 720 800 22 1
724 797 1330679845986 720 800 22 1
724 797 1330679846016 720 800 22 1
724 797 1330679846046 720 800 22 1
724 797 1330679846076 720 800 22 1
724 797 1330679846106 720 800 22 1
724 797 1330679846136 720 800 22 1
724 797 1330679846166 720 800 22 1
724 797 1330679846196 331 467 20 0
724 797 1330679846226 331 467 20 0
724 797 1330679846256 331 467 20 0
724 797 1330679846286 331 467 20 0
724 797 1330679846316 331 467 20 0
724 797 1330679846346 331 467 20 0
724 797 1330679846376 331 467 20 0
724 796 1330679846406 331 467 20 0
718 792 1330679846436 331 467 20 0
701 779 1330679846466 331 467 20 0
665 760 1330679846496 331 467 20 0
617 734 1330679846526 331 467 20 0
567 698 1330679846556 331 467 20 0
520 659 1330679846586 331 467 20 0
480 620 1330679846616 331 467 20 0
448 584 1330679846646 331 467 20 0
428 553 1330679846676 331 467 20 0
416 528 1330679846706 331 467 20 0
411 512 1330679846736 331 467 20 0
402 493 1330679846766 331 467 20 0
393 488 1330679846796 331 467 20 0
380 486 1330679846826 331 467 20 0
374 489 1330679846856 331 467 20 0
365 496 1330679846886 331 467 20 0
360 498 1330679846916 331 467 20 0
354 497 1330679846946 331 467 20 0
351 494 1330679846976 331 467 20 0
345 485 1330679847006 331 467 20 0
342 478 1330679847036 331 467 20 0
336 470 1330679847066 331 467 20 1
334 468 1330679847096 331 467 20 1
332 467 1330679847126 331 467 20 1
332 467 1330679847156 331 467 20 1
332 467 1330679847186 331 467 20 1
332 467 1330679847216 331 467 20 1
332 467 1330679847246 331 467 20 1
332 467 1330679847276 331 467 20 1
332 467 1330679847306 331 467 20 1
332 467 1330679847336 331 467 20 1
332 467 1330679847366 331 467 20 1
332 467 1330679847396 331 467 20 1
332 467 1330679847426 331 467 20 1
332 467 1330679847456 331 467 20 1
332 467 1330679847486 331 467 20 1
332 467 1330679847516 331 467 20 1
332 467 1330679847546 331 467 20 1
332 467 1330679847576 331 467 20 1
332 467 1330679847606 331 467 20 1
332 467 1330679847636 331 467 20 1
332 467 1330679847666 331 467 20 1
332 467 1330679847696 331 467 20 1
332 467 1330679847726 331 467 20 1
332 467 1330679847756 331 467 20 1
332 467 1330679847786 331 467 20 1
332 467 1330679847816 331 467 20 1
332 467 1330679847846 331 467 20 1
332 467 1330679847876 331 467 20 1
332 467 1330679847906 331 467 20 1
332 467 1330679847936 331 467 20 1
332 467 1330679847966 331 467 20 1
332 467 1330679847996 331 467 20 1
332 467 1330679848026 331 467 20 1
332 467 1330679848056 331 467 20 1
332 467 1330679848086 331 467 20 1
332 467 1330679848116 720 800 21 0
332 467 1330679848146 720 800 21 0
332 467 1330679848176 720 800 21 0
332 467 1330679848206 720 800 21 0
332 467 1330679848236 720 800 21 0
332 467 1330679848266 720 800 21 0
332 467 1330679848296 720 800 21 0
333 468 1330679848326 720 800 21 0
343 474 1330679848356 720 800 21 0
366 489 1330679848386 720 800 21 0
394 514 1330679848416 720 800 21 0
426 554 1330679848446 720 800 21 0
463 607 1330679848476 720 800 21 0
505 663 1330679848506 720 800 21 0
554 713 1330679848536 720 800 21 0
604 753 1330679848566 720 800 21 0
651 780 1330679848596 720 800 21 0
694 793 1330679848626 720 800 21 0
726 800 1330679848656 720 800 21 1
745 804 1330679848686 720 800 21 0
752 805 1330679848716 720 800 21 0
753 805 1330679848746 720 800 21 0
748 804 1330679848776 720 800 21 0
747 803 1330679848806 720 800 21 0
741 801 1330679848836 720 800 21 0
734 800 1330679848866 720 800 21 0
730 799 1330679848896 720 800 21 1
730 799 1330679848926 720 800 21 1
730 799 1330679848956 720 800 21 1
730 799 1330679848986 720 800 21 1
730 799 1330679849016 720 800 21 1
730 799 1330679849046 720 800 21 1
730 799 1330679849076 720 800 21 1
730 799 1330679849106 720 800 21 1
730 799 1330679849136 720 800 21 1
729 799 1330679849166 720 800 21 1
729 799 1330679849196 720 800 21 1
722 800 1330679849226 720 800 21 1
720 800 1330679849256 720 800 21 1
720 800 1330679849286 720 800 21 1
720 800 1330679849316 720 800 21 1
720 800 1330679849346 720 800 21 1
720 800 1330679849376 720 800 21 1
720 800 1330679849406 720 800 21 1
720 800 1330679849436 720 800 21 1
720 800 1330679849466 720 800 21 1
720 800 1330679849496 720 800 21 1
720 800 1330679849526 720 800 21 1
720 800 1330679849556 720 800 21 1
720 800 1330679849586 720 800 21 1
720 800 1330679849616 720 800 21 1
720 800 1330679849646 720 800 21 1
720 800 1330679849676 720 800 21 1
720 800 1330679849706 720 800 21 1
720 800 1330679849736 720 800 21 1
720 800 1330679849766 720 800 21 1
720 800 1330679849796 720 800 21 1
720 800 1330679849826 720 800 21 1
720 800 1330679849856 720 800 21 1
720 800 1330679849886 720 800 21 1
720 800 1330679849916 720 250 21 0
720 800 1330679849946 720 250 21 0
720 800 1330679849976 720 250 21 0
720 800 1330679850006 720 250 21 0
720 800 1330679850036 720 250 21 0
720 800 1330679850066 720 250 21 0
720 800 1330679850096 720 250 21 0
720 800 1330679850126 720 250 21 0
721 796 1330679850156 720 250 21 0
722 782 1330679850186 720 250 21 0
723 754 1330679850216 720 250 21 0
723 709 1330679850246 720 250 21 0
725 643 1330679850276 720 250 21 0
725 566 1330679850306 720 250 21 0
721 484 1330679850336 720 250 21 0
717 408 1330679850366 720 250 21 0
718 343 1330679850396 720 250 21 0
721 294 1330679850426 720 250 21 0
723 262 1330679850456 720 250 21 0
722 245 1330679850486 720 250 21 1
722 240 1330679850516 720 250 21 1
722 240 1330679850546 720 250 21 1
724 238 1330679850576 720 250 21 0
724 238 1330679850606 720 250 21 0
724 238 1330679850636 720 250 21 0
724 238 1330679850666 720 250 21 0
724 238 1330679850696 720 250 21 0
724 238 1330679850726 720 250 21 0
724 239 1330679850756 720 250 21 0
723 244 1330679850786 720 250 21 1
720 251 1330679850816 720 250 21 1
720 253 1330679850846 720 250 21 1
720 253 1330679850876 720 250 21 1
720 253 1330679850906 720 250 21 1
720 252 1330679850936 720 250 21 1
720 252 1330679850966 720 250 21 1
720 252 1330679850996 720 250 21 1
720 252 1330679851026 720 250 21 1
720 252 1330679851056 720 250 21 1
720 252 1330679851086 720 250 21 1
720 252 1330679851116 720 250 21 1
720 252 1330679851146 720 250 21 1
720 252 1330679851176 720 250 21 1
720 252 1330679851206 720 250 21 1
720 252 1330679851236 720 250 21 1
720 252 1330679851266 720 250 21 1
720 252 1330679851296 720 250 21 1
720 252 1330679851326 720 250 21 1
720 252 1330679851356 720 250 21 1
720 252 1330679851386 720 250 21 1
720 252 1330679851416 720 250 21 1
720 252 1330679851446 720 250 21 1
720 252 1330679851476 720 250 21 1
720 252 1330679851506 720 250 21 1
720 252 1330679851536 720 250 21 1
720 252 1330679851566 720 250 21 1
720 252 1330679851596 720 250 21 1
720 252 1330679851626 720 250 21 1
720 252 1330679851656 720 250 21 1
720 252 1330679851686 720 250 21 1
720 252 1330679851716 720 250 21 1
720 252 1330679851746 720 250 21 1
720 252 1330679851776 720 250 21 1
720 252 1330679851806 720 250 21 1
720 252 1330679851836 720 800 22 0
720 252 1330679851866 720 800 22 0
720 252 1330679851896 720 800 22 0
720 252 1330679851926 720 800 22 0
720 252 1330679851956 720 800 22 0
720 252 1330679851986 720 800 22 0
720 252 1330679852016 720 800 22 0
720 252 1330679852046 720 800 22 0
720 252 1330679852076 720 800 22 0
720 258 1330679852106 720 800 22 0
721 282 1330679852136 720 800 22 0
722 325 1330679852166 720 800 22 0
723 388 1330679852196 720 800 22 0
723 470 1330679852226 720 800 22 0
720 563 1330679852256 720 800 22 0
717 653 1330679852286 720 800 22 0
718 726 1330679852316 720 800 22 0
727 778 1330679852346 720 800 22 0
740 810 1330679852376 720 800 22 0
749 822 1330679852406 720 800 22 0
751 825 1330679852436 720 800 22 0
747 828 1330679852466 720 800 22 0
744 829 1330679852496 720 800 22 0
744 829 1330679852526 720 800 22 0
743 827 1330679852556 720 800 22 0
737 823 1330679852586 720 800 22 0
730 820 1330679852616 720 800 22 0
729 817 1330679852646 720 800 22 0
731 813 1330679852676 720 800 22 0
735 808 1330679852706 720 800 22 0
735 807 1330679852736 720 800 22 0
735 807 1330679852766 720 800 22 0
735 807 1330679852796 720 800 22 0
735 807 1330679852826 720 800 22 0
734 808 1330679852856 720 800 22 0
728 808 1330679852886 720 800 22 1
725 808 1330679852916 720 800 22 1
721 806 1330679852946 720 800 22 1
717 805 1330679852976 720 800 22 1
717 805 1330679853006 720 800 22 1
717 805 1330679853036 720 800 22 1
717 805 1330679853066 720 800 22 1
717 805 1330679853096 720 800 22 1
717 805 1330679853126 720 800 22 1
717 805 1330679853156 720 800 22 1
717 805 1330679853186 720 800 22 1
717 805 1330679853216 720 800 22 1
717 805 1330679853246 720 800 22 1
717 805 1330679853276 720 800 22 1
718 804 1330679853306 720 800 22 1
718 804 1330679853336 720 800 22 1
718 804 1330679853366 720 800 22 1
719 803 1330679853396 720 800 22 1
721 803 1330679853426 720 800 22 1
722 803 1330679853456 720 800 22 1
722 803 1330679853486 720 800 22 1
722 803 1330679853516 720 800 22 1
722 803 1330679853546 720 800 22 1
722 803 1330679853576 720 800 22 1
722 803 1330679853606 720 800 22 1
722 803 1330679853636 720 800 22 1
722 803 1330679853666 720 800 22 1
722 803 1330679853696 720 800 22 1
722 803 1330679853726 720 800 22 1
722 803 1330679853756 720 800 22 1
722 803 1330679853786 720 800 22 1
722 803 1330679853816 720 800 22 1
722 803 1330679853846 720 800 22 1
722 803 1330679853876 720 800 22 1
722 803 1330679853906 720 800 22 1
722 803 1330679853936 1109 467 20 0
722 803 1330679853966 1109 467 20 0
722 803 1330679853996 1109 467 20 0
722 803 1330679854026 1109 467 20 0
722 803 1330679854056 1109 467 20 0
722 803 1330679854086 1109 467 20 0
722 803 1330679854116 1109 467 20 0
722 803 1330679854146 1109 467 20 0
730 799 1330679854176 1109 467 20 0
762 783 1330679854206 1109 467 20 0
803 762 1330679854236 1109 467 20 0
879 721 1330679854266 1109 467 20 0
958 675 1330679854296 1109 467 20 0
1021 631 1330679854326 1109 467 20 0
1067 597 1330679854356 1109 467 20 0
1091 573 1330679854386 1109 467 20 0
1094 557 1330679854416 1109 467 20 0
1089 549 1330679854446 1109 467 20 0
1081 546 1330679854476 1109 467 20 0
1078 545 1330679854506 1109 467 20 0
1079 540 1330679854536 1109 467 20 0
1084 534 1330679854566 1109 467 20 0
1093 524 1330679854596 1109 467 20 0
1108 512 1330679854626 1109 467 20 0
1117 501 1330679854656 1109 467 20 0
1119 495 1330679854686 1109 467 20 0
1118 492 1330679854716 1109 467 20 0
1115 492 1330679854746 1109 467 20 0
1112 492 1330679854776 1109 467 20 0
1112 492 1330679854806 1109 467 20 0
1111 490 1330679854836 1109 467 20 0
1109 486 1330679854866 1109 467 20 0
1107 481 1330679854896 1109 467 20 0
1105 476 1330679854926 1109 467 20 1
1106 471 1330679854956 1109 467 20 1
1107 464 1330679854986 1109 467 20 1
1109 458 1330679855016 1109 467 20 1
1109 453 1330679855046 1109 467 20 0
1109 450 1330679855076 1109 467 20 0
1109 450 1330679855106 1109 467 20 0
1109 450 1330679855136 1109 467 20 0
1109 450 1330679855166 1109 467 20 0
1109 451 1330679855196 1109 467 20 0
1107 454 1330679855226 1109 467 20 0
1105 459 1330679855256 1109 467 20 1
1105 465 1330679855286 1109 467 20 1
1106 469 1330679855316 1109 467 20 1
1106 469 1330679855346 1109 467 20 1
1106 469 1330679855376 1109 467 20 1
1106 469 1330679855406 1109 467 20 1
1106 468 1330679855436 1109 467 20 1
1106 468 1330679855466 1109 467 20 1
1106 468 1330679855496 1109 467 20 1
1106 468 1330679855526 1109 467 20 1
1106 468 1330679855556 1109 467 20 1
1106 468 1330679855586 1109 467 20 1
1106 468 1330679855616 1109 467 20 1
1106 468 1330679855646 1109 467 20 1
1106 468 1330679855676 1109 467 20 1
1106 468 1330679855706 1109 467 20 1
1106 468 1330679855736 1109 467 20 1
1106 468 1330679855766 1109 467 20 1
1106 468 1330679855796 1109 467 20 1
1106 468 1330679855826 1109 467 20 1
1106 468 1330679855856 1109 467 20 1
1106 468 1330679855886 1109 467 20 1
1106 468 1330679855916 1109 467 20 1
1106 468 1330679855946 1109 467 20 1
1106 468 1330679855976 1109 467 20 1
1106 468 1330679856006 1109 467 20 1
1106 468 1330679856036 1109 467 20 1
1106 468 1330679856066 1109 467 20 1
1106 468 1330679856096 1109 467 20 1
1106 468 1330679856126 1109 467 20 1
1106 468 1330679856156 1109 467 20 1
1106 468 1330679856186 1109 467 20 1
1106 468 1330679856216 1109 467 20 1
1106 468 1330679856246 1109 467 20 1
1106 468 1330679856276 720 800 20 0
1106 468 1330679856306 720 800 20 0
1106 468 1330679856336 720 800 20 0
1106 468 1330679856366 720 800 20 0
1106 468 1330679856396 720 800 20 0
1106 468 1330679856426 720 800 20 0
1106 468 1330679856456 720 800 20 0
1106 468 1330679856486 720 800 20 0
1106 468 1330679856516 720 800 20 0
1096 478 1330679856546 720 800 20 0
1062 499 1330679856576 720 800 20 0
1008 533 1330679856606 720 800 20 0
952 576 1330679856636 720 800 20 0
893 625 1330679856666 720 800 20 0
837 675 1330679856696 720 800 20 0
791 718 1330679856726 720 800 20 0
763 748 1330679856756 720 800 20 0
749 763 1330679856786 720 800 20 0
732 780 1330679856816 720 800 20 0
729 783 1330679856846 720 800 20 0
730 782 1330679856876 720 800 20 0
729 781 1330679856906 720 800 20 0
725 781 1330679856936 720 800 20 0
725 781 1330679856966 720 800 20 0
725 781 1330679856996 720 800 20 0
723 786 1330679857026 720 800 20 0
722 790 1330679857056 720 800 20 1
723 794 1330679857086 720 800 20 1
724 798 1330679857116 720 800 20 1
724 799 1330679857146 720 800 20 1
724 799 1330679857176 720 800 20 1
724 799 1330679857206 720 800 20 1
724 799 1330679857236 720 800 20 1
724 798 1330679857266 720 800 20 1
724 798 1330679857296 720 800 20 1
724 798 1330679857326 720 800 20 1
724 798 1330679857356 720 800 20 1
724 798 1330679857386 720 800 20 1
724 798 1330679857416 720 800 20 1
724 798 1330679857446 720 800 20 1
724 798 1330679857476 720 800 20 1
724 798 1330679857506 720 800 20 1
724 798 1330679857536 720 800 20 1
724 798 1330679857566 720 800 20 1
724 798 1330679857596 720 800 20 1
724 798 1330679857626 720 800 20 1
724 798 1330679857656 720 800 20 1
724 798 1330679857686 720 800 20 1
724 798 1330679857716 720 800 20 1
724 798 1330679857746 720 800 20 1
724 798 1330679857776 720 800 20 1
724 798 1330679857806 720 800 20 1
724 798 1330679857836 720 800 20 1
724 798 1330679857866 720 800 20 1
724 798 1330679857896 720 800 20 1
724 798 1330679857926 720 800 20 1
724 798 1330679857956 720 800 20 1
724 798 1330679857986 720 800 20 1
724 798 1330679858016 720 800 20 1
724 798 1330679858046 720 800 20 1
724 798 1330679858076 720 800 20 1
724 798 1330679858106 1270 800 22 0
724 798 1330679858136 1270 800 22 0
724 798 1330679858166 1270 800 22 0
724 798 1330679858196 1270 800 22 0
724 798 1330679858226 1270 800 22 0
724 798 1330679858256 1270 800 22 0
724 798 1330679858286 1270 800 22 0
724 798 1330679858316 1270 800 22 0
733 797 1330679858346 1270 800 22 0
757 795 1330679858376 1270 800 22 0
813 796 1330679858406 1270 800 22 0
864 797 1330679858436 1270 800 22 0
968 804 1330679858466 1270 800 22 0
1025 812 1330679858496 1270 800 22 0
1098 819 1330679858526 1270 800 22 0
1133 820 1330679858556 1270 800 22 0
1168 819 1330679858586 1270 800 22 0
1179 816 1330679858616 1270 800 22 0
1198 807 1330679858646 1270 800 22 0
1205 802 1330679858676 1270 800 22 0
1211 798 1330679858706 1270 800 22 0
1217 796 1330679858736 1270 800 22 0
1230 797 1330679858766 1270 800 22 0
1238 799 1330679858796 1270 800 22 0
1260 804 1330679858826 1270 800 22 1
1270 806 1330679858856 1270 800 22 1
1274 807 1330679858886 1270 800 22 1
1274 807 1330679858916 1270 800 22 1
1273 807 1330679858946 1270 800 22 1
1270 806 1330679858976 1270 800 22 1
1269 806 1330679859006 1270 800 22 1
1268 807 1330679859036 1270 800 22 1
1267 806 1330679859066 1270 800 22 1
1267 806 1330679859096 1270 800 22 1
1267 806 1330679859126 1270 800 22 1
1267 806 1330679859156 1270 800 22 1
1268 806 1330679859186 1270 800 22 1
1268 806 1330679859216 1270 800 22 1
1268 806 1330679859246 1270 800 22 1
1268 806 1330679859276 1270 800 22 1
1268 806 1330679859306 1270 800 22 1
1268 806 1330679859336 1270 800 22 1
1268 806 1330679859366 1270 800 22 1
1268 806 1330679859396 1270 800 22 1
1268 806 1330679859426 1270 800 22 1
1268 806 1330679859456 1270 800 22 1
1268 806 1330679859486 1270 800 22 1
1268 806 1330679859516 1270 800 22 1
1268 806 1330679859546 1270 800 22 1
1268 806 1330679859576 1270 800 22 1
1268 806 1330679859606 1270 800 22 1
1268 806 1330679859636 1270 800 22 1
1268 806 1330679859666 1270 800 22 1
1268 806 1330679859696 1270 800 22 1
1268 806 1330679859726 1270 800 22 1
1268 806 1330679859756 1270 800 22 1
1268 806 1330679859786 1270 800 22 1
1268 805 1330679859816 1270 800 22 1
1268 805 1330679859846 1270 800 22 1
1268 805 1330679859876 720 800 21 0
1268 805 1330679859906 720 800 21 0
1268 805 1330679859936 720 800 21 0
1268 805 1330679859966 720 800 21 0
1268 805 1330679859996 720 800 21 0
1268 805 1330679860026 720 800 21 0
1268 805 1330679860056 720 800 21 0
1262 805 1330679860086 720 800 21 0
1238 802 1330679860116 720 800 21 0
1186 795 1330679860146 720 800 21 0
1111 788 1330679860176 720 800 21 0
1018 783 1330679860206 720 800 21 0
912 781 1330679860236 720 800 21 0
805 785 1330679860266 720 800 21 0
711 794 1330679860296 720 800 21 1
644 801 1330679860326 720 800 21 0
612 802 1330679860356 720 800 21 0
609 797 1330679860386 720 800 21 0
622 792 1330679860416 720 800 21 0
644 788 1330679860446 720 800 21 0
655 788 1330679860476 720 800 21 0
657 793 1330679860506 720 800 21 0
656 797 1330679860536 720 800 21 0
664 803 1330679860566 720 800 21 0
669 805 1330679860596 720 800 21 0
673 806 1330679860626 720 800 21 0
676 806 1330679860656 720 800 21 0
677 803 1330679860686 720 800 21 0
679 800 1330679860716 720 800 21 0
687 795 1330679860746 720 800 21 0
688 795 1330679860776 720 800 21 0
689 795 1330679860806 720 800 21 0
692 796 1330679860836 720 800 21 0
701 798 1330679860866 720 800 21 0
708 799 1330679860896 720 800 21 0
712 799 1330679860926 720 800 21 1
710 798 1330679860956 720 800 21 1
708 799 1330679860986 720 800 21 0
707 800 1330679861016 720 800 21 0
707 800 1330679861046 720 800 21 0
707 800 1330679861076 720 800 21 0
708 800 1330679861106 720 800 21 0
710 800 1330679861136 720 800 21 1
717 799 1330679861166 720 800 21 1
724 798 1330679861196 720 800 21 1
724 798 1330679861226 720 800 21 1
724 798 1330679861256 720 800 21 1
723 798 1330679861286 720 800 21 1
723 799 1330679861316 720 800 21 1
723 799 1330679861346 720 800 21 1
723 799 1330679861376 720 800 21 1
723 799 1330679861406 720 800 21 1
723 799 1330679861436 720 800 21 1
723 799 1330679861466 720 800 21 1
723 799 1330679861496 720 800 21 1
723 800 1330679861526 720 800 21 1
723 800 1330679861556 720 800 21 1
723 800 1330679861586 720 800 21 1
723 800 1330679861616 720 800 21 1
723 800 1330679861646 720 800 21 1
723 800 1330679861676 720 800 21 1
723 800 1330679861706 720 800 21 1
723 800 1330679861736 720 800 21 1
723 800 1330679861766 720 800 21 1
723 800 1330679861796 720 800 21 1
723 800 1330679861826 720 800 21 1
723 800 1330679861856 720 800 21 1
723 800 1330679861886 720 800 21 1
723 800 1330679861916 720 800 21 1
723 800 1330679861946 720 800 21 1
723 800 1330679861976 720 800 21 1
723 800 1330679862006 720 800 21 1
723 800 1330679862036 720 800 21 1
723 800 1330679862066 720 800 21 1
723 800 1330679862096 720 800 21 1
723 800 1330679862126 720 800 21 1
723 800 1330679862156 170 800 13 0
723 800 1330679862186 170 800 13 0
723 800 1330679862216 170 800 13 0
723 800 1330679862246 170 800 13 0
723 800 1330679862276 170 800 13 0
723 800 1330679862306 170 800 13 0
723 800 1330679862336 170 800 13 0
722 800 1330679862366 170 800 13 0
719 801 1330679862396 170 800 13 0
708 805 1330679862426 170 800 13 0
678 810 1330679862456 170 800 13 0
633 815 1330679862486 170 800 13 0
575 821 1330679862516 170 800 13 0
508 829 1330679862546 170 800 13 0
449 838 1330679862576 170 800 13 0
406 843 1330679862606 170 800 13 0
379 844 1330679862636 170 800 13 0
363 842 1330679862666 170 800 13 0
349 840 1330679862696 170 800 13 0
334 839 1330679862726 170 800 13 0
318 842 1330679862756 170 800 13 0
308 842 1330679862786 170 800 13 0
296 839 1330679862816 170 800 13 0
276 837 1330679862846 170 800 13 0
260 836 1330679862876 170 800 13 0
236 835 1330679862906 170 800 13 0
225 831 1330679862936 170 800 13 0
215 825 1330679862966 170 800 13 0
211 821 1330679862996 170 800 13 0
207 815 1330679863026 170 800 13 0
203 813 1330679863056 170 800 13 0
195 811 1330679863086 170 800 13 0
190 809 1330679863116 170 800 13 0
181 806 1330679863146 170 800 13 0
177 805 1330679863176 170 800 13 0
174 804 1330679863206 170 800 13 0
172 803 1330679863236 170 800 13 1
170 802 1330679863266 170 800 13 1
170 802 1330679863296 170 800 13 1
170 802 1330679863326 170 800 13 1
170 802 1330679863356 170 800 13 1
170 802 1330679863386 170 800 13 1
170 802 1330679863416 170 800 13 1
171 802 1330679863446 170 800 13 1
174 801 1330679863476 170 800 13 0
175 801 1330679863506 170 800 13 0
175 801 1330679863536 170 800 13 0
175 801 1330679863566 170 800 13 0
175 801 1330679863596 170 800 13 0
175 801 1330679863626 170 800 13 0
175 801 1330679863656 170 800 13 0
175 801 1330679863686 170 800 13 0
174 801 1330679863716 170 800 13 0
174 801 1330679863746 170 800 13 0
174 801 1330679863776 170 800 13 0
172 801 1330679863806 170 800 13 1
171 801 1330679863836 170 800 13 1
171 801 1330679863866 170 800 13 1
171 801 1330679863896 170 800 13 1
171 801 1330679863926 170 800 13 1
171 801 1330679863956 170 800 13 1
171 801 1330679863986 170 800 13 1
171 801 1330679864016 170 800 13 1
171 801 1330679864046 170 800 13 1
171 801 1330679864076 170 800 13 1
171 801 1330679864106 170 800 13 1
171 801 1330679864136 170 800 13 1
171 801 1330679864166 170 800 13 1
171 801 1330679864196 170 800 13 1
171 801 1330679864226 170 800 13 1
171 801 1330679864256 170 800 13 1
171 801 1330679864286 170 800 13 1
171 801 1330679864316 170 800 13 1
171 801 1330679864346 170 800 13 1
171 801 1330679864376 170 800 13 1
171 801 1330679864406 170 800 13 1
171 801 1330679864436 170 800 13 1
171 801 1330679864466 170 800 13 1
171 801 1330679864496 170 800 13 1
171 801 1330679864526 170 800 13 1
171 801 1330679864556 170 800 13 1
171 801 1330679864586 170 800 13 1
171 801 1330679864616 170 800 13 1
171 801 1330679864646 170 800 13 1
171 801 1330679864676 170 800 13 1
171 801 1330679864706 170 800 13 1
171 801 1330679864736 170 800 13 1
171 801 1330679864766 170 800 13 1
171 801 1330679864796 170 800 13 1
171 801 1330679864826 720 800 13 0
171 801 1330679864856 720 800 13 0
171 801 1330679864886 720 800 13 0
171 801 1330679864916 720 800 13 0
171 801 1330679864946 720 800 13 0
171 801 1330679864976 720 800 13 0
171 801 1330679865006 720 800 13 0
171 801 1330679865036 720 800 13 0
174 801 1330679865066 720 800 13 0
189 797 1330679865096 720 800 13 0
222 792 1330679865126 720 800 13 0
257 788 1330679865156 720 800 13 0
339 778 1330679865186 720 800 13 0
403 772 1330679865216 720 800 13 0
517 770 1330679865246 720 800 13 0
575 772 1330679865276 720 800 13 0
638 780 1330679865306 720 800 13 0
654 788 1330679865336 720 800 13 0
657 802 1330679865366 720 800 13 0
653 809 1330679865396 720 800 13 0
649 818 1330679865426 720 800 13 0
652 822 1330679865456 720 800 13 0
666 823 1330679865486 720 800 13 0
678 819 1330679865516 720 800 13 0
692 812 1330679865546 720 800 13 0
695 809 1330679865576 720 800 13 0
698 805 1330679865606 720 800 13 0
698 805 1330679865636 720 800 13 0
698 805 1330679865666 720 800 13 0
698 805 1330679865696 720 800 13 0
705 806 1330679865726 720 800 13 0
712 807 1330679865756 720 800 13 0
718 807 1330679865786 720 800 13 0
718 806 1330679865816 720 800 13 0
717 804 1330679865846 720 800 13 0
716 804 1330679865876 720 800 13 0
716 804 1330679865906 720 800 13 0
716 804 1330679865936 720 800 13 0
715 803 1330679865966 720 800 13 0
715 802 1330679865996 720 800 13 0
715 801 1330679866026 720 800 13 0
719 800 1330679866056 720 800 13 1
723 800 1330679866086 720 800 13 1
724 800 1330679866116 720 800 13 0
724 800 1330679866146 720 800 13 0
724 800 1330679866176 720 800 13 0
724 800 1330679866206 720 800 13 0
724 800 1330679866236 720 800 13 0
724 800 1330679866266 720 800 13 0
722 800 1330679866296 720 800 13 1
720 801 1330679866326 720 800 13 1
720 801 1330679866356 720 800 13 1
719 801 1330679866386 720 800 13 1
718 801 1330679866416 720 800 13 1
718 801 1330679866446 720 800 13 1
718 801 1330679866476 720 800 13 1
718 801 1330679866506 720 800 13 1
718 800 1330679866536 720 800 13 1
718 800 1330679866566 720 800 13 1
718 800 1330679866596 720 800 13 1
718 800 1330679866626 720 800 13 1
718 800 1330679866656 720 800 13 1
718 800 1330679866686 720 800 13 1
718 800 1330679866716 720 800 13 1
718 800 1330679866746 720 800 13 1
718 800 1330679866776 720 800 13 1
718 800 1330679866806 720 800 13 1
718 800 1330679866836 720 800 13 1
718 800 1330679866866 720 800 13 1
718 800 1330679866896 720 800 13 1
718 800 1330679866926 720 800 13 1
718 800 1330679866956 720 800 13 1
718 800 1330679866986 720 800 13 1
718 800 1330679867016 720 800 13 1
718 800 1330679867046 720 800 13 1
718 800 1330679867076 720 800 13 1
718 800 1330679867106 720 800 13 1
718 800 1330679867136 720 800 13 1
718 800 1330679867166 720 800 13 1
718 800 1330679867196 720 800 13 1
718 800 1330679867226 720 800 13 1
718 800 1330679867256 720 800 13 1
718 800 1330679867286 720 800 13 1
718 800 1330679867316 331 467 13 0
718 800 1330679867346 331 467 13 0
718 800 1330679867376 331 467 13 0
718 800 1330679867406 331 467 13 0
718 800 1330679867436 331 467 13 0
718 800 1330679867466 331 467 13 0
718 800 1330679867496 331 467 13 0
716 799 1330679867526 331 467 13 0
708 795 1330679867556 331 467 13 0
685 781 1330679867586 331 467 13 0
664 768 1330679867616 331 467 13 0
621 735 1330679867646 331 467 13 0
593 709 1330679867676 331 467 13 0
544 659 1330679867706 331 467 13 0
518 631 1330679867736 331 467 13 0
478 589 1330679867766 331 467 13 0
457 570 1330679867796 331 467 13 0
427 549 1330679867826 331 467 13 0
408 542 1330679867856 331 467 13 0
385 532 1330679867886 331 467 13 0
377 526 1330679867916 331 467 13 0
369 516 1330679867946 331 467 13 0
366 510 1330679867976 331 467 13 0
361 501 1330679868006 331 467 13 0
357 495 1330679868036 331 467 13 0
349 487 1330679868066 331 467 13 0
345 485 1330679868096 331 467 13 0
342 481 1330679868126 331 467 13 0
339 478 1330679868156 331 467 13 0
338 478 1330679868186 331 467 13 0
338 477 1330679868216 331 467 13 0
338 476 1330679868246 331 467 13 0
337 473 1330679868276 331 467 13 0
334 471 1330679868306 331 467 13 0
333 470 1330679868336 331 467 13 0
333 470 1330679868366 331 467 13 0
333 470 1330679868396 331 467 13 0
332 470 1330679868426 331 467 13 1
332 470 1330679868456 331 467 13 1
332 470 1330679868486 331 467 13 1
332 470 1330679868516 331 467 13 1
332 470 1330679868546 331 467 13 1
332 470 1330679868576 331 467 13 1
332 470 1330679868606 331 467 13 1
332 470 1330679868636 331 467 13 1
332 470 1330679868666 331 467 13 1
332 470 1330679868696 331 467 13 1
332 470 1330679868726 331 467 13 1
332 470 1330679868756 331 467 13 1
332 470 1330679868786 331 467 13 1
332 470 1330679868816 331 467 13 1
332 469 1330679868846 331 467 13 1
332 468 1330679868876 331 467 13 1
332 468 1330679868906 331 467 13 1
332 468 1330679868936 331 467 13 1
332 468 1330679868966 331 467 13 1
332 468 1330679868996 331 467 13 1
332 468 1330679869026 331 467 13 1
332 468 1330679869056 331 467 13 1
332 468 1330679869086 331 467 13 1
332 468 1330679869116 331 467 13 1
332 468 1330679869146 331 467 13 1
332 468 1330679869176 331 467 13 1
332 468 1330679869206 331 467 13 1
332 468 1330679869236 331 467 13 1
332 468 1330679869266 331 467 13 1
332 468 1330679869296 331 467 13 1
332 468 1330679869326 331 467 13 1
332 468 1330679869356 331 467 13 1
332 468 1330679869386 331 467 13 1
332 468 1330679869416 331 467 13 1
332 468 1330679869446 331 467 13 1
332 468 1330679869476 720 800 13 0
332 468 1330679869506 720 800 13 0
332 468 1330679869536 720 800 13 0
332 468 1330679869566 720 800 13 0
332 468 1330679869596 720 800 13 0
332 468 1330679869626 720 800 13 0
332 468 1330679869656 720 800 13 0
334 471 1330679869686 720 800 13 0
347 482 1330679869716 720 800 13 0
373 503 1330679869746 720 800 13 0
398 525 1330679869776 720 800 13 0
445 574 1330679869806 720 800 13 0
477 610 1330679869836 720 800 13 0
531 671 1330679869866 720 800 13 0
565 704 1330679869896 720 800 13 0
620 749 1330679869926 720 800 13 0
648 770 1330679869956 720 800 13 0
681 794 1330679869986 720 800 13 0
692 801 1330679870016 720 800 13 0
694 803 1330679870046 720 800 13 0
694 803 1330679870076 720 800 13 0
694 803 1330679870106 720 800 13 0
697 803 1330679870136 720 800 13 0
703 801 1330679870166 720 800 13 0
704 801 1330679870196 720 800 13 0
707 801 1330679870226 720 800 13 0
714 801 1330679870256 720 800 13 0
722 802 1330679870286 720 800 13 1
722 802 1330679870316 720 800 13 1
718 801 1330679870346 720 800 13 1
717 801 1330679870376 720 800 13 1
717 801 1330679870406 720 800 13 1
717 801 1330679870436 720 800 13 1
717 801 1330679870466 720 800 13 1
717 800 1330679870496 720 800 13 1
716 800 1330679870526 720 800 13 0
716 800 1330679870556 720 800 13 0
716 800 1330679870586 720 800 13 0
717 800 1330679870616 720 800 13 1
718 800 1330679870646 720 800 13 1
720 800 1330679870676 720 800 13 1
721 800 1330679870706 720 800 13 1
722 800 1330679870736 720 800 13 1
724 800 1330679870766 720 800 13 0
724 800 1330679870796 720 800 13 0
724 800 1330679870826 720 800 13 0
724 800 1330679870856 720 800 13 0
724 800 1330679870886 720 800 13 0
724 801 1330679870916 720 800 13 0
724 801 1330679870946 720 800 13 0
724 801 1330679870976 720 800 13 0
724 801 1330679871006 720 800 13 0
724 801 1330679871036 720 800 13 0
724 801 1330679871066 720 800 13 0
724 801 1330679871096 720 800 13 0
724 801 1330679871126 720 800 13 0
724 801 1330679871156 720 800 13 0
724 801 1330679871186 720 800 13 0
724 801 1330679871216 720 800 13 0
724 801 1330679871246 720 800 13 0
724 801 1330679871276 720 800 13 0
724 801 1330679871306 720 800 13 0
724 801 1330679871336 720 800 13 0
724 801 1330679871366 720 800 13 0
724 801 1330679871396 720 800 13 0
724 801 1330679871426 720 800 13 0
724 801 1330679871456 720 800 13 0
724 801 1330679871486 720 800 13 0
724 801 1330679871516 720 800 13 0
723 800 1330679871546 720 800 13 1
723 800 1330679871576 720 800 13 1
723 800 1330679871606 720 800 13 1
723 800 1330679871636 720 800 13 1
723 800 1330679871666 720 800 13 1
723 800 1330679871696 720 800 13 1
723 800 1330679871726 720 800 13 1
723 800 1330679871756 720 800 13 1
723 800 1330679871786 720 800 13 1
723 800 1330679871816 720 800 13 1
723 800 1330679871846 720 800 13 1
723 800 1330679871876 720 800 13 1
723 800 1330679871906 720 800 13 1
723 800 1330679871936 720 800 13 1
723 800 1330679871966 720 800 13 1
723 800 1330679871996 720 800 13 1
723 800 1330679872026 720 800 13 1
723 800 1330679872056 720 800 13 1
723 800 1330679872086 720 800 13 1
723 800 1330679872116 720 800 13 1
723 800 1330679872146 720 800 13 1
723 800 1330679872176 720 800 13 1
722 800 1330679872206 720 800 13 1
721 800 1330679872236 720 800 13 1
721 800 1330679872266 720 800 13 1
721 800 1330679872296 720 800 13 1
720 801 1330679872326 720 800 13 1
720 801 1330679872356 720 800 13 1
720 801 1330679872386 720 800 13 1
720 801 1330679872416 720 800 13 1
720 801 1330679872446 720 800 13 1
720 801 1330679872476 720 800 13 1
720 801 1330679872506 720 800 13 1
720 801 1330679872536 720 800 13 1
720 801 1330679872566 720 250 13 0
720 801 1330679872596 720 250 13 0
720 801 1330679872626 720 250 13 0
720 801 1330679872656 720 250 13 0
720 801 1330679872686 720 250 13 0
720 801 1330679872716 720 250 13 0
720 801 1330679872746 720 250 13 0
720 801 1330679872776 720 250 13 0
720 801 1330679872806 720 250 13 0
720 801 1330679872836 720 250 13 0
720 800 1330679872866 720 250 13 0
720 793 1330679872896 720 250 13 0
724 773 1330679872926 720 250 13 0
738 737 1330679872956 720 250 13 0
758 687 1330679872986 720 250 13 0
771 629 1330679873016 720 250 13 0
772 569 1330679873046 720 250 13 0
763 509 1330679873076 720 250 13 0
753 457 1330679873106 720 250 13 0
747 413 1330679873136 720 250 13 0
745 375 1330679873166 720 250 13 0
745 343 1330679873196 720 250 13 0
744 320 1330679873226 720 250 13 0
740 301 1330679873256 720 250 13 0
738 286 1330679873286 720 250 13 0
738 278 1330679873316 720 250 13 0
736 271 1330679873346 720 250 13 0
734 267 1330679873376 720 250 13 0
732 263 1330679873406 720 250 13 0
730 261 1330679873436 720 250 13 0
730 261 1330679873466 720 250 13 0
727 259 1330679873496 720 250 13 0
723 257 1330679873526 720 250 13 0
721 257 1330679873556 720 250 13 0
721 257 1330679873586 720 250 13 0
721 257 1330679873616 720 250 13 0
721 257 1330679873646 720 250 13 0
721 257 1330679873676 720 250 13 0
721 256 1330679873706 720 250 13 0
721 256 1330679873736 720 250 13 0
721 255 1330679873766 720 250 13 0
722 252 1330679873796 720 250 13 1
722 248 1330679873826 720 250 13 1
720 246 1330679873856 720 250 13 0
720 246 1330679873886 720 250 13 0
720 246 1330679873916 720 250 13 0
720 246 1330679873946 720 250 13 0
720 247 1330679873976 720 250 13 1
720 247 1330679874006 720 250 13 1
720 250 1330679874036 720 250 13 1
720 252 1330679874066 720 250 13 1
720 253 1330679874096 720 250 13 1
720 253 1330679874126 720 250 13 1
720 253 1330679874156 720 250 13 1
720 252 1330679874186 720 250 13 1
720 252 1330679874216 720 250 13 1
720 252 1330679874246 720 250 13 1
720 252 1330679874276 720 250 13 1
720 252 1330679874306 720 250 13 1
720 251 1330679874336 720 250 13 1
720 251 1330679874366 720 250 13 1
720 251 1330679874396 720 250 13 1
720 251 1330679874426 720 250 13 1
720 251 1330679874456 720 250 13 1
720 251 1330679874486 720 250 13 1
720 251 1330679874516 720 250 13 1
720 251 1330679874546 720 250 13 1
720 251 1330679874576 720 250 13 1
720 251 1330679874606 720 250 13 1
720 251 1330679874636 720 250 13 1
720 251 1330679874666 720 250 13 1
720 251 1330679874696 720 250 13 1
720 251 1330679874726 720 250 13 1
720 251 1330679874756 720 250 13 1
720 251 1330679874786 720 250 13 1
720 251 1330679874816 720 250 13 1
720 251 1330679874846 720 250 13 1
720 251 1330679874876 720 250 13 1
720 251 1330679874906 720 250 13 1
720 251 1330679874936 720 250 13 1
720 251 1330679874966 720 250 13 1
720 251 1330679874996 720 800 13 0
720 251 1330679875026 720 800 13 0
720 251 1330679875056 720 800 13 0
720 251 1330679875086 720 800 13 0
720 251 1330679875116 720 800 13 0
720 251 1330679875146 720 800 13 0
720 251 1330679875176 720 800 13 0
720 251 1330679875206 720 800 13 0
720 253 1330679875236 720 800 13 0
719 265 1330679875266 720 800 13 0
717 291 1330679875296 720 800 13 0
715 331 1330679875326 720 800 13 0
713 384 1330679875356 720 800 13 0
710 448 1330679875386 720 800 13 0
705 503 1330679875416 720 800 13 0
693 595 1330679875446 720 800 13 0
687 661 1330679875476 720 800 13 0
683 716 1330679875507 720 800 13 0
686 753 1330679875536 720 800 13 0
693 775 1330679875566 720 800 13 0
698 783 1330679875596 720 800 13 0
701 786 1330679875626 720 800 13 0
702 789 1330679875656 720 800 13 0
704 791 1330679875686 720 800 13 0
708 792 1330679875716 720 800 13 0
711 792 1330679875746 720 800 13 0
712 791 1330679875776 720 800 13 0
712 790 1330679875806 720 800 13 0
712 792 1330679875836 720 800 13 0
714 794 1330679875866 720 800 13 0
716 794 1330679875896 720 800 13 0
717 793 1330679875926 720 800 13 0
719 793 1330679875956 720 800 13 0
723 794 1330679875986 720 800 13 0
724 794 1330679876016 720 800 13 0
724 794 1330679876046 720 800 13 0
724 794 1330679876076 720 800 13 0
724 795 1330679876106 720 800 13 0
724 795 1330679876136 720 800 13 0
724 796 1330679876166 720 800 13 0
723 796 1330679876196 720 800 13 0
722 797 1330679876226 720 800 13 1
721 799 1330679876256 720 800 13 1
721 799 1330679876286 720 800 13 1
721 799 1330679876316 720 800 13 1
721 799 1330679876346 720 800 13 1
721 799 1330679876376 720 800 13 1
721 799 1330679876406 720 800 13 1
721 799 1330679876436 720 800 13 1
721 799 1330679876466 720 800 13 1
721 799 1330679876496 720 800 13 1
721 799 1330679876526 720 800 13 1
721 799 1330679876556 720 800 13 1
721 799 1330679876586 720 800 13 1
721 799 1330679876616 720 800 13 1
721 799 1330679876646 720 800 13 1
721 799 1330679876676 720 800 13 1
721 799 1330679876706 720 800 13 1
721 799 1330679876736 720 800 13 1
721 799 1330679876766 720 800 13 1
721 799 1330679876796 720 800 13 1
721 799 1330679876826 720 800 13 1
721 799 1330679876856 720 800 13 1
721 799 1330679876886 720 800 13 1
721 799 1330679876916 720 800 13 1
721 799 1330679876946 720 800 13 1
721 799 1330679876976 720 800 13 1
721 799 1330679877006 720 800 13 1
721 799 1330679877036 720 800 13 1
721 799 1330679877066 720 800 13 1
721 799 1330679877096 720 800 13 1
721 799 1330679877126 720 800 13 1
721 799 1330679877156 720 800 13 1
721 799 1330679877186 720 800 13 1
721 799 1330679877216 720 800 13 1
721 799 1330679877246 1109 467 13 0
721 799 1330679877276 1109 467 13 0
721 799 1330679877306 1109 467 13 0
721 799 1330679877336 1109 467 13 0
721 799 1330679877366 1109 467 13 0
721 799 1330679877396 1109 467 13 0
721 799 1330679877426 1109 467 13 0
721 799 1330679877456 1109 467 13 0
721 799 1330679877486 1109 467 13 0
728 794 1330679877516 1109 467 13 0
750 782 1330679877546 1109 467 13 0
800 754 1330679877576 1109 467 13 0
866 715 1330679877606 1109 467 13 0
927 669 1330679877636 1109 467 13 0
979 622 1330679877666 1109 467 13 0
1025 577 1330679877696 1109 467 13 0
1059 539 1330679877726 1109 467 13 0
1086 511 1330679877756 1109 467 13 0
1112 489 1330679877786 1109 467 13 0
1130 475 1330679877816 1109 467 13 0
1137 468 1330679877846 1109 467 13 0
1146 462 1330679877876 1109 467 13 0
1152 457 1330679877906 1109 467 13 0
1153 455 1330679877936 1109 467 13 0
1151 455 1330679877966 1109 467 13 0
1148 455 1330679877996 1109 467 13 0
1137 458 1330679878026 1109 467 13 0
1128 461 1330679878056 1109 467 13 0
1124 463 1330679878086 1109 467 13 0
1123 464 1330679878116 1109 467 13 0
1124 464 1330679878146 1109 467 13 0
1125 463 1330679878176 1109 467 13 0
1124 462 1330679878206 1109 467 13 0
1124 462 1330679878236 1109 467 13 0
1124 462 1330679878266 1109 467 13 0
1120 463 1330679878296 1109 467 13 0
1115 464 1330679878326 1109 467 13 0
1114 464 1330679878356 1109 467 13 0
1114 464 1330679878386 1109 467 13 0
1114 464 1330679878416 1109 467 13 0
1113 465 1330679878446 1109 467 13 0
1113 465 1330679878476 1109 467 13 0
1113 465 1330679878506 1109 467 13 0
1113 465 1330679878536 1109 467 13 0
1113 465 1330679878566 1109 467 13 0
1112 465 1330679878596 1109 467 13 0
1111 466 1330679878626 1109 467 13 1
1111 466 1330679878656 1109 467 13 1
1111 466 1330679878686 1109 467 13 1
1111 466 1330679878716 1109 467 13 1
1111 466 1330679878746 1109 467 13 1
1110 466 1330679878776 1109 467 13 1
1109 466 1330679878806 1109 467 13 1
1109 466 1330679878836 1109 467 13 1
1109 466 1330679878866 1109 467 13 1
1109 466 1330679878896 1109 467 13 1
1109 466 1330679878926 1109 467 13 1
1109 466 1330679878956 1109 467 13 1
1109 466 1330679878986 1109 467 13 1
1109 466 1330679879016 1109 467 13 1
1109 466 1330679879046 1109 467 13 1
1109 466 1330679879076 1109 467 13 1
1109 466 1330679879106 1109 467 13 1
1109 466 1330679879136 1109 467 13 1
1109 466 1330679879166 1109 467 13 1
1109 466 1330679879196 1109 467 13 1
1109 466 1330679879226 1109 467 13 1
1109 466 1330679879256 1109 467 13 1
1109 466 1330679879286 1109 467 13 1
1109 466 1330679879316 1109 467 13 1
1109 466 1330679879346 1109 467 13 1
1109 466 1330679879376 1109 467 13 1
1109 466 1330679879406 1109 467 13 1
1109 466 1330679879436 1109 467 13 1
1109 466 1330679879466 1109 467 13 1
1109 466 1330679879496 1109 467 13 1
1109 466 1330679879526 1109 467 13 1
1109 466 1330679879556 1109 467 13 1
1109 466 1330679879586 1109 467 13 1
1109 466 1330679879616 1109 467 13 1
1109 466 1330679879646 720 800 13 0
1109 466 1330679879676 720 800 13 0
1109 466 1330679879706 720 800 13 0
1109 466 1330679879736 720 800 13 0
1109 466 1330679879766 720 800 13 0
1109 466 1330679879796 720 800 13 0
1109 466 1330679879826 720 800 13 0
1109 466 1330679879856 720 800 13 0
1108 468 1330679879886 720 800 13 0
1100 475 1330679879916 720 800 13 0
1073 493 1330679879946 720 800 13 0
1030 522 1330679879976 720 800 13 0
976 562 1330679880006 720 800 13 0
918 608 1330679880036 720 800 13 0
861 655 1330679880066 720 800 13 0
811 699 1330679880096 720 800 13 0
773 733 1330679880126 720 800 13 0
749 758 1330679880156 720 800 13 0
735 776 1330679880186 720 800 13 0
730 786 1330679880216 720 800 13 0
730 789 1330679880246 720 800 13 0
730 791 1330679880276 720 800 13 0
730 792 1330679880306 720 800 13 0
729 792 1330679880336 720 800 13 0
726 794 1330679880366 720 800 13 0
723 795 1330679880396 720 800 13 0
723 795 1330679880426 720 800 13 0
722 796 1330679880456 720 800 13 0
719 797 1330679880486 720 800 13 1
718 797 1330679880516 720 800 13 0
718 797 1330679880546 720 800 13 0
718 797 1330679880576 720 800 13 0
718 797 1330679880606 720 800 13 0
718 798 1330679880636 720 800 13 1
719 800 1330679880666 720 800 13 1
720 800 1330679880696 720 800 13 1
720 801 1330679880726 720 800 13 1
720 801 1330679880756 720 800 13 1
721 802 1330679880786 720 800 13 1
721 801 1330679880816 720 800 13 1
721 801 1330679880846 720 800 13 1
721 801 1330679880876 720 800 13 1
721 801 1330679880906 720 800 13 1
721 801 1330679880936 720 800 13 1
721 801 1330679880966 720 800 13 1
721 801 1330679880996 720 800 13 1
721 801 1330679881026 720 800 13 1
721 801 1330679881056 720 800 13 1
721 801 1330679881086 720 800 13 1
721 801 1330679881116 720 800 13 1
721 801 1330679881146 720 800 13 1
721 801 1330679881176 720 800 13 1
721 801 1330679881206 720 800 13 1
721 801 1330679881236 720 800 13 1
721 801 1330679881266 720 800 13 1
721 801 1330679881296 720 800 13 1
721 801 1330679881326 720 800 13 1
721 801 1330679881356 720 800 13 1
721 801 1330679881386 720 800 13 1
721 801 1330679881416 720 800 13 1
721 801 1330679881446 720 800 13 1
721 801 1330679881476 720 800 13 1
721 801 1330679881506 720 800 13 1
721 801 1330679881536 720 800 13 1
721 801 1330679881566 720 800 13 1
721 801 1330679881596 720 800 13 1
721 801 1330679881626 720 800 13 1
721 801 1330679881656 1270 800 13 0
721 801 1330679881686 1270 800 13 0
721 801 1330679881716 1270 800 13 0
721 801 1330679881746 1270 800 13 0
721 801 1330679881776 1270 800 13 0
721 801 1330679881806 1270 800 13 0
721 801 1330679881836 1270 800 13 0
721 801 1330679881866 1270 800 13 0
724 800 1330679881896 1270 800 13 0
740 796 1330679881926 1270 800 13 0
775 792 1330679881956 1270 800 13 0
832 787 1330679881986 1270 800 13 0
899 786 1330679882016 1270 800 13 0
967 791 1330679882046 1270 800 13 0
1032 801 1330679882076 1270 800 13 0
1089 813 1330679882106 1270 800 13 0
1131 823 1330679882136 1270 800 13 0
1156 829 1330679882166 1270 800 13 0
1174 830 1330679882196 1270 800 13 0
1189 828 1330679882226 1270 800 13 0
1201 824 1330679882256 1270 800 13 0
1211 818 1330679882286 1270 800 13 0
1222 812 1330679882316 1270 800 13 0
1231 807 1330679882346 1270 800 13 0
1238 804 1330679882376 1270 800 13 0
1248 803 1330679882406 1270 800 13 0
1253 803 1330679882436 1270 800 13 0
1254 803 1330679882466 1270 800 13 0
1258 803 1330679882496 1270 800 13 0
1260 803 1330679882526 1270 800 13 0
1261 804 1330679882556 1270 800 13 0
1263 804 1330679882586 1270 800 13 0
1264 804 1330679882616 1270 800 13 0
1264 805 1330679882646 1270 800 13 0
1266 806 1330679882676 1270 800 13 0
1269 806 1330679882706 1270 800 13 0
1269 806 1330679882736 1270 800 13 0
1269 806 1330679882766 1270 800 13 0
1270 806 1330679882796 1270 800 13 0
1271 805 1330679882826 1270 800 13 0
1271 804 1330679882856 1270 800 13 0
1270 804 1330679882886 1270 800 13 0
1269 803 1330679882916 1270 800 13 1
1269 802 1330679882946 1270 800 13 1
1268 801 1330679882976 1270 800 13 1
1268 801 1330679883006 1270 800 13 1
1268 800 1330679883036 1270 800 13 1
1268 800 1330679883066 1270 800 13 1
1268 800 1330679883096 1270 800 13 1
1268 800 1330679883126 1270 800 13 1
1270 801 1330679883156 1270 800 13 1
1271 802 1330679883186 1270 800 13 1
1272 802 1330679883216 1270 800 13 1
1272 802 1330679883246 1270 800 13 1
1272 803 1330679883276 1270 800 13 1
1272 803 1330679883306 1270 800 13 1
1272 803 1330679883336 1270 800 13 1
1272 803 1330679883366 1270 800 13 1
1272 803 1330679883396 1270 800 13 1
1272 803 1330679883426 1270 800 13 1
1272 803 1330679883456 1270 800 13 1
1272 803 1330679883486 1270 800 13 1
1272 803 1330679883516 1270 800 13 1
1272 802 1330679883546 1270 800 13 1
1272 802 1330679883576 1270 800 13 1
1272 802 1330679883606 1270 800 13 1
1272 802 1330679883636 1270 800 13 1
1272 802 1330679883666 1270 800 13 1
1272 802 1330679883696 1270 800 13 1
1272 802 1330679883726 1270 800 13 1
1272 802 1330679883756 1270 800 13 1
1272 802 1330679883786 1270 800 13 1
1272 802 1330679883816 1270 800 13 1
1272 802 1330679883846 1270 800 13 1
1272 802 1330679883876 1270 800 13 1
1272 802 1330679883906 1270 800 13 1
1272 802 1330679883936 1270 800 13 1
1272 802 1330679883966 720 800 13 0
1272 802 1330679883996 720 800 13 0
1272 802 1330679884026 720 800 13 0
1272 802 1330679884056 720 800 13 0
1272 802 1330679884086 720 800 13 0
1272 802 1330679884116 720 800 13 0
1272 802 1330679884146 720 800 13 0
1270 802 1330679884176 720 800 13 0
1256 800 1330679884206 720 800 13 0
1237 797 1330679884236 720 800 13 0
1197 793 1330679884266 720 800 13 0
1142 790 1330679884296 720 800 13 0
1069 787 1330679884326 720 800 13 0
989 786 1330679884356 720 800 13 0
905 788 1330679884386 720 800 13 0
821 794 1330679884416 720 800 13 0
765 801 1330679884446 720 800 13 0
696 811 1330679884476 720 800 13 0
672 814 1330679884506 720 800 13 0
669 811 1330679884536 720 800 13 0
675 808 1330679884566 720 800 13 0
688 804 1330679884596 720 800 13 0
691 804 1330679884626 720 800 13 0
692 804 1330679884656 720 800 13 0
696 804 1330679884686 720 800 13 0
706 803 1330679884716 720 800 13 0
712 802 1330679884746 720 800 13 0
712 802 1330679884776 720 800 13 0
711 802 1330679884806 720 800 13 0
711 802 1330679884836 720 800 13 0
711 801 1330679884866 720 800 13 0
712 800 1330679884896 720 800 13 0
712 800 1330679884926 720 800 13 0
714 800 1330679884956 720 800 13 0
721 799 1330679884986 720 800 13 1
724 799 1330679885016 720 800 13 0
724 798 1330679885046 720 800 13 0
724 798 1330679885076 720 800 13 0
724 798 1330679885106 720 800 13 0
724 798 1330679885136 720 800 13 0
724 798 1330679885166 720 800 13 0
723 799 1330679885196 720 800 13 1
721 799 1330679885226 720 800 13 1
720 800 1330679885256 720 800 13 1
720 800 1330679885286 720 800 13 1
720 801 1330679885316 720 800 13 1
719 802 1330679885346 720 800 13 1
719 802 1330679885376 720 800 13 1
719 802 1330679885406 720 800 13 1
719 802 1330679885436 720 800 13 1
720 802 1330679885466 720 800 13 1
721 801 1330679885496 720 800 13 1
721 801 1330679885526 720 800 13 1
721 801 1330679885556 720 800 13 1
721 801 1330679885586 720 800 13 1
721 801 1330679885616 720 800 13 1
721 801 1330679885646 720 800 13 1
721 801 1330679885676 720 800 13 1
721 801 1330679885706 720 800 13 1
721 801 1330679885736 720 800 13 1
721 801 1330679885766 720 800 13 1
721 801 1330679885796 720 800 13 1
721 801 1330679885826 720 800 13 1
721 801 1330679885856 720 800 13 1
721 801 1330679885886 720 800 13 1
721 801 1330679885916 720 800 13 1
721 801 1330679885946 720 800 13 1
721 801 1330679885976 720 800 13 1
721 801 1330679886006 720 800 13 1
721 801 1330679886036 720 800 13 1
721 801 1330679886066 720 800 13 1
721 801 1330679886096 720 800 13 1
721 801 1330679886126 720 800 13 1
721 801 1330679886156 720 800 13 1
721 801 1330679886186 720 800 13 1
721 801 1330679886216 320 800 33 0
721 801 1330679886246 320 800 33 0
721 801 1330679886276 320 800 33 0
721 801 1330679886306 320 800 33 0
721 801 1330679886336 320 800 33 0
721 801 1330679886366 320 800 33 0
721 801 1330679886396 320 800 33 0
719 802 1330679886426 320 800 33 0
714 804 1330679886456 320 800 33 0
685 809 1330679886486 320 800 33 0
653 813 1330679886516 320 800 33 0
597 820 1330679886546 320 800 33 0
541 825 1330679886576 320 800 33 0
489 829 1330679886606 320 800 33 0
448 832 1330679886636 320 800 33 0
418 833 1330679886666 320 800 33 0
402 830 1330679886696 320 800 33 0
399 823 1330679886726 320 800 33 0
400 818 1330679886756 320 800 33 0
401 817 1330679886786 320 800 33 0
395 817 1330679886816 320 800 33 0
377 822 1330679886846 320 800 33 0
351 828 1330679886876 320 800 33 0
333 832 1330679886906 320 800 33 0
328 831 1330679886936 320 800 33 0
332 824 1330679886966 320 800 33 0
339 816 1330679886996 320 800 33 0
341 815 1330679887026 320 800 33 0
341 815 1330679887056 320 800 33 0
340 813 1330679887086 320 800 33 0
339 811 1330679887116 320 800 33 1
337 807 1330679887146 320 800 33 1
334 805 1330679887176 320 800 33 1
329 805 1330679887206 320 800 33 1
323 805 1330679887236 320 800 33 1
319 806 1330679887266 320 800 33 1
319 806 1330679887296 320 800 33 1
319 806 1330679887326 320 800 33 1
319 806 1330679887356 320 800 33 1
319 806 1330679887386 320 800 33 1
319 806 1330679887416 320 800 33 1
319 806 1330679887446 320 800 33 1
319 806 1330679887476 320 800 33 1
319 806 1330679887506 320 800 33 1
319 806 1330679887536 320 800 33 1
319 806 1330679887566 320 800 33 1
319 806 1330679887596 320 800 33 1
319 806 1330679887626 320 800 33 1
319 806 1330679887656 320 800 33 1
319 806 1330679887686 320 800 33 1
319 806 1330679887716 320 800 33 1
319 806 1330679887746 320 800 33 1
319 806 1330679887776 320 800 33 1
319 806 1330679887806 320 800 33 1
319 806 1330679887836 320 800 33 1
319 806 1330679887866 320 800 33 1
319 806 1330679887896 320 800 33 1
319 806 1330679887926 320 800 33 1
319 806 1330679887956 320 800 33 1
319 806 1330679887986 320 800 33 1
319 806 1330679888016 320 800 33 1
319 806 1330679888046 320 800 33 1
319 806 1330679888076 320 800 33 1
319 806 1330679888106 320 800 33 1
319 806 1330679888136 720 800 36 0
319 806 1330679888166 720 800 36 0
319 806 1330679888196 720 800 36 0
319 806 1330679888226 720 800 36 0
319 806 1330679888256 720 800 36 0
320 805 1330679888286 720 800 36 0
320 805 1330679888316 720 800 36 0
322 805 1330679888346 720 800 36 0
329 804 1330679888376 720 800 36 0
359 800 1330679888406 720 800 36 0
388 797 1330679888436 720 800 36 0
452 789 1330679888466 720 800 36 0
497 784 1330679888496 720 800 36 0
570 780 1330679888526 720 800 36 0
608 778 1330679888556 720 800 36 0
652 777 1330679888586 720 800 36 0
668 779 1330679888616 720 800 36 0
689 783 1330679888646 720 800 36 0
699 786 1330679888676 720 800 36 1
712 793 1330679888706 720 800 36 1
722 797 1330679888736 720 800 36 1
743 800 1330679888766 720 800 36 1
749 801 1330679888796 720 800 36 0
746 804 1330679888826 720 800 36 1
741 806 1330679888856 720 800 36 1
733 806 1330679888886 720 800 36 1
728 805 1330679888916 720 800 36 1
726 803 1330679888946 720 800 36 1
724 802 1330679888976 720 800 36 1
721 802 1330679889006 720 800 36 1
719 802 1330679889036 720 800 36 1
719 802 1330679889066 720 800 36 1
719 802 1330679889096 720 800 36 1
719 802 1330679889126 720 800 36 1
719 802 1330679889156 720 800 36 1
719 802 1330679889186 720 800 36 1
719 802 1330679889216 720 800 36 1
719 802 1330679889246 720 800 36 1
719 802 1330679889276 720 800 36 1
719 802 1330679889306 720 800 36 1
719 802 1330679889336 720 800 36 1
719 802 1330679889366 720 800 36 1
719 802 1330679889396 720 800 36 1
719 802 1330679889426 720 800 36 1
719 802 1330679889456 720 800 36 1
719 802 1330679889486 720 800 36 1
719 802 1330679889516 720 800 36 1
719 802 1330679889546 720 800 36 1
719 802 1330679889576 720 800 36 1
719 802 1330679889606 720 800 36 1
719 802 1330679889636 720 800 36 1
719 802 1330679889666 720 800 36 1
719 802 1330679889696 720 800 36 1
719 802 1330679889726 720 800 36 1
719 802 1330679889756 720 800 36 1
719 802 1330679889786 720 800 36 1
719 802 1330679889816 720 800 36 1
719 802 1330679889846 437 517 31 0
719 802 1330679889876 437 517 31 0
719 802 1330679889906 437 517 31 0
719 802 1330679889936 437 517 31 0
719 802 1330679889966 437 517 31 0
719 802 1330679889996 437 517 31 0
719 802 1330679890026 437 517 31 0
719 802 1330679890056 437 517 31 0
719 802 1330679890086 437 517 31 0
715 796 1330679890116 437 517 31 0
699 782 1330679890146 437 517 31 0
669 758 1330679890176 437 517 31 0
628 723 1330679890206 437 517 31 0
587 680 1330679890236 437 517 31 0
552 638 1330679890266 437 517 31 0
522 601 1330679890296 437 517 31 0
502 573 1330679890326 437 517 31 0
491 553 1330679890356 437 517 31 0
482 540 1330679890386 437 517 31 0
474 532 1330679890416 437 517 31 0
465 526 1330679890446 437 517 31 0
456 523 1330679890476 437 517 31 1
449 521 1330679890506 437 517 31 1
447 520 1330679890536 437 517 31 1
447 520 1330679890566 437 517 31 1
447 520 1330679890596 437 517 31 1
447 520 1330679890626 437 517 31 1
447 520 1330679890656 437 517 31 1
447 520 1330679890686 437 517 31 1
447 520 1330679890716 437 517 31 1
447 520 1330679890746 437 517 31 1
447 520 1330679890776 437 517 31 1
447 520 1330679890806 437 517 31 1
447 520 1330679890836 437 517 31 1
447 520 1330679890866 437 517 31 1
447 520 1330679890896 437 517 31 1
447 520 1330679890926 437 517 31 1
446 519 1330679890956 437 517 31 1
445 519 1330679890986 437 517 31 1
443 518 1330679891016 437 517 31 1
441 518 1330679891046 437 517 31 1
440 518 1330679891076 437 517 31 1
440 518 1330679891106 437 517 31 1
440 518 1330679891136 437 517 31 1
439 518 1330679891166 437 517 31 1
439 518 1330679891196 437 517 31 1
439 518 1330679891226 437 517 31 1
439 518 1330679891256 437 517 31 1
439 518 1330679891286 437 517 31 1
439 518 1330679891316 437 517 31 1
439 518 1330679891346 437 517 31 1
439 518 1330679891376 437 517 31 1
439 518 1330679891406 437 517 31 1
439 518 1330679891436 437 517 31 1
439 518 1330679891466 437 517 31 1
439 518 1330679891496 437 517 31 1
439 518 1330679891526 720 800 37 0
439 518 1330679891556 720 800 37 0
439 518 1330679891586 720 800 37 0
439 518 1330679891616 720 800 37 0
439 518 1330679891646 720 800 37 0
439 518 1330679891676 720 800 37 0
439 518 1330679891706 720 800 37 0
439 518 1330679891736 720 800 37 0
446 525 1330679891766 720 800 37 0
462 540 1330679891796 720 800 37 0
485 565 1330679891826 720 800 37 0
514 600 1330679891856 720 800 37 0
550 642 1330679891886 720 800 37 0
591 686 1330679891916 720 800 37 0
633 730 1330679891946 720 800 37 0
669 769 1330679891976 720 800 37 0
694 800 1330679892006 720 800 37 1
707 819 1330679892036 720 800 37 1
712 828 1330679892066 720 800 37 0
712 828 1330679892096 720 800 37 0
712 828 1330679892126 720 800 37 0
712 826 1330679892156 720 800 37 1
712 820 1330679892186 720 800 37 1
711 815 1330679892216 720 800 37 1
710 811 1330679892246 720 800 37 1
712 806 1330679892276 720 800 37 1
716 800 1330679892306 720 800 37 1
717 799 1330679892336 720 800 37 1
718 798 1330679892366 720 800 37 1
718 798 1330679892396 720 800 37 1
718 798 1330679892426 720 800 37 1
718 798 1330679892456 720 800 37 1
718 798 1330679892486 720 800 37 1
718 798 1330679892516 720 800 37 1
718 798 1330679892546 720 800 37 1
718 798 1330679892576 720 800 37 1
718 798 1330679892606 720 800 37 1
718 798 1330679892636 720 800 37 1
718 798 1330679892666 720 800 37 1
718 798 1330679892696 720 800 37 1
718 798 1330679892726 720 800 37 1
718 798 1330679892756 720 800 37 1
718 798 1330679892786 720 800 37 1
718 798 1330679892816 720 800 37 1
718 798 1330679892846 720 800 37 1
718 798 1330679892876 720 800 37 1
718 798 1330679892906 720 800 37 1
718 798 1330679892936 720 800 37 1
718 798 1330679892966 720 800 37 1
718 798 1330679892996 720 800 37 1
718 798 1330679893026 720 800 37 1
718 798 1330679893056 720 800 37 1
718 798 1330679893086 720 800 37 1
718 798 1330679893116 720 800 37 1
718 798 1330679893146 720 800 37 1
718 798 1330679893176 720 400 32 0
718 798 1330679893206 720 400 32 0
718 798 1330679893236 720 400 32 0
718 798 1330679893266 720 400 32 0
718 798 1330679893296 720 400 32 0
718 798 1330679893326 720 400 32 0
718 798 1330679893356 720 400 32 0
718 796 1330679893386 720 400 32 0
722 789 1330679893416 720 400 32 0
724 756 1330679893446 720 400 32 0
722 723 1330679893476 720 400 32 0
717 666 1330679893506 720 400 32 0
713 601 1330679893536 720 400 32 0
712 536 1330679893566 720 400 32 0
716 476 1330679893596 720 400 32 0
722 429 1330679893626 720 400 32 0
727 395 1330679893656 720 400 32 1
729 375 1330679893686 720 400 32 0
729 367 1330679893716 720 400 32 0
729 366 1330679893746 720 400 32 0
729 365 1330679893776 720 400 32 0
729 365 1330679893806 720 400 32 0
730 364 1330679893836 720 400 32 0
729 373 1330679893866 720 400 32 0
728 384 1330679893896 720 400 32 1
728 395 1330679893926 720 400 32 1
729 400 1330679893956 720 400 32 1
730 401 1330679893986 720 400 32 1
730 401 1330679894016 720 400 32 1
730 400 1330679894046 720 400 32 1
730 400 1330679894076 720 400 32 1
730 400 1330679894106 720 400 32 1
730 400 1330679894136 720 400 32 1
727 401 1330679894166 720 400 32 1
726 402 1330679894196 720 400 32 1
725 402 1330679894226 720 400 32 1
725 402 1330679894256 720 400 32 1
722 402 1330679894286 720 400 32 1
721 402 1330679894316 720 400 32 1
721 402 1330679894346 720 400 32 1
721 402 1330679894376 720 400 32 1
721 402 1330679894406 720 400 32 1
721 402 1330679894436 720 400 32 1
721 402 1330679894466 720 400 32 1
721 402 1330679894496 720 400 32 1
721 402 1330679894526 720 400 32 1
721 402 1330679894556 720 400 32 1
721 402 1330679894586 720 400 32 1
721 402 1330679894616 720 400 32 1
721 402 1330679894646 720 400 32 1
721 402 1330679894676 720 400 32 1
721 402 1330679894706 720 400 32 1
721 402 1330679894736 720 400 32 1
721 402 1330679894766 720 400 32 1
721 402 1330679894796 720 400 32 1
721 402 1330679894826 720 400 32 1
721 402 1330679894856 720 400 32 1
721 402 1330679894886 720 400 32 1
721 402 1330679894916 720 400 32 1
721 402 1330679894946 720 800 36 0
721 402 1330679894976 720 800 36 0
721 402 1330679895006 720 800 36 0
721 402 1330679895036 720 800 36 0
721 402 1330679895066 720 800 36 0
721 402 1330679895096 720 800 36 0
721 402 1330679895126 720 800 36 0
721 402 1330679895156 720 800 36 0
721 409 1330679895186 720 800 36 0
721 422 1330679895216 720 800 36 0
720 461 1330679895246 720 800 36 0
720 494 1330679895276 720 800 36 0
722 560 1330679895306 720 800 36 0
724 603 1330679895336 720 800 36 0
726 673 1330679895366 720 800 36 0
726 710 1330679895396 720 800 36 0
724 757 1330679895426 720 800 36 0
722 774 1330679895456 720 800 36 1
719 792 1330679895486 720 800 36 1
718 797 1330679895516 720 800 36 1
718 797 1330679895546 720 800 36 1
718 797 1330679895576 720 800 36 1
718 797 1330679895606 720 800 36 1
717 797 1330679895636 720 800 36 1
716 796 1330679895666 720 800 36 1
716 796 1330679895696 720 800 36 1
716 796 1330679895726 720 800 36 1
716 796 1330679895756 720 800 36 1
716 796 1330679895786 720 800 36 1
716 796 1330679895816 720 800 36 1
716 796 1330679895846 720 800 36 1
716 796 1330679895876 720 800 36 1
716 796 1330679895906 720 800 36 1
716 796 1330679895936 720 800 36 1
716 796 1330679895966 720 800 36 1
716 796 1330679895996 720 800 36 1
716 796 1330679896026 720 800 36 1
716 796 1330679896056 720 800 36 1
716 796 1330679896086 720 800 36 1
716 796 1330679896116 720 800 36 1
716 796 1330679896146 720 800 36 1
716 796 1330679896176 720 800 36 1
716 796 1330679896206 720 800 36 1
716 796 1330679896236 720 800 36 1
716 796 1330679896266 720 800 36 1
716 796 1330679896296 720 800 36 1
716 796 1330679896326 720 800 36 1
716 796 1330679896356 720 800 36 1
716 796 1330679896386 720 800 36 1
716 796 1330679896416 720 800 36 1
716 796 1330679896446 720 800 36 1
716 796 1330679896476 1003 517 34 0
716 796 1330679896506 1003 517 34 0
716 796 1330679896536 1003 517 34 0
716 796 1330679896566 1003 517 34 0
716 796 1330679896596 1003 517 34 0
716 796 1330679896626 1003 517 34 0
716 796 1330679896656 1003 517 34 0
716 796 1330679896686 1003 517 34 0
723 791 1330679896716 1003 517 34 0
742 779 1330679896746 1003 517 34 0
777 757 1330679896776 1003 517 34 0
829 723 1330679896806 1003 517 34 0
881 682 1330679896836 1003 517 34 0
918 643 1330679896866 1003 517 34 0
939 607 1330679896896 1003 517 34 0
947 582 1330679896926 1003 517 34 0
948 566 1330679896956 1003 517 34 0
950 557 1330679896986 1003 517 34 0
951 553 1330679897016 1003 517 34 0
958 550 1330679897046 1003 517 34 0
968 545 1330679897076 1003 517 34 0
978 538 1330679897106 1003 517 34 0
987 529 1330679897136 1003 517 34 1
994 521 1330679897166 1003 517 34 1
998 516 1330679897196 1003 517 34 1
999 514 1330679897226 1003 517 34 1
999 514 1330679897256 1003 517 34 1
999 514 1330679897286 1003 517 34 1
999 514 1330679897316 1003 517 34 1
999 514 1330679897346 1003 517 34 1
999 514 1330679897376 1003 517 34 1
999 514 1330679897406 1003 517 34 1
999 514 1330679897436 1003 517 34 1
999 514 1330679897466 1003 517 34 1
999 514 1330679897496 1003 517 34 1
999 514 1330679897526 1003 517 34 1
999 514 1330679897556 1003 517 34 1
999 514 1330679897586 1003 517 34 1
999 514 1330679897616 1003 517 34 1
999 514 1330679897646 1003 517 34 1
999 514 1330679897676 1003 517 34 1
999 514 1330679897706 1003 517 34 1
999 514 1330679897736 1003 517 34 1
999 514 1330679897766 1003 517 34 1
999 514 1330679897796 1003 517 34 1
999 514 1330679897826 1003 517 34 1
999 514 1330679897856 1003 517 34 1
999 514 1330679897886 1003 517 34 1
999 514 1330679897916 1003 517 34 1
999 514 1330679897946 1003 517 34 1
999 514 1330679897976 1003 517 34 1
999 514 1330679898006 1003 517 34 1
999 514 1330679898036 1003 517 34 1
999 514 1330679898066 1003 517 34 1
999 514 1330679898096 1003 517 34 1
999 514 1330679898126 1003 517 34 1
999 514 1330679898156 1003 517 34 1
999 514 1330679898186 720 800 34 0
999 514 1330679898216 720 800 34 0
999 514 1330679898246 720 800 34 0
999 514 1330679898276 720 800 34 0
999 514 1330679898306 720 800 34 0
999 514 1330679898336 720 800 34 0
999 514 1330679898366 720 800 34 0
999 515 1330679898396 720 800 34 0
987 527 1330679898426 720 800 34 0
961 549 1330679898456 720 800 34 0
920 582 1330679898486 720 800 34 0
875 623 1330679898516 720 800 34 0
830 668 1330679898546 720 800 34 0
786 712 1330679898576 720 800 34 0
753 748 1330679898606 720 800 34 0
736 772 1330679898636 720 800 34 0
725 789 1330679898666 720 800 34 1
720 798 1330679898696 720 800 34 1
720 798 1330679898726 720 800 34 1
720 798 1330679898756 720 800 34 1
720 798 1330679898786 720 800 34 1
720 798 1330679898816 720 800 34 1
720 798 1330679898846 720 800 34 1
720 798 1330679898876 720 800 34 1
720 798 1330679898906 720 800 34 1
720 798 1330679898936 720 800 34 1
720 798 1330679898966 720 800 34 1
720 798 1330679898996 720 800 34 1
720 798 1330679899026 720 800 34 1
720 798 1330679899056 720 800 34 1
720 798 1330679899086 720 800 34 1
720 798 1330679899116 720 800 34 1
720 798 1330679899146 720 800 34 1
720 798 1330679899176 720 800 34 1
720 798 1330679899206 720 800 34 1
720 798 1330679899236 720 800 34 1
720 798 1330679899266 720 800 34 1
720 798 1330679899296 720 800 34 1
720 798 1330679899326 720 800 34 1
720 798 1330679899356 720 800 34 1
720 798 1330679899386 720 800 34 1
720 798 1330679899416 720 800 34 1
720 798 1330679899446 720 800 34 1
720 798 1330679899476 720 800 34 1
720 798 1330679899506 720 800 34 1
720 798 1330679899536 720 800 34 1
720 798 1330679899566 720 800 34 1
720 798 1330679899596 720 800 34 1
720 798 1330679899626 720 800 34 1
720 798 1330679899656 720 800 34 1
720 798 1330679899687 1120 800 36 0
720 798 1330679899716 1120 800 36 0
720 798 1330679899746 1120 800 36 0
720 798 1330679899776 1120 800 36 0
720 798 1330679899806 1120 800 36 0
720 798 1330679899836 1120 800 36 0
720 798 1330679899866 1120 800 36 0
720 798 1330679899896 1120 800 36 0
720 798 1330679899926 1120 800 36 0
729 797 1330679899956 1120 800 36 0
764 795 1330679899986 1120 800 36 0
802 793 1330679900016 1120 800 36 0
888 792 1330679900046 1120 800 36 0
942 796 1330679900076 1120 800 36 0
1017 806 1330679900106 1120 800 36 0
1051 812 1330679900136 1120 800 36 0
1090 819 1330679900166 1120 800 36 0
1099 821 1330679900196 1120 800 36 0
1101 821 1330679900226 1120 800 36 0
1102 821 1330679900256 1120 800 36 0
1106 821 1330679900286 1120 800 36 1
1116 821 1330679900316 1120 800 36 1
1137 820 1330679900346 1120 800 36 1
1141 820 1330679900376 1120 800 36 0
1142 819 1330679900406 1120 800 36 0
1142 818 1330679900436 1120 800 36 0
1140 816 1330679900466 1120 800 36 1
1140 814 1330679900496 1120 800 36 1
1135 811 1330679900526 1120 800 36 1
1127 805 1330679900556 1120 800 36 1
1119 801 1330679900586 1120 800 36 1
1116 798 1330679900616 1120 800 36 1
1116 798 1330679900646 1120 800 36 1
1116 798 1330679900676 1120 800 36 1
1116 798 1330679900706 1120 800 36 1
1116 798 1330679900736 1120 800 36 1
1116 798 1330679900766 1120 800 36 1
1116 798 1330679900796 1120 800 36 1
1116 798 1330679900826 1120 800 36 1
1116 798 1330679900856 1120 800 36 1
1116 798 1330679900886 1120 800 36 1
1116 798 1330679900916 1120 800 36 1
1116 798 1330679900946 1120 800 36 1
1116 798 1330679900976 1120 800 36 1
1116 798 1330679901006 1120 800 36 1
1116 798 1330679901036 1120 800 36 1
1116 798 1330679901066 1120 800 36 1
1116 798 1330679901096 1120 800 36 1
1116 798 1330679901126 1120 800 36 1
1116 798 1330679901156 1120 800 36 1
1116 798 1330679901186 1120 800 36 1
1116 798 1330679901216 1120 800 36 1
1116 798 1330679901246 1120 800 36 1
1116 798 1330679901276 1120 800 36 1
1116 798 1330679901306 1120 800 36 1
1116 798 1330679901336 1120 800 36 1
1116 798 1330679901366 1120 800 36 1
1116 798 1330679901396 1120 800 36 1
1116 798 1330679901426 1120 800 36 1
1116 798 1330679901456 1120 800 36 1
1116 798 1330679901486 1120 800 36 1
1116 798 1330679901516 720 800 32 0
1116 798 1330679901546 720 800 32 0
1116 798 1330679901576 720 800 32 0
1116 798 1330679901606 720 800 32 0
1116 798 1330679901636 720 800 32 0
1116 798 1330679901666 720 800 32 0
1116 798 1330679901696 720 800 32 0
1116 798 1330679901726 720 800 32 0
1111 800 1330679901756 720 800 32 0
1080 803 1330679901786 720 800 32 0
1017 806 1330679901816 720 800 32 0
940 810 1330679901846 720 800 32 0
862 814 1330679901876 720 800 32 0
786 821 1330679901906 720 800 32 0
729 826 1330679901936 720 800 32 0
703 826 1330679901966 720 800 32 0
699 822 1330679901996 720 800 32 0
704 820 1330679902026 720 800 32 0
710 819 1330679902056 720 800 32 1
710 819 1330679902086 720 800 32 1
710 819 1330679902116 720 800 32 1
711 818 1330679902146 720 800 32 1
717 814 1330679902176 720 800 32 1
725 810 1330679902206 720 800 32 1
725 810 1330679902236 720 800 32 1
718 810 1330679902266 720 800 32 1
717 810 1330679902296 720 800 32 1
716 810 1330679902326 720 800 32 1
715 810 1330679902356 720 800 32 1
714 810 1330679902386 720 800 32 1
714 810 1330679902416 720 800 32 1
714 810 1330679902446 720 800 32 1
714 810 1330679902476 720 800 32 1
714 809 1330679902506 720 800 32 1
715 808 1330679902536 720 800 32 1
716 807 1330679902566 720 800 32 1
716 807 1330679902596 720 800 32 1
716 807 1330679902626 720 800 32 1
716 807 1330679902656 720 800 32 1
716 807 1330679902686 720 800 32 1
716 807 1330679902716 720 800 32 1
716 807 1330679902746 720 800 32 1
716 807 1330679902776 720 800 32 1
716 807 1330679902806 720 800 32 1
716 807 1330679902836 720 800 32 1
716 807 1330679902866 720 800 32 1
716 807 1330679902896 720 800 32 1
716 807 1330679902926 720 800 32 1
716 807 1330679902956 720 800 32 1
716 807 1330679902986 720 800 32 1
716 807 1330679903016 720 800 32 1
716 807 1330679903046 720 800 32 1
716 807 1330679903076 320 800 17 0
716 807 1330679903106 320 800 17 0
716 807 1330679903136 320 800 17 0
716 807 1330679903166 320 800 17 0
716 807 1330679903196 320 800 17 0
716 807 1330679903226 320 800 17 0
716 807 1330679903256 320 800 17 0
716 807 1330679903286 320 800 17 0
713 808 1330679903316 320 800 17 0
694 812 1330679903346 320 800 17 0
643 821 1330679903376 320 800 17 0
564 831 1330679903406 320 800 17 0
484 836 1330679903436 320 800 17 0
419 836 1330679903466 320 800 17 0
372 832 1330679903496 320 800 17 0
342 826 1330679903526 320 800 17 0
323 818 1330679903556 320 800 17 0
314 807 1330679903586 320 800 17 0
314 797 1330679903616 320 800 17 1
318 790 1330679903646 320 800 17 0
320 787 1330679903676 320 800 17 0
322 787 1330679903706 320 800 17 0
322 787 1330679903736 320 800 17 0
322 787 1330679903766 320 800 17 0
322 787 1330679903796 320 800 17 0
322 789 1330679903826 320 800 17 0
321 794 1330679903856 320 800 17 1
320 799 1330679903886 320 800 17 1
320 799 1330679903916 320 800 17 1
320 799 1330679903946 320 800 17 1
320 799 1330679903976 320 800 17 1
320 799 1330679904006 320 800 17 1
320 799 1330679904036 320 800 17 1
320 799 1330679904066 320 800 17 1
320 799 1330679904096 320 800 17 1
320 799 1330679904126 320 800 17 1
320 799 1330679904156 320 800 17 1
320 799 1330679904186 320 800 17 1
320 799 1330679904216 320 800 17 1
320 799 1330679904246 320 800 17 1
320 799 1330679904276 320 800 17 1
320 799 1330679904306 320 800 17 1
320 799 1330679904336 320 800 17 1
320 799 1330679904366 320 800 17 1
320 799 1330679904396 320 800 17 1
320 799 1330679904426 320 800 17 1
320 799 1330679904456 320 800 17 1
320 799 1330679904486 320 800 17 1
320 799 1330679904516 320 800 17 1
320 799 1330679904546 320 800 17 1
320 799 1330679904576 320 800 17 1
320 799 1330679904606 320 800 17 1
320 799 1330679904636 320 800 17 1
320 799 1330679904666 320 800 17 1
320 799 1330679904696 320 800 17 1
320 799 1330679904726 320 800 17 1
319 798 1330679904756 320 800 17 1
319 798 1330679904786 320 800 17 1
319 798 1330679904816 320 800 17 1
319 798 1330679904846 320 800 17 1
319 798 1330679904876 320 800 17 1
319 798 1330679904906 720 800 18 0
319 798 1330679904936 720 800 18 0
319 798 1330679904966 720 800 18 0
319 798 1330679904996 720 800 18 0
319 798 1330679905026 720 800 18 0
319 798 1330679905056 720 800 18 0
319 798 1330679905086 720 800 18 0
319 798 1330679905116 720 800 18 0
331 798 1330679905146 720 800 18 0
366 794 1330679905176 720 800 18 0
435 785 1330679905206 720 800 18 0
529 777 1330679905236 720 800 18 0
634 774 1330679905266 720 800 18 0
727 776 1330679905296 720 800 18 0
780 780 1330679905326 720 800 18 0
790 784 1330679905356 720 800 18 0
778 786 1330679905386 720 800 18 0
756 787 1330679905416 720 800 18 0
740 788 1330679905446 720 800 18 0
739 789 1330679905476 720 800 18 0
741 792 1330679905506 720 800 18 0
742 793 1330679905536 720 800 18 0
742 793 1330679905566 720 800 18 0
742 793 1330679905596 720 800 18 0
737 793 1330679905626 720 800 18 0
731 793 1330679905656 720 800 18 0
730 793 1330679905686 720 800 18 0
730 793 1330679905716 720 800 18 0
730 793 1330679905746 720 800 18 0
730 794 1330679905776 720 800 18 0
729 796 1330679905806 720 800 18 0
729 796 1330679905836 720 800 18 0
728 797 1330679905866 720 800 18 1
725 799 1330679905896 720 800 18 1
723 799 1330679905926 720 800 18 1
723 799 1330679905956 720 800 18 1
723 799 1330679905986 720 800 18 1
723 799 1330679906016 720 800 18 1
723 799 1330679906046 720 800 18 1
723 799 1330679906076 720 800 18 1
723 799 1330679906106 720 800 18 1
723 799 1330679906136 720 800 18 1
723 799 1330679906166 720 800 18 1
723 799 1330679906196 720 800 18 1
723 799 1330679906226 720 800 18 1
723 799 1330679906256 720 800 18 1
723 799 1330679906286 720 800 18 1
723 799 1330679906316 720 800 18 1
723 799 1330679906346 720 800 18 1
723 799 1330679906376 720 800 18 1
723 799 1330679906406 720 800 18 1
723 799 1330679906436 720 800 18 1
723 799 1330679906466 720 800 18 1
723 799 1330679906496 720 800 18 1
723 799 1330679906526 720 800 18 1
723 799 1330679906556 720 800 18 1
723 799 1330679906586 720 800 18 1
723 799 1330679906616 720 800 18 1
723 799 1330679906646 720 800 18 1
723 799 1330679906676 720 800 18 1
723 799 1330679906706 720 800 18 1
723 799 1330679906736 720 800 18 1
723 799 1330679906766 720 800 18 1
723 799 1330679906796 720 800 18 1
723 799 1330679906826 720 800 18 1
723 799 1330679906856 720 800 18 1
723 799 1330679906886 720 800 18 1
723 799 1330679906916 437 517 17 0
723 799 1330679906946 437 517 17 0
723 799 1330679906976 437 517 17 0
723 799 1330679907006 437 517 17 0
723 799 1330679907036 437 517 17 0
723 799 1330679907066 437 517 17 0
723 799 1330679907096 437 517 17 0
723 799 1330679907126 437 517 17 0
721 796 1330679907156 437 517 17 0
712 779 1330679907186 437 517 17 0
697 761 1330679907216 437 517 17 0
652 719 1330679907246 437 517 17 0
617 686 1330679907276 437 517 17 0
569 638 1330679907306 437 517 17 0
526 593 1330679907336 437 517 17 0
494 554 1330679907366 437 517 17 0
470 527 1330679907396 437 517 17 0
455 511 1330679907426 437 517 17 0
448 504 1330679907456 437 517 17 0
444 503 1330679907486 437 517 17 0
444 503 1330679907516 437 517 17 0
445 506 1330679907546 437 517 17 0
446 511 1330679907576 437 517 17 0
446 512 1330679907606 437 517 17 0
446 512 1330679907636 437 517 17 0
442 516 1330679907666 437 517 17 1
440 517 1330679907696 437 517 17 1
440 517 1330679907726 437 517 17 1
440 517 1330679907756 437 517 17 1
440 517 1330679907786 437 517 17 1
440 517 1330679907816 437 517 17 1
440 517 1330679907846 437 517 17 1
440 517 1330679907876 437 517 17 1
440 517 1330679907906 437 517 17 1
440 517 1330679907936 437 517 17 1
440 517 1330679907966 437 517 17 1
440 517 1330679907996 437 517 17 1
440 517 1330679908026 437 517 17 1
440 517 1330679908056 437 517 17 1
440 517 1330679908086 437 517 17 1
440 517 1330679908116 437 517 17 1
440 517 1330679908146 437 517 17 1
440 517 1330679908176 437 517 17 1
440 517 1330679908206 437 517 17 1
440 517 1330679908236 437 517 17 1
440 517 1330679908266 437 517 17 1
440 517 1330679908296 437 517 17 1
440 517 1330679908326 437 517 17 1
440 517 1330679908356 437 517 17 1
440 517 1330679908386 437 517 17 1
440 517 1330679908416 437 517 17 1
440 517 1330679908446 437 517 17 1
440 517 1330679908476 437 517 17 1
440 517 1330679908506 437 517 17 1
440 517 1330679908536 437 517 17 1
440 517 1330679908566 437 517 17 1
440 517 1330679908596 437 517 17 1
440 517 1330679908626 437 517 17 1
440 517 1330679908656 720 800 18 0
440 517 1330679908686 720 800 18 0
440 517 1330679908716 720 800 18 0
440 517 1330679908746 720 800 18 0
440 517 1330679908776 720 800 18 0
440 517 1330679908806 720 800 18 0
440 517 1330679908836 720 800 18 0
440 517 1330679908866 720 800 18 0
440 517 1330679908896 720 800 18 0
449 523 1330679908926 720 800 18 0
467 538 1330679908956 720 800 18 0
494 564 1330679908986 720 800 18 0
519 591 1330679909016 720 800 18 0
568 648 1330679909046 720 800 18 0
599 686 1330679909076 720 800 18 0
645 743 1330679909106 720 800 18 0
666 770 1330679909136 720 800 18 0
687 798 1330679909166 720 800 18 0
692 805 1330679909196 720 800 18 0
695 808 1330679909226 720 800 18 0
695 808 1330679909256 720 800 18 0
695 803 1330679909286 720 800 18 0
695 799 1330679909316 720 800 18 0
695 795 1330679909346 720 800 18 0
699 793 1330679909376 720 800 18 0
712 789 1330679909406 720 800 18 0
717 788 1330679909436 720 800 18 0
718 791 1330679909466 720 800 18 0
717 792 1330679909496 720 800 18 1
717 792 1330679909526 720 800 18 1
717 792 1330679909556 720 800 18 1
717 793 1330679909586 720 800 18 1
717 793 1330679909616 720 800 18 1
717 793 1330679909646 720 800 18 1
717 793 1330679909676 720 800 18 1
717 793 1330679909706 720 800 18 1
719 795 1330679909736 720 800 18 1
721 796 1330679909766 720 800 18 1
721 796 1330679909796 720 800 18 1
721 796 1330679909826 720 800 18 1
721 796 1330679909856 720 800 18 1
721 796 1330679909886 720 800 18 1
721 796 1330679909916 720 800 18 1
721 796 1330679909946 720 800 18 1
721 796 1330679909976 720 800 18 1
721 796 1330679910006 720 800 18 1
721 796 1330679910036 720 800 18 1
721 796 1330679910066 720 800 18 1
721 796 1330679910096 720 800 18 1
721 796 1330679910126 720 800 18 1
721 796 1330679910156 720 800 18 1
721 796 1330679910186 720 800 18 1
721 796 1330679910216 720 800 18 1
721 796 1330679910246 720 800 18 1
721 796 1330679910276 720 800 18 1
721 797 1330679910306 720 800 18 1
721 797 1330679910336 720 800 18 1
721 798 1330679910366 720 800 18 1
721 798 1330679910396 720 800 18 1
721 798 1330679910426 720 800 18 1
721 798 1330679910456 720 800 18 1
721 798 1330679910486 720 800 18 1
721 798 1330679910516 720 400 17 0
721 798 1330679910546 720 400 17 0
721 798 1330679910576 720 400 17 0
721 798 1330679910606 720 400 17 0
721 798 1330679910636 720 400 17 0
721 798 1330679910666 720 400 17 0
721 798 1330679910696 720 400 17 0
721 798 1330679910726 720 400 17 0
721 798 1330679910756 720 400 17 0
721 798 1330679910786 720 400 17 0
720 797 1330679910816 720 400 17 0
720 795 1330679910846 720 400 17 0
721 783 1330679910876 720 400 17 0
724 763 1330679910906 720 400 17 0
728 731 1330679910936 720 400 17 0
729 687 1330679910966 720 400 17 0
728 637 1330679910996 720 400 17 0
725 584 1330679911026 720 400 17 0
726 528 1330679911056 720 400 17 0
728 490 1330679911086 720 400 17 0
730 444 1330679911116 720 400 17 0
731 425 1330679911146 720 400 17 0
731 420 1330679911176 720 400 17 0
732 423 1330679911206 720 400 17 0
734 430 1330679911236 720 400 17 0
735 434 1330679911266 720 400 17 0
735 434 1330679911296 720 400 17 0
734 431 1330679911326 720 400 17 0
731 426 1330679911356 720 400 17 0
725 417 1330679911386 720 400 17 0
722 413 1330679911416 720 400 17 0
721 408 1330679911446 720 400 17 0
721 408 1330679911476 720 400 17 0
721 408 1330679911506 720 400 17 0
721 408 1330679911536 720 400 17 0
721 408 1330679911566 720 400 17 0
721 408 1330679911596 720 400 17 0
721 408 1330679911626 720 400 17 0
721 408 1330679911656 720 400 17 0
720 405 1330679911686 720 400 17 1
721 401 1330679911716 720 400 17 1
721 400 1330679911746 720 400 17 1
721 400 1330679911776 720 400 17 1
721 400 1330679911806 720 400 17 1
721 400 1330679911836 720 400 17 1
721 400 1330679911866 720 400 17 1
721 400 1330679911896 720 400 17 1
721 400 1330679911926 720 400 17 1
721 400 1330679911956 720 400 17 1
721 400 1330679911986 720 400 17 1
721 400 1330679912016 720 400 17 1
721 400 1330679912046 720 400 17 1
721 400 1330679912076 720 400 17 1
721 400 1330679912106 720 400 17 1
721 400 1330679912136 720 400 17 1
721 400 1330679912166 720 400 17 1
721 400 1330679912196 720 400 17 1
721 400 1330679912226 720 400 17 1
721 400 1330679912256 720 400 17 1
721 400 1330679912286 720 400 17 1
721 400 1330679912316 720 400 17 1
721 400 1330679912346 720 400 17 1
721 400 1330679912376 720 400 17 1
721 400 1330679912406 720 400 17 1
721 400 1330679912436 720 400 17 1
721 400 1330679912466 720 400 17 1
721 400 1330679912496 720 400 17 1
721 400 1330679912526 720 400 17 1
721 400 1330679912556 720 400 17 1
721 400 1330679912586 720 400 17 1
721 400 1330679912616 720 400 17 1
721 400 1330679912646 720 400 17 1
721 400 1330679912676 720 800 18 0
721 400 1330679912706 720 800 18 0
721 400 1330679912736 720 800 18 0
721 400 1330679912766 720 800 18 0
721 400 1330679912796 720 800 18 0
721 400 1330679912826 720 800 18 0
721 400 1330679912856 720 800 18 0
721 400 1330679912886 720 800 18 0
721 400 1330679912916 720 800 18 0
722 406 1330679912946 720 800 18 0
723 421 1330679912976 720 800 18 0
723 447 1330679913006 720 800 18 0
719 487 1330679913036 720 800 18 0
715 536 1330679913066 720 800 18 0
715 588 1330679913096 720 800 18 0
718 640 1330679913126 720 800 18 0
724 688 1330679913156 720 800 18 0
730 729 1330679913186 720 800 18 0
733 765 1330679913216 720 800 18 0
735 791 1330679913246 720 800 18 0
735 807 1330679913276 720 800 18 0
735 813 1330679913306 720 800 18 0
729 821 1330679913336 720 800 18 0
727 822 1330679913366 720 800 18 0
725 823 1330679913396 720 800 18 0
725 823 1330679913426 720 800 18 0
724 821 1330679913456 720 800 18 0
723 816 1330679913486 720 800 18 0
723 812 1330679913516 720 800 18 0
723 806 1330679913546 720 800 18 1
723 802 1330679913576 720 800 18 1
723 801 1330679913606 720 800 18 1
723 801 1330679913636 720 800 18 1
723 801 1330679913666 720 800 18 1
723 801 1330679913696 720 800 18 1
723 801 1330679913726 720 800 18 1
723 801 1330679913756 720 800 18 1
723 801 1330679913786 720 800 18 1
723 801 1330679913816 720 800 18 1
723 801 1330679913846 720 800 18 1
723 801 1330679913876 720 800 18 1
723 801 1330679913906 720 800 18 1
723 801 1330679913936 720 800 18 1
723 801 1330679913966 720 800 18 1
723 801 1330679913996 720 800 18 1
723 801 1330679914026 720 800 18 1
723 801 1330679914056 720 800 18 1
723 801 1330679914086 720 800 18 1
723 801 1330679914116 720 800 18 1
723 801 1330679914146 720 800 18 1
723 801 1330679914176 720 800 18 1
723 801 1330679914206 720 800 18 1
723 801 1330679914236 720 800 18 1
723 801 1330679914266 720 800 18 1
723 801 1330679914296 720 800 18 1
723 801 1330679914326 720 800 18 1
723 801 1330679914356 720 800 18 1
723 801 1330679914386 720 800 18 1
723 801 1330679914416 720 800 18 1
723 801 1330679914446 720 800 18 1
723 801 1330679914476 720 800 18 1
723 801 1330679914506 720 800 18 1
723 801 1330679914536 720 800 18 1
723 801 1330679914566 720 800 18 1
723 801 1330679914596 1003 517 18 0
723 801 1330679914626 1003 517 18 0
723 801 1330679914656 1003 517 18 0
723 801 1330679914686 1003 517 18 0
723 801 1330679914716 1003 517 18 0
723 801 1330679914746 1003 517 18 0
723 801 1330679914776 1003 517 18 0
723 801 1330679914806 1003 517 18 0
729 796 1330679914836 1003 517 18 0
743 786 1330679914866 1003 517 18 0
767 767 1330679914896 1003 517 18 0
800 739 1330679914926 1003 517 18 0
834 706 1330679914956 1003 517 18 0
866 670 1330679914986 1003 517 18 0
897 633 1330679915016 1003 517 18 0
920 601 1330679915046 1003 517 18 0
932 577 1330679915076 1003 517 18 0
943 560 1330679915106 1003 517 18 0
952 548 1330679915136 1003 517 18 0
958 541 1330679915166 1003 517 18 0
965 535 1330679915196 1003 517 18 0
972 530 1330679915226 1003 517 18 0
975 528 1330679915256 1003 517 18 0
982 525 1330679915286 1003 517 18 0
986 523 1330679915316 1003 517 18 0
987 522 1330679915346 1003 517 18 0
987 522 1330679915376 1003 517 18 0
987 522 1330679915406 1003 517 18 0
990 521 1330679915436 1003 517 18 0
992 521 1330679915466 1003 517 18 0
993 521 1330679915496 1003 517 18 0
993 521 1330679915526 1003 517 18 0
1000 520 1330679915556 1003 517 18 1
1002 520 1330679915586 1003 517 18 1
1002 520 1330679915616 1003 517 18 1
1002 520 1330679915646 1003 517 18 1
1002 520 1330679915676 1003 517 18 1
1002 520 1330679915706 1003 517 18 1
1002 520 1330679915736 1003 517 18 1
1002 520 1330679915766 1003 517 18 1
1002 520 1330679915796 1003 517 18 1
1002 520 1330679915826 1003 517 18 1
1002 520 1330679915856 1003 517 18 1
1002 520 1330679915886 1003 517 18 1
1002 520 1330679915916 1003 517 18 1
1002 520 1330679915946 1003 517 18 1
1002 520 1330679915976 1003 517 18 1
1002 520 1330679916006 1003 517 18 1
1002 520 1330679916036 1003 517 18 1
1002 520 1330679916066 1003 517 18 1
1002 520 1330679916096 1003 517 18 1
1002 520 1330679916126 1003 517 18 1
1002 520 1330679916156 1003 517 18 1
1002 520 1330679916186 1003 517 18 1
1002 520 1330679916216 1003 517 18 1
1002 520 1330679916246 1003 517 18 1
1002 520 1330679916276 1003 517 18 1
1002 520 1330679916306 1003 517 18 1
1002 520 1330679916336 1003 517 18 1
1002 520 1330679916366 1003 517 18 1
1002 520 1330679916396 1003 517 18 1
1002 520 1330679916426 1003 517 18 1
1002 520 1330679916456 1003 517 18 1
1002 520 1330679916486 1003 517 18 1
1002 520 1330679916516 1003 517 18 1
1002 520 1330679916546 720 800 18 0
1002 520 1330679916576 720 800 18 0
1002 520 1330679916606 720 800 18 0
1002 520 1330679916636 720 800 18 0
1002 520 1330679916666 720 800 18 0
1002 520 1330679916696 720 800 18 0
1002 520 1330679916726 720 800 18 0
1002 520 1330679916756 720 800 18 0
995 526 1330679916786 720 800 18 0
977 539 1330679916816 720 800 18 0
944 561 1330679916846 720 800 18 0
901 591 1330679916876 720 800 18 0
855 625 1330679916906 720 800 18 0
808 660 1330679916936 720 800 18 0
765 696 1330679916966 720 800 18 0
731 727 1330679916996 720 800 18 0
706 752 1330679917026 720 800 18 0
690 772 1330679917056 720 800 18 0
685 783 1330679917086 720 800 18 0
688 787 1330679917116 720 800 18 0
695 790 1330679917146 720 800 18 0
702 792 1330679917176 720 800 18 0
708 793 1330679917206 720 800 18 0
712 795 1330679917236 720 800 18 0
715 799 1330679917266 720 800 18 1
717 801 1330679917296 720 800 18 1
718 802 1330679917326 720 800 18 1
720 802 1330679917356 720 800 18 1
720 802 1330679917386 720 800 18 1
720 802 1330679917416 720 800 18 1
720 802 1330679917446 720 800 18 1
720 802 1330679917476 720 800 18 1
720 802 1330679917506 720 800 18 1
720 802 1330679917536 720 800 18 1
720 802 1330679917566 720 800 18 1
720 802 1330679917596 720 800 18 1
720 802 1330679917626 720 800 18 1
720 802 1330679917656 720 800 18 1
720 802 1330679917686 720 800 18 1
720 802 1330679917716 720 800 18 1
720 802 1330679917746 720 800 18 1
720 802 1330679917776 720 800 18 1
720 802 1330679917806 720 800 18 1
720 802 1330679917836 720 800 18 1
720 802 1330679917866 720 800 18 1
720 802 1330679917896 720 800 18 1
720 802 1330679917926 720 800 18 1
720 802 1330679917956 720 800 18 1
720 802 1330679917986 720 800 18 1
720 802 1330679918016 720 800 18 1
720 802 1330679918046 720 800 18 1
720 802 1330679918076 720 800 18 1
720 802 1330679918106 720 800 18 1
720 802 1330679918136 720 800 18 1
720 802 1330679918166 720 800 18 1
720 802 1330679918196 720 800 18 1
720 802 1330679918226 720 800 18 1
720 802 1330679918256 720 800 18 1
720 802 1330679918286 1120 800 18 0
720 802 1330679918316 1120 800 18 0
720 802 1330679918346 1120 800 18 0
720 802 1330679918376 1120 800 18 0
720 802 1330679918406 1120 800 18 0
720 802 1330679918436 1120 800 18 0
720 802 1330679918466 1120 800 18 0
720 802 1330679918496 1120 800 18 0
731 800 1330679918526 1120 800 18 0
753 797 1330679918556 1120 800 18 0
818 790 1330679918586 1120 800 18 0
865 789 1330679918616 1120 800 18 0
942 797 1330679918646 1120 800 18 0
983 805 1330679918676 1120 800 18 0
1037 821 1330679918706 1120 800 18 0
1055 828 1330679918736 1120 800 18 0
1067 835 1330679918766 1120 800 18 0
1070 837 1330679918796 1120 800 18 0
1071 837 1330679918826 1120 800 18 0
1075 836 1330679918856 1120 800 18 0
1089 830 1330679918886 1120 800 18 0
1106 824 1330679918916 1120 800 18 0
1113 818 1330679918946 1120 800 18 0
1115 813 1330679918976 1120 800 18 0
1116 810 1330679919006 1120 800 18 0
1116 806 1330679919036 1120 800 18 1
1116 805 1330679919066 1120 800 18 1
1116 805 1330679919096 1120 800 18 1
1116 805 1330679919126 1120 800 18 1
1116 805 1330679919156 1120 800 18 1
1116 805 1330679919186 1120 800 18 1
1116 805 1330679919216 1120 800 18 1
1116 805 1330679919246 1120 800 18 1
1116 805 1330679919276 1120 800 18 1
1118 804 1330679919306 1120 800 18 1
1119 803 1330679919336 1120 800 18 1
1122 800 1330679919366 1120 800 18 1
1124 799 1330679919396 1120 800 18 1
1124 799 1330679919426 1120 800 18 1
1124 799 1330679919456 1120 800 18 1
1124 798 1330679919486 1120 800 18 1
1124 798 1330679919516 1120 800 18 1
1124 798 1330679919546 1120 800 18 1
1124 798 1330679919576 1120 800 18 1
1124 798 1330679919606 1120 800 18 1
1124 798 1330679919636 1120 800 18 1
1124 798 1330679919666 1120 800 18 1
1124 799 1330679919696 1120 800 18 1
1124 799 1330679919726 1120 800 18 1
1124 799 1330679919756 1120 800 18 1
1124 799 1330679919786 1120 800 18 1
1124 799 1330679919816 1120 800 18 1
1124 799 1330679919846 1120 800 18 1
1124 799 1330679919876 1120 800 18 1
1124 799 1330679919906 1120 800 18 1
1124 799 1330679919936 1120 800 18 1
1124 799 1330679919966 1120 800 18 1
1124 799 1330679919996 1120 800 18 1
1124 799 1330679920026 1120 800 18 1
1124 799 1330679920056 1120 800 18 1
1124 799 1330679920086 720 800 17 0
1124 799 1330679920116 720 800 17 0
1124 799 1330679920146 720 800 17 0
1124 799 1330679920176 720 800 17 0
1124 799 1330679920206 720 800 17 0
1124 799 1330679920236 720 800 17 0
1122 799 1330679920266 720 800 17 0
1111 800 1330679920296 720 800 17 0
1080 799 1330679920326 720 800 17 0
1031 794 1330679920356 720 800 17 0
975 787 1330679920386 720 800 17 0
912 780 1330679920416 720 800 17 0
848 774 1330679920446 720 800 17 0
793 770 1330679920476 720 800 17 0
753 767 1330679920506 720 800 17 0
733 764 1330679920536 720 800 17 0
730 763 1330679920566 720 800 17 0
730 763 1330679920596 720 800 17 0
735 766 1330679920626 720 800 17 0
738 771 1330679920656 720 800 17 0
739 782 1330679920686 720 800 17 0
736 789 1330679920716 720 800 17 0
731 798 1330679920746 720 800 17 0
729 803 1330679920776 720 800 17 0
728 806 1330679920806 720 800 17 0
727 806 1330679920836 720 800 17 0
727 806 1330679920866 720 800 17 0
726 806 1330679920896 720 800 17 0
725 805 1330679920926 720 800 17 1
724 804 1330679920956 720 800 17 1
722 802 1330679920986 720 800 17 1
720 802 1330679921016 720 800 17 1
719 802 1330679921046 720 800 17 1
719 802 1330679921076 720 800 17 1
719 802 1330679921106 720 800 17 1
719 802 1330679921136 720 800 17 1
719 802 1330679921166 720 800 17 1
719 802 1330679921196 720 800 17 1
719 802 1330679921226 720 800 17 1
719 802 1330679921256 720 800 17 1
719 802 1330679921286 720 800 17 1
719 802 1330679921316 720 800 17 1
719 802 1330679921346 720 800 17 1
719 802 1330679921376 720 800 17 1
719 802 1330679921406 720 800 17 1
719 802 1330679921436 720 800 17 1
719 802 1330679921466 720 800 17 1
719 802 1330679921496 720 800 17 1
719 802 1330679921526 720 800 17 1
719 802 1330679921556 720 800 17 1
719 802 1330679921586 720 800 17 1
719 802 1330679921616 720 800 17 1
719 802 1330679921646 720 800 17 1
719 802 1330679921676 720 800 17 1
719 802 1330679921706 720 800 17 1
719 802 1330679921736 720 800 17 1
719 802 1330679921766 720 800 17 1
719 802 1330679921796 720 800 17 1
719 802 1330679921826 720 800 17 1
719 802 1330679921856 720 800 17 1
719 802 1330679921886 720 800 17 1
719 802 1330679921916 720 800 17 1
719 802 1330679921946 320 800 12 0
719 802 1330679921976 320 800 12 0
719 802 1330679922006 320 800 12 0
719 802 1330679922036 320 800 12 0
719 802 1330679922066 320 800 12 0
719 802 1330679922096 320 800 12 0
719 802 1330679922126 320 800 12 0
719 802 1330679922156 320 800 12 0
715 802 1330679922186 320 800 12 0
704 803 1330679922216 320 800 12 0
678 803 1330679922246 320 800 12 0
637 801 1330679922276 320 800 12 0
588 796 1330679922306 320 800 12 0
537 791 1330679922336 320 800 12 0
492 788 1330679922366 320 800 12 0
459 786 1330679922396 320 800 12 0
438 786 1330679922426 320 800 12 0
422 786 1330679922456 320 800 12 0
411 788 1330679922486 320 800 12 0
402 792 1330679922516 320 800 12 0
391 799 1330679922546 320 800 12 0
375 806 1330679922576 320 800 12 0
360 809 1330679922606 320 800 12 0
349 809 1330679922636 320 800 12 0
341 806 1330679922666 320 800 12 0
336 802 1330679922696 320 800 12 0
336 799 1330679922726 320 800 12 0
335 798 1330679922756 320 800 12 0
335 798 1330679922786 320 800 12 0
335 798 1330679922816 320 800 12 0
335 798 1330679922846 320 800 12 0
335 798 1330679922876 320 800 12 0
330 803 1330679922906 320 800 12 0
323 807 1330679922936 320 800 12 0
317 810 1330679922966 320 800 12 0
316 810 1330679922996 320 800 12 0
316 810 1330679923026 320 800 12 0
316 810 1330679923056 320 800 12 0
316 810 1330679923086 320 800 12 0
316 810 1330679923116 320 800 12 0
317 805 1330679923146 320 800 12 0
318 803 1330679923176 320 800 12 0
320 802 1330679923206 320 800 12 1
320 802 1330679923236 320 800 12 1
320 802 1330679923266 320 800 12 1
320 802 1330679923296 320 800 12 1
321 801 1330679923326 320 800 12 1
322 800 1330679923356 320 800 12 1
322 800 1330679923386 320 800 12 1
322 799 1330679923416 320 800 12 1
322 799 1330679923446 320 800 12 1
322 799 1330679923476 320 800 12 1
322 799 1330679923506 320 800 12 1
322 799 1330679923536 320 800 12 1
322 799 1330679923566 320 800 12 1
322 799 1330679923596 320 800 12 1
322 799 1330679923626 320 800 12 1
322 799 1330679923656 320 800 12 1
322 799 1330679923686 320 800 12 1
322 799 1330679923716 320 800 12 1
322 799 1330679923746 320 800 12 1
322 799 1330679923776 320 800 12 1
322 799 1330679923806 320 800 12 1
322 799 1330679923836 320 800 12 1
322 799 1330679923866 320 800 12 1
322 799 1330679923896 320 800 12 1
322 799 1330679923926 320 800 12 1
322 799 1330679923956 320 800 12 1
322 799 1330679923986 320 800 12 1
322 799 1330679924016 320 800 12 1
322 799 1330679924046 320 800 12 1
322 799 1330679924076 320 800 12 1
322 799 1330679924106 320 800 12 1
322 799 1330679924136 320 800 12 1
322 799 1330679924166 320 800 12 1
322 799 1330679924196 720 800 12 0
322 799 1330679924226 720 800 12 0
322 799 1330679924256 720 800 12 0
322 799 1330679924286 720 800 12 0
322 799 1330679924316 720 800 12 0
322 799 1330679924346 720 800 12 0
322 799 1330679924376 720 800 12 0
322 799 1330679924406 720 800 12 0
329 800 1330679924436 720 800 12 0
350 800 1330679924466 720 800 12 0
388 796 1330679924496 720 800 12 0
442 787 1330679924526 720 800 12 0
505 782 1330679924556 720 800 12 0
566 784 1330679924586 720 800 12 0
619 791 1330679924616 720 800 12 0
648 797 1330679924646 720 800 12 0
678 805 1330679924676 720 800 12 0
692 809 1330679924706 720 800 12 0
701 811 1330679924736 720 800 12 0
702 811 1330679924766 720 800 12 0
703 812 1330679924796 720 800 12 0
703 812 1330679924826 720 800 12 0
705 809 1330679924856 720 800 12 0
708 806 1330679924886 720 800 12 0
713 802 1330679924916 720 800 12 0
715 802 1330679924946 720 800 12 0
715 802 1330679924976 720 800 12 0
715 802 1330679925006 720 800 12 0
715 802 1330679925036 720 800 12 0
715 802 1330679925066 720 800 12 0
715 802 1330679925096 720 800 12 0
715 802 1330679925126 720 800 12 0
715 802 1330679925156 720 800 12 0
719 801 1330679925186 720 800 12 1
723 801 1330679925216 720 800 12 0
723 801 1330679925246 720 800 12 0
724 801 1330679925276 720 800 12 0
724 801 1330679925306 720 800 12 0
724 801 1330679925336 720 800 12 0
724 801 1330679925366 720 800 12 0
724 801 1330679925396 720 800 12 0
723 800 1330679925426 720 800 12 0
722 801 1330679925456 720 800 12 1
722 801 1330679925486 720 800 12 1
721 801 1330679925516 720 800 12 1
719 800 1330679925546 720 800 12 1
718 800 1330679925576 720 800 12 1
718 800 1330679925606 720 800 12 1
718 800 1330679925636 720 800 12 1
718 800 1330679925666 720 800 12 1
718 800 1330679925696 720 800 12 1
718 800 1330679925726 720 800 12 1
718 800 1330679925756 720 800 12 1
718 800 1330679925786 720 800 12 1
718 800 1330679925816 720 800 12 1
718 800 1330679925846 720 800 12 1
718 800 1330679925876 720 800 12 1
718 800 1330679925906 720 800 12 1
718 800 1330679925936 720 800 12 1
718 800 1330679925966 720 800 12 1
718 800 1330679925996 720 800 12 1
718 800 1330679926026 720 800 12 1
718 800 1330679926056 720 800 12 1
718 800 1330679926086 720 800 12 1
718 800 1330679926116 720 800 12 1
718 800 1330679926146 720 800 12 1
718 800 1330679926176 720 800 12 1
718 800 1330679926206 720 800 12 1
718 800 1330679926236 720 800 12 1
718 800 1330679926266 720 800 12 1
718 800 1330679926296 720 800 12 1
718 800 1330679926326 720 800 12 1
718 800 1330679926356 720 800 12 1
718 800 1330679926386 720 800 12 1
718 800 1330679926416 720 800 12 1
718 800 1330679926446 720 800 12 1
718 800 1330679926476 720 800 12 1
718 800 1330679926506 437 517 12 0
718 800 1330679926536 437 517 12 0
718 800 1330679926566 437 517 12 0
718 800 1330679926596 437 517 12 0
718 800 1330679926626 437 517 12 0
718 800 1330679926656 437 517 12 0
718 800 1330679926686 437 517 12 0
718 800 1330679926716 437 517 12 0
718 800 1330679926746 437 517 12 0
718 800 1330679926776 437 517 12 0
712 799 1330679926806 437 517 12 0
700 794 1330679926836 437 517 12 0
691 786 1330679926866 437 517 12 0
669 764 1330679926896 437 517 12 0
644 741 1330679926926 437 517 12 0
616 715 1330679926956 437 517 12 0
586 689 1330679926986 437 517 12 0
560 666 1330679927016 437 517 12 0
535 645 1330679927046 437 517 12 0
510 626 1330679927076 437 517 12 0
488 609 1330679927106 437 517 12 0
469 593 1330679927136 437 517 12 0
456 581 1330679927166 437 517 12 0
441 557 1330679927196 437 517 12 0
435 544 1330679927226 437 517 12 0
427 524 1330679927256 437 517 12 0
422 511 1330679927286 437 517 12 0
420 504 1330679927316 437 517 12 0
418 501 1330679927346 437 517 12 0
418 501 1330679927376 437 517 12 0
418 501 1330679927406 437 517 12 0
429 506 1330679927436 437 517 12 0
436 507 1330679927466 437 517 12 0
440 510 1330679927496 437 517 12 0
440 512 1330679927526 437 517 12 0
440 512 1330679927556 437 517 12 0
440 512 1330679927586 437 517 12 0
439 513 1330679927616 437 517 12 0
438 512 1330679927646 437 517 12 0
437 512 1330679927676 437 517 12 0
436 513 1330679927706 437 517 12 0
436 513 1330679927736 437 517 12 0
436 513 1330679927766 437 517 12 0
436 513 1330679927796 437 517 12 0
435 514 1330679927826 437 517 12 0
435 514 1330679927856 437 517 12 0
435 514 1330679927886 437 517 12 0
435 514 1330679927916 437 517 12 0
435 514 1330679927946 437 517 12 0
436 515 1330679927976 437 517 12 1
436 515 1330679928006 437 517 12 1
436 515 1330679928036 437 517 12 1
437 516 1330679928066 437 517 12 1
437 516 1330679928096 437 517 12 1
437 516 1330679928126 437 517 12 1
437 516 1330679928156 437 517 12 1
437 516 1330679928186 437 517 12 1
437 516 1330679928216 437 517 12 1
437 516 1330679928246 437 517 12 1
437 516 1330679928276 437 517 12 1
437 516 1330679928306 437 517 12 1
437 516 1330679928336 437 517 12 1
437 516 1330679928366 437 517 12 1
437 516 1330679928396 437 517 12 1
437 516 1330679928426 437 517 12 1
437 516 1330679928456 437 517 12 1
437 516 1330679928486 437 517 12 1
437 516 1330679928516 437 517 12 1
437 516 1330679928546 437 517 12 1
437 516 1330679928576 437 517 12 1
437 516 1330679928606 437 517 12 1
437 516 1330679928636 437 517 12 1
437 516 1330679928666 437 517 12 1
437 516 1330679928696 437 517 12 1
437 516 1330679928726 437 517 12 1
437 516 1330679928756 437 517 12 1
437 516 1330679928786 437 517 12 1
437 516 1330679928816 437 517 12 1
437 516 1330679928846 437 517 12 1
437 516 1330679928876 437 517 12 1
437 516 1330679928906 437 517 12 1
437 516 1330679928936 437 517 12 1
437 516 1330679928966 437 517 12 1
437 516 1330679928996 720 800 12 0
437 516 1330679929026 720 800 12 0
437 516 1330679929056 720 800 12 0
437 516 1330679929086 720 800 12 0
437 516 1330679929116 720 800 12 0
437 516 1330679929146 720 800 12 0
437 516 1330679929176 720 800 12 0
437 516 1330679929206 720 800 12 0
437 516 1330679929236 720 800 12 0
439 519 1330679929266 720 800 12 0
447 526 1330679929296 720 800 12 0
457 533 1330679929326 720 800 12 0
480 551 1330679929356 720 800 12 0
503 571 1330679929386 720 800 12 0
527 595 1330679929416 720 800 12 0
551 622 1330679929446 720 800 12 0
575 652 1330679929476 720 800 12 0
598 683 1330679929506 720 800 12 0
622 714 1330679929536 720 800 12 0
648 744 1330679929566 720 800 12 0
674 772 1330679929596 720 800 12 0
691 789 1330679929626 720 800 12 0
713 812 1330679929656 720 800 12 0
720 821 1330679929686 720 800 12 0
722 824 1330679929716 720 800 12 0
723 825 1330679929746 720 800 12 0
722 824 1330679929776 720 800 12 0
720 818 1330679929806 720 800 12 0
720 813 1330679929836 720 800 12 0
719 806 1330679929866 720 800 12 0
718 802 1330679929896 720 800 12 0
717 799 1330679929926 720 800 12 0
716 798 1330679929956 720 800 12 0
716 798 1330679929986 720 800 12 0
716 798 1330679930016 720 800 12 0
716 799 1330679930046 720 800 12 0
716 799 1330679930076 720 800 12 0
716 799 1330679930106 720 800 12 0
716 799 1330679930136 720 800 12 0
716 799 1330679930166 720 800 12 0
718 800 1330679930196 720 800 12 1
721 801 1330679930226 720 800 12 1
723 801 1330679930256 720 800 12 0
723 801 1330679930286 720 800 12 0
723 801 1330679930316 720 800 12 0
723 801 1330679930346 720 800 12 0
723 801 1330679930376 720 800 12 0
723 801 1330679930406 720 800 12 0
723 801 1330679930436 720 800 12 0
723 801 1330679930466 720 800 12 0
723 801 1330679930496 720 800 12 0
723 801 1330679930526 720 800 12 0
723 801 1330679930556 720 800 12 0
721 801 1330679930586 720 800 12 1
719 801 1330679930616 720 800 12 1
718 801 1330679930646 720 800 12 1
718 801 1330679930676 720 800 12 1
718 801 1330679930706 720 800 12 1
718 801 1330679930736 720 800 12 1
718 801 1330679930766 720 800 12 1
718 801 1330679930796 720 800 12 1
718 801 1330679930826 720 800 12 1
718 801 1330679930856 720 800 12 1
718 801 1330679930886 720 800 12 1
718 801 1330679930916 720 800 12 1
718 801 1330679930946 720 800 12 1
718 801 1330679930976 720 800 12 1
718 801 1330679931006 720 800 12 1
718 801 1330679931036 720 800 12 1
718 801 1330679931066 720 800 12 1
718 801 1330679931096 720 800 12 1
718 801 1330679931126 720 800 12 1
718 801 1330679931156 720 800 12 1
718 801 1330679931186 720 800 12 1
718 801 1330679931216 720 800 12 1
718 801 1330679931246 720 800 12 1
718 801 1330679931276 720 800 12 1
718 801 1330679931306 720 800 12 1
718 801 1330679931336 720 800 12 1
718 801 1330679931366 720 800 12 1
718 801 1330679931396 720 800 12 1
718 801 1330679931426 720 800 12 1
718 801 1330679931456 720 800 12 1
718 801 1330679931486 720 800 12 1
718 801 1330679931516 720 800 12 1
718 801 1330679931546 720 800 12 1
718 801 1330679931576 720 800 12 1
718 801 1330679931606 720 400 12 0
718 801 1330679931636 720 400 12 0
718 801 1330679931666 720 400 12 0
718 801 1330679931696 720 400 12 0
718 801 1330679931726 720 400 12 0
718 801 1330679931756 720 400 12 0
718 801 1330679931786 720 400 12 0
718 801 1330679931816 720 400 12 0
718 799 1330679931846 720 400 12 0
722 788 1330679931876 720 400 12 0
728 766 1330679931906 720 400 12 0
733 734 1330679931936 720 400 12 0
733 705 1330679931966 720 400 12 0
727 651 1330679931996 720 400 12 0
721 609 1330679932026 720 400 12 0
715 571 1330679932056 720 400 12 0
710 537 1330679932086 720 400 12 0
707 516 1330679932116 720 400 12 0
707 487 1330679932146 720 400 12 0
706 473 1330679932176 720 400 12 0
710 455 1330679932206 720 400 12 0
712 449 1330679932236 720 400 12 0
716 441 1330679932266 720 400 12 0
716 436 1330679932296 720 400 12 0
716 426 1330679932326 720 400 12 0
716 418 1330679932356 720 400 12 0
715 408 1330679932386 720 400 12 0
714 403 1330679932416 720 400 12 0
713 396 1330679932446 720 400 12 0
713 393 1330679932476 720 400 12 0
713 393 1330679932506 720 400 12 0
713 393 1330679932536 720 400 12 0
716 394 1330679932566 720 400 12 0
718 395 1330679932596 720 400 12 0
721 397 1330679932626 720 400 12 0
721 400 1330679932656 720 400 12 1
722 401 1330679932686 720 400 12 1
722 401 1330679932716 720 400 12 1
722 401 1330679932746 720 400 12 1
722 401 1330679932776 720 400 12 1
722 401 1330679932806 720 400 12 1
722 400 1330679932836 720 400 12 1
722 400 1330679932866 720 400 12 1
722 400 1330679932896 720 400 12 1
722 400 1330679932926 720 400 12 1
722 400 1330679932956 720 400 12 1
722 400 1330679932986 720 400 12 1
722 400 1330679933016 720 400 12 1
722 400 1330679933046 720 400 12 1
722 400 1330679933076 720 400 12 1
722 400 1330679933106 720 400 12 1
722 400 1330679933136 720 400 12 1
722 400 1330679933166 720 400 12 1
722 400 1330679933196 720 400 12 1
722 400 1330679933226 720 400 12 1
722 400 1330679933256 720 400 12 1
722 400 1330679933286 720 400 12 1
722 400 1330679933316 720 400 12 1
722 400 1330679933346 720 400 12 1
722 400 1330679933376 720 400 12 1
722 400 1330679933406 720 400 12 1
722 400 1330679933436 720 400 12 1
722 400 1330679933466 720 400 12 1
722 400 1330679933496 720 400 12 1
722 400 1330679933526 720 400 12 1
722 400 1330679933556 720 400 12 1
722 400 1330679933586 720 400 12 1
722 400 1330679933616 720 400 12 1
722 400 1330679933646 720 800 12 0
722 400 1330679933676 720 800 12 0
721 399 1330679933706 720 800 12 0
721 399 1330679933736 720 800 12 0
721 399 1330679933766 720 800 12 0
721 399 1330679933796 720 800 12 0
721 399 1330679933826 720 800 12 0
721 399 1330679933856 720 800 12 0
721 399 1330679933886 720 800 12 0
720 405 1330679933916 720 800 12 0
719 413 1330679933946 720 800 12 0
718 433 1330679933976 720 800 12 0
717 449 1330679934006 720 800 12 0
718 483 1330679934036 720 800 12 0
718 515 1330679934066 720 800 12 0
715 551 1330679934096 720 800 12 0
713 587 1330679934126 720 800 12 0
712 622 1330679934156 720 800 12 0
711 657 1330679934186 720 800 12 0
709 690 1330679934216 720 800 12 0
709 713 1330679934246 720 800 12 0
709 746 1330679934276 720 800 12 0
711 767 1330679934306 720 800 12 0
714 780 1330679934336 720 800 12 0
716 790 1330679934366 720 800 12 0
719 795 1330679934396 720 800 12 0
722 800 1330679934426 720 800 12 1
722 800 1330679934456 720 800 12 1
722 800 1330679934486 720 800 12 1
722 799 1330679934516 720 800 12 1
722 798 1330679934546 720 800 12 0
722 797 1330679934576 720 800 12 0
722 797 1330679934606 720 800 12 0
722 797 1330679934636 720 800 12 0
722 797 1330679934666 720 800 12 0
722 797 1330679934696 720 800 12 0
722 797 1330679934726 720 800 12 0
722 797 1330679934756 720 800 12 0
721 799 1330679934786 720 800 12 1
720 801 1330679934816 720 800 12 1
719 802 1330679934846 720 800 12 1
719 802 1330679934876 720 800 12 1
719 802 1330679934906 720 800 12 1
719 802 1330679934936 720 800 12 1
719 802 1330679934966 720 800 12 1
719 802 1330679934996 720 800 12 1
719 802 1330679935026 720 800 12 1
719 802 1330679935056 720 800 12 1
719 802 1330679935086 720 800 12 1
719 802 1330679935116 720 800 12 1
719 802 1330679935146 720 800 12 1
719 802 1330679935176 720 800 12 1
719 802 1330679935206 720 800 12 1
719 802 1330679935236 720 800 12 1
720 801 1330679935266 720 800 12 1
720 801 1330679935296 720 800 12 1
720 801 1330679935326 720 800 12 1
720 801 1330679935356 720 800 12 1
720 801 1330679935386 720 800 12 1
720 801 1330679935416 720 800 12 1
720 801 1330679935446 720 800 12 1
720 801 1330679935476 720 800 12 1
720 801 1330679935506 720 800 12 1
720 801 1330679935536 720 800 12 1
720 801 1330679935566 720 800 12 1
720 801 1330679935596 720 800 12 1
720 801 1330679935626 720 800 12 1
720 801 1330679935656 720 800 12 1
720 801 1330679935686 720 800 12 1
720 801 1330679935716 720 800 12 1
720 801 1330679935746 720 800 12 1
720 801 1330679935776 720 800 12 1
720 801 1330679935806 1003 517 12 0
720 801 1330679935836 1003 517 12 0
720 801 1330679935866 1003 517 12 0
720 801 1330679935896 1003 517 12 0
720 801 1330679935926 1003 517 12 0
720 801 1330679935956 1003 517 12 0
720 801 1330679935986 1003 517 12 0
720 801 1330679936016 1003 517 12 0
722 801 1330679936046 1003 517 12 0
729 797 1330679936076 1003 517 12 0
739 792 1330679936106 1003 517 12 0
764 775 1330679936136 1003 517 12 0
793 751 1330679936166 1003 517 12 0
825 723 1330679936196 1003 517 12 0
858 690 1330679936226 1003 517 12 0
890 656 1330679936256 1003 517 12 0
920 622 1330679936286 1003 517 12 0
945 592 1330679936316 1003 517 12 0
967 566 1330679936346 1003 517 12 0
985 546 1330679936376 1003 517 12 0
995 535 1330679936406 1003 517 12 0
1005 522 1330679936436 1003 517 12 0
1010 516 1330679936466 1003 517 12 0
1014 511 1330679936496 1003 517 12 0
1014 509 1330679936526 1003 517 12 0
1014 509 1330679936556 1003 517 12 0
1014 509 1330679936586 1003 517 12 0
1011 512 1330679936616 1003 517 12 0
1005 516 1330679936646 1003 517 12 1
1003 518 1330679936676 1003 517 12 1
1003 518 1330679936706 1003 517 12 1
1003 518 1330679936736 1003 517 12 1
1003 518 1330679936766 1003 517 12 1
1003 518 1330679936796 1003 517 12 1
1003 518 1330679936826 1003 517 12 1
1003 518 1330679936856 1003 517 12 1
1003 518 1330679936886 1003 517 12 1
1003 518 1330679936916 1003 517 12 1
1003 518 1330679936946 1003 517 12 1
1003 518 1330679936976 1003 517 12 1
1003 518 1330679937006 1003 517 12 1
1003 518 1330679937036 1003 517 12 1
1003 518 1330679937066 1003 517 12 1
1003 518 1330679937096 1003 517 12 1
1003 518 1330679937126 1003 517 12 1
1003 518 1330679937156 1003 517 12 1
1003 518 1330679937186 1003 517 12 1
1003 518 1330679937216 1003 517 12 1
1003 518 1330679937246 1003 517 12 1
1003 518 1330679937276 1003 517 12 1
1003 518 1330679937306 1003 517 12 1
1003 518 1330679937336 1003 517 12 1
1003 518 1330679937366 1003 517 12 1
1003 518 1330679937396 1003 517 12 1
1003 518 1330679937426 1003 517 12 1
1003 518 1330679937456 1003 517 12 1
1003 518 1330679937486 1003 517 12 1
1003 518 1330679937516 1003 517 12 1
1003 518 1330679937546 1003 517 12 1
1003 518 1330679937576 1003 517 12 1
1003 518 1330679937606 1003 517 12 1
1003 518 1330679937636 1003 517 12 1
1003 518 1330679937666 720 800 12 0
1003 518 1330679937696 720 800 12 0
1003 518 1330679937726 720 800 12 0
1003 518 1330679937756 720 800 12 0
1003 518 1330679937786 720 800 12 0
1003 518 1330679937816 720 800 12 0
1003 518 1330679937846 720 800 12 0
1003 518 1330679937876 720 800 12 0
1003 518 1330679937906 720 800 12 0
1003 518 1330679937936 720 800 12 0
999 521 1330679937966 720 800 12 0
986 533 1330679937996 720 800 12 0
965 550 1330679938026 720 800 12 0
941 570 1330679938056 720 800 12 0
909 595 1330679938086 720 800 12 0
872 622 1330679938116 720 800 12 0
836 649 1330679938146 720 800 12 0
804 677 1330679938176 720 800 12 0
774 704 1330679938206 720 800 12 0
749 729 1330679938236 720 800 12 0
732 749 1330679938266 720 800 12 0
720 766 1330679938296 720 800 12 0
713 780 1330679938326 720 800 12 0
712 788 1330679938356 720 800 12 0
713 793 1330679938386 720 800 12 0
713 796 1330679938416 720 800 12 0
714 797 1330679938446 720 800 12 0
714 798 1330679938476 720 800 12 0
714 799 1330679938506 720 800 12 0
714 799 1330679938536 720 800 12 0
719 798 1330679938566 720 800 12 1
722 796 1330679938596 720 800 12 0
723 795 1330679938626 720 800 12 0
723 795 1330679938656 720 800 12 0
723 795 1330679938686 720 800 12 0
723 795 1330679938716 720 800 12 0
723 795 1330679938746 720 800 12 0
723 795 1330679938776 720 800 12 0
723 795 1330679938806 720 800 12 0
723 798 1330679938836 720 800 12 0
722 799 1330679938866 720 800 12 1
722 800 1330679938896 720 800 12 1
722 800 1330679938926 720 800 12 1
722 800 1330679938956 720 800 12 1
722 800 1330679938986 720 800 12 1
722 800 1330679939016 720 800 12 1
722 800 1330679939046 720 800 12 1
722 800 1330679939076 720 800 12 1
722 800 1330679939106 720 800 12 1
722 800 1330679939136 720 800 12 1
722 800 1330679939166 720 800 12 1
722 800 1330679939196 720 800 12 1
722 800 1330679939226 720 800 12 1
722 800 1330679939256 720 800 12 1
722 800 1330679939286 720 800 12 1
722 800 1330679939316 720 800 12 1
722 800 1330679939346 720 800 12 1
722 800 1330679939376 720 800 12 1
722 800 1330679939406 720 800 12 1
722 800 1330679939436 720 800 12 1
722 800 1330679939466 720 800 12 1
722 800 1330679939496 720 800 12 1
722 800 1330679939526 720 800 12 1
722 800 1330679939556 720 800 12 1
722 800 1330679939586 720 800 12 1
722 800 1330679939616 720 800 12 1
722 800 1330679939646 720 800 12 1
722 800 1330679939676 720 800 12 1
722 800 1330679939706 720 800 12 1
722 800 1330679939736 720 800 12 1
722 800 1330679939766 720 800 12 1
722 800 1330679939796 720 800 12 1
722 800 1330679939826 720 800 12 1
722 800 1330679939856 720 800 12 1
722 800 1330679939886 1120 800 12 0
722 800 1330679939916 1120 800 12 0
722 800 1330679939946 1120 800 12 0
722 800 1330679939976 1120 800 12 0
722 800 1330679940006 1120 800 12 0
722 800 1330679940036 1120 800 12 0
722 800 1330679940066 1120 800 12 0
724 800 1330679940096 1120 800 12 0
739 798 1330679940126 1120 800 12 0
768 795 1330679940156 1120 800 12 0
812 790 1330679940186 1120 800 12 0
861 788 1330679940216 1120 800 12 0
907 787 1330679940246 1120 800 12 0
947 787 1330679940276 1120 800 12 0
980 787 1330679940306 1120 800 12 0
1007 787 1330679940336 1120 800 12 0
1034 787 1330679940366 1120 800 12 0
1058 785 1330679940396 1120 800 12 0
1076 784 1330679940426 1120 800 12 0
1089 785 1330679940456 1120 800 12 0
1097 788 1330679940486 1120 800 12 0
1102 791 1330679940516 1120 800 12 0
1106 795 1330679940546 1120 800 12 0
1108 799 1330679940576 1120 800 12 0
1108 800 1330679940606 1120 800 12 0
1109 802 1330679940636 1120 800 12 0
1109 803 1330679940666 1120 800 12 0
1110 804 1330679940696 1120 800 12 0
1111 803 1330679940726 1120 800 12 0
1117 803 1330679940756 1120 800 12 0
1120 803 1330679940786 1120 800 12 0
1121 802 1330679940816 1120 800 12 1
1121 802 1330679940846 1120 800 12 1
1121 802 1330679940876 1120 800 12 1
1121 802 1330679940906 1120 800 12 1
1121 802 1330679940936 1120 800 12 1
1121 802 1330679940966 1120 800 12 1
1121 802 1330679940996 1120 800 12 1
1121 802 1330679941026 1120 800 12 1
1121 802 1330679941056 1120 800 12 1
1121 802 1330679941086 1120 800 12 1
1121 802 1330679941116 1120 800 12 1
1121 802 1330679941146 1120 800 12 1
1121 802 1330679941176 1120 800 12 1
1121 802 1330679941206 1120 800 12 1
1121 802 1330679941236 1120 800 12 1
1121 802 1330679941266 1120 800 12 1
1121 802 1330679941296 1120 800 12 1
1121 802 1330679941326 1120 800 12 1
1121 801 1330679941356 1120 800 12 1
1121 801 1330679941386 1120 800 12 1
1121 801 1330679941416 1120 800 12 1
1121 801 1330679941446 1120 800 12 1
1121 801 1330679941476 1120 800 12 1
1121 801 1330679941506 1120 800 12 1
1121 800 1330679941536 1120 800 12 1
1121 800 1330679941566 1120 800 12 1
1121 800 1330679941596 1120 800 12 1
1121 800 1330679941626 1120 800 12 1
1121 800 1330679941656 1120 800 12 1
1121 800 1330679941686 1120 800 12 1
1121 800 1330679941716 1120 800 12 1
1121 800 1330679941746 1120 800 12 1
1121 800 1330679941776 1120 800 12 1
1121 800 1330679941806 1120 800 12 1
1121 800 1330679941836 720 800 12 0
1121 800 1330679941866 720 800 12 0
1121 800 1330679941896 720 800 12 0
1121 800 1330679941926 720 800 12 0
1121 800 1330679941956 720 800 12 0
1121 800 1330679941986 720 800 12 0
1121 800 1330679942016 720 800 12 0
1121 800 1330679942046 720 800 12 0
1118 800 1330679942076 720 800 12 0
1102 800 1330679942106 720 800 12 0
1064 797 1330679942136 720 800 12 0
1014 791 1330679942166 720 800 12 0
957 786 1330679942196 720 800 12 0
893 784 1330679942226 720 800 12 0
832 783 1330679942256 720 800 12 0
779 784 1330679942286 720 800 12 0
734 788 1330679942316 720 800 12 0
706 791 1330679942346 720 800 12 0
699 790 1330679942376 720 800 12 0
701 789 1330679942406 720 800 12 0
709 789 1330679942436 720 800 12 0
718 790 1330679942466 720 800 12 0
721 793 1330679942496 720 800 12 0
721 798 1330679942526 720 800 12 1
720 803 1330679942556 720 800 12 0
722 806 1330679942586 720 800 12 0
725 807 1330679942616 720 800 12 0
725 807 1330679942646 720 800 12 0
725 807 1330679942676 720 800 12 0
725 806 1330679942706 720 800 12 0
724 804 1330679942736 720 800 12 0
724 803 1330679942766 720 800 12 0
723 802 1330679942796 720 800 12 0
722 801 1330679942826 720 800 12 1
722 801 1330679942856 720 800 12 1
722 801 1330679942886 720 800 12 1
722 801 1330679942916 720 800 12 1
722 801 1330679942946 720 800 12 1
722 801 1330679942976 720 800 12 1
722 801 1330679943006 720 800 12 1
722 801 1330679943036 720 800 12 1
722 801 1330679943066 720 800 12 1
722 801 1330679943096 720 800 12 1
722 801 1330679943126 720 800 12 1
722 801 1330679943156 720 800 12 1
722 801 1330679943186 720 800 12 1
722 801 1330679943216 720 800 12 1
722 801 1330679943246 720 800 12 1
722 801 1330679943276 720 800 12 1
722 801 1330679943306 720 800 12 1
722 801 1330679943336 720 800 12 1
722 801 1330679943366 720 800 12 1
722 801 1330679943396 720 800 12 1
722 801 1330679943426 720 800 12 1
722 801 1330679943456 720 800 12 1
721 800 1330679943486 720 800 12 1
721 800 1330679943516 720 800 12 1
721 800 1330679943546 720 800 12 1
721 800 1330679943576 720 800 12 1
721 800 1330679943606 720 800 12 1
721 800 1330679943636 720 800 12 1
721 800 1330679943666 720 800 12 1
721 800 1330679943696 720 800 12 1
721 800 1330679943726 720 800 12 1
721 800 1330679943756 720 800 12 1
721 800 1330679943786 720 800 12 1
721 800 1330679943816 720 800 12 1
